Date,CO_oil1,CO_gold,CO_grains,CO_silver,CO_gasoline,CO_nat_gas,CO_oil2,EQ_mid_cap,EQ_small_cap,EQ_deved_intl,EQ_deving_intl,EQ_large_cap,FI_deved_intl,FI_deving_intl,FI_HY,FI_IG_mid,FI_IG_long,FI_IG_short,FI_treas_long,FI_treas_short
6/4/2013,25.860001,135.229996,52.439999,21.77,56.220001,85.239998,33.200001,213.669998,43.645,26.629999,32.049999,163.559998,50.299999,31.25,120.839996,34.279999,26.053333,30.719999,33.169998,30.18
6/5/2013,25.85,135.520004,52.200001,21.780001,56.259998,85.400002,33.259998,210.580002,43.195,26.139999,31.504999,161.270004,50.360001,31.02,119.910004,34.23,26.1,30.719999,33.514999,30.049999
6/6/2013,26.09,136.529999,52.220001,21.93,56.759998,82.360001,33.619999,213.330002,43.43,26.24,31.635,162.729996,50.290001,31.030001,120.75,34.200001,26.16,30.74,33.5,30.110001
6/7/2013,26.43,133.279999,52.200001,20.860001,57.240002,81.720001,34.16,215.279999,43.915001,26.49,31.635,164.800003,50.189999,30.860001,120.720001,34.150002,26.059999,30.74,33,30.049999
6/10/2013,26.360001,133.940002,51.389999,21.16,56.700001,81.120003,34,215.449997,44.060001,26.549999,31.26,164.800003,49.830002,30.459999,120.779999,34.080002,25.813334,30.73,32.810001,30.18
6/11/2013,26.209999,133.25,52.060001,20.91,56.139999,79.599998,33.790001,212.639999,43.695,26.129999,30.645,163.100006,49.82,30.129999,120.089996,34.02,25.906666,30.709999,33.130001,30.17
6/12/2013,26.33,134.25,51.34,21.02,55.900002,80.519997,34.029999,210.830002,43.285,26.1,30.434999,161.75,50.02,30.190001,119.669998,33.91,25.719999,30.73,32.805,30.190001
6/13/2013,26.5,133.740005,51.07,21.040001,57.009998,81.400002,34.330002,214.690002,44.005001,26.57,30.825001,164.210007,49.849998,30.68,120.93,34.099998,25.82,30.719999,33.195,30.190001
6/14/2013,26.73,134.429993,50.889999,21.33,57.630001,79.879997,34.740002,213.820007,43.73,26.219999,30.49,163.179993,49.970001,30.74,120.660004,34.150002,25.92,30.700001,33.224998,30.120001
6/17/2013,26.809999,133.770004,51.09,21.1,57.040001,82.800003,34.759998,215.130005,43.91,26.6,30.805,164.440002,50.009998,30.66,120.959999,34.139999,25.746666,30.719999,33.040001,30.07
6/18/2013,26.9,132.130005,51.52,20.879999,57.529999,83.279999,34.959999,217.039993,44.48,26.77,30.764999,165.740005,49.93,30.450001,121.260002,34.119999,25.773333,30.709999,33.035,30.120001
6/19/2013,26.790001,130.589996,52.669998,20.6,57.529999,84.199997,34.779999,213.429993,43.965,26.309999,30.105,163.449997,49.810001,29.879999,119.730003,33.889999,25.346666,30.65,32.900002,30.120001
6/20/2013,25.799999,123.599998,51.970001,18.969999,55.41,82.800003,33.630001,207.710007,42.73,25.379999,28.665001,159.399994,49.650002,29.08,118.470001,33.599998,24.866667,30.59,32.209999,29.92
6/21/2013,25.43,125.050003,51.509998,19.389999,54.919998,80.879997,33.23,206.850006,42.799999,25.040001,28.844999,159.070007,49.549999,29.129999,117.419998,33.5,24.58,30.629999,31.709999,29.959999
6/24/2013,25.49,123.93,50.759998,18.969999,54.48,79.879997,33.639999,204.520004,42.310001,24.559999,28.174999,157.059998,49.529999,28.790001,116.099998,33.290001,24.48,30.66,31.790001,29.959999
6/25/2013,25.66,123.470001,50.650002,18.91,54.43,78.199997,33.740002,207.089996,42.759998,24.879999,28.785,158.570007,49.369999,29.25,117.540001,33.380001,24.473333,30.65,31.530001,29.959999
6/26/2013,25.690001,118.279999,50.380001,17.889999,54.34,79.32,33.799999,208.380005,42.849998,24.91,29.115,160.139999,49.349998,29.4,118.139999,33.52,24.673334,30.620001,31.700001,29.959999
6/27/2013,26.030001,115.940002,50.169998,17.889999,54.380001,76.199997,34.330002,211.380005,43.610001,25.219999,29.709999,161.080002,49.470001,29.780001,118.860001,33.610001,24.92,30.639999,32.035,29.959999
6/28/2013,25.92,119.110001,48.669998,18.969999,54.259998,75.800003,34.18,210.100006,43.41,25.129999,29.805,160.419998,49.41,29.65,118.470001,33.59,25.166666,30.59,32.080002,29.889999
7/1/2013,26.139999,121.129997,48.049999,18.93,54.91,75.919998,34.669998,213.179993,43.939999,25.309999,30.01,161.360001,49.459999,29.799999,118.349998,33.610001,25.253334,30.610001,32.220001,29.99
7/2/2013,26.33,120.050003,48.060001,18.68,55.59,77.360001,35.209999,212.910004,44.105,25.26,29.51,161.210007,49.419998,29.809999,118.050003,33.650002,25.166666,30.6,32.259998,29.91
7/3/2013,25.709999,120.739998,48.330002,19.02,56.779999,76.959999,35.84,212.979996,44.32,25.23,29.424999,161.279999,49.580002,29.780001,118.5,33.619999,25.153334,30.58,32.145,29.91
7/5/2013,26.83,118.089996,47.610001,18.209999,57.900002,76.599998,36.560001,215.820007,44.790001,25.379999,29.155001,163.020004,49.34,29.469999,116.970001,33.360001,24.453333,30.52,31.084999,29.83
7/8/2013,26.82,119.510002,48.240002,18.42,57.470001,78.879997,36.41,216.169998,44.985001,25.48,29.145,163.949997,49.490002,29.370001,118.470001,33.419998,24.66,30.59,31.405001,29.99
7/9/2013,26.91,120.620003,49.619999,18.57,58.610001,77.639999,36.77,218.479996,45.384998,25.639999,29.370001,165.130005,49.529999,29.700001,118.440002,33.459999,24.886667,30.58,31.375,29.870001
7/10/2013,26.940001,120.949997,49.75,18.48,60,77.720001,37.43,218.589996,45.564999,25.709999,29.445,165.190002,49.549999,29.6,119.040001,33.490002,24.719999,30.58,31.174999,29.99
7/11/2013,27.040001,124.239998,50.150002,19.49,60.759998,76.639999,37.009998,221.410004,45.994999,26.4,30.48,167.440002,49.619999,29.969999,120.389999,33.630001,25.013334,30.6,31.514999,29.99
7/12/2013,27.33,124.129997,49.139999,19.209999,62.380001,77.120003,37.560001,221.779999,46.095001,26.27,30.275,167.509995,49.57,29.860001,120.419998,33.599998,24.993334,30.610001,31.389999,30.030001
7/15/2013,27.290001,124.18,48.669998,19.280001,62.200001,77.760002,37.669998,223,46.314999,26.389999,30.68,168.149994,49.549999,30.08,120.900002,33.689999,25.193333,30.549999,31.620001,30.27
7/16/2013,27.27,124.889999,49.34,19.33,62.599998,77.919998,37.48,221.229996,46.014999,26.43,30.66,167.520004,49.650002,30.200001,120.599998,33.73,25.133333,30.58,31.74,29.92
7/17/2013,27.41,123.32,48.98,18.66,62.099998,76.919998,37.799999,222.259995,46.209999,26.5,30.915001,167.949997,49.700001,30.450001,121.379997,33.779999,25.233334,30.58,31.825001,30.049999
7/18/2013,27.469999,124.010002,48.689999,18.719999,62.419998,80.519997,38.34,224.25,46.59,26.65,30.715,168.869995,49.68,30.379999,122.190002,33.73,25.1,30.610001,31.525,29.959999
7/19/2013,27.299999,125.110001,49.02,18.879999,62.720001,80.160004,38.450001,224.559998,46.615002,26.629999,30.594999,169.169998,49.5,30.4,122.129997,33.84,25.266666,30.620001,31.889999,30.02
7/22/2013,27.24,128.839996,49,19.77,61.740002,78.199997,37.919998,225.320007,46.755001,26.77,30.855,169.5,49.650002,30.440001,122.400002,33.889999,25.4,30.65,31.92,30.08
7/23/2013,27.33,129.710007,47.900002,19.77,61.98,79.160004,38.09,225.339996,46.665001,26.85,31.184999,169.139999,49.740002,30.48,122.040001,33.880001,25.346666,30.65,31.795,30.049999
7/24/2013,27.120001,127.480003,47.290001,19.469999,61.799999,78.559998,37.400002,223.630005,46.34,26.780001,30.84,168.520004,49.619999,30.33,121.169998,33.779999,25.186666,30.620001,31.459999,30.02
7/25/2013,27.4,128.669998,46.259998,19.5,61.369999,77.480003,37.580002,224.509995,46.66,26.82,31.045,168.929993,49.560001,30.299999,120.959999,33.790001,25.113333,30.66,31.495001,30.040001
7/26/2013,27.209999,128.779999,46.23,19.32,61.52,75.760002,37.209999,223.289993,46.455002,26.629999,30.955,169.110001,49.700001,30.15,121.169998,33.779999,25.173334,30.66,31.584999,30.040001
7/29/2013,27.280001,128.470001,46.049999,19.139999,60.98,73.800003,37.130001,222.669998,46.134998,26.459999,30.645,168.589996,49.619999,30.18,120.629997,33.790001,25.106667,30.66,31.35,30.040001
7/30/2013,27.15,128.119995,46.25,19.030001,60.82,72.959999,36.669998,223.130005,46.27,26.389999,30.475,168.589996,49.599998,30.1,120.449997,33.790001,25.093334,30.65,31.360001,30.040001
7/31/2013,27.280001,127.959999,46.5,19.139999,61.299999,72.839996,37.360001,224.110001,46.41,26.459999,30.504999,168.710007,49.490002,29.93,120.839996,33.669998,25.093334,30.67,31.525,29.950001
8/1/2013,27.5,126.610001,45.810001,18.969999,61.84,71.68,38.27,228.800003,46.955002,26.77,31.055,170.660004,49.450001,29.82,119.43,33.5,24.76,30.639999,30.889999,29.940001
8/2/2013,27.52,126.360001,45.310001,19.120001,61.25,70.879997,37.939999,227.970001,46.98,26.940001,30.950001,170.949997,49.639999,30,120.089996,33.639999,24.92,30.68,31.165001,30.15
8/5/2013,27.530001,125.699997,44.799999,19.01,60.299999,70.720001,37.830002,228.020004,47.169998,26.940001,30.805,170.699997,49.560001,30.049999,119.459999,33.68,24.713333,30.66,30.975,30.15
8/6/2013,27.33,123.970001,44.759998,18.83,59.599998,70.239998,37.459999,225.580002,46.810001,26.9,30.475,169.729996,49.540001,30.030001,119.400002,33.610001,24.746666,30.68,31.025,30.049999
8/7/2013,27.15,124.150002,44.48,18.83,58.73,68.839996,37.009998,223.940002,46.505001,26.75,30.200001,169.179993,49.549999,30.08,119.220001,33.619999,24.806667,30.690001,31.26,30.040001
8/8/2013,27.030001,126.860001,44.849998,19.6,58.720001,70.120003,36.84,224.860001,46.755001,27.049999,30.705,169.800003,49.57,30.299999,119.43,33.639999,24.866667,30.68,31.355,30.040001
8/9/2013,27.280001,126.860001,44.490002,19.76,59.41,68.360001,37.59,225.130005,46.84,27.02,30.834999,169.309998,49.630001,30.33,119.489998,33.689999,24.853333,30.68,31.379999,30.040001
8/12/2013,27.52,129.130005,45.549999,20.620001,59.459999,69.919998,37.759998,225.889999,46.91,27.040001,30.985001,169.110001,49.639999,30.24,119.43,33.630001,24.753334,30.709999,31.525,30.049999
8/13/2013,27.58,127.739998,44.740002,20.709999,60.25,70.080002,37.900002,225.639999,46.950001,27.209999,31.254999,169.610001,49.490002,29.879999,119.279999,33.540001,24.453333,30.700001,30.809999,29.99
8/14/2013,27.690001,129,45.200001,21.09,61.119999,70.760002,38.09,224,46.834999,27.200001,31.219999,168.740005,49.450001,29.91,119.190002,33.5,24.473333,30.68,30.865,30
8/15/2013,27.799999,131.690002,46.360001,22.15,61.02,72.239998,38.240002,219.940002,45.860001,27.049999,30.924999,166.380005,49.360001,29.73,118.650002,33.48,24.193333,30.66,30.485001,29.93
8/16/2013,27.99,132.580002,45.790001,22.34,60.82,71.440002,38.400002,219.509995,45.805,27.1,30.59,165.830002,49.34,29.49,118.260002,33.389999,24.053333,30.629999,30.34,29.98
8/19/2013,27.82,132.009995,47.32,22.34,59.939999,72.919998,38.169998,217.869995,45.41,26.91,30.15,164.770004,49.150002,29.16,117.449997,33.259998,23.9,30.65,30.129999,29.959999
8/20/2013,27.719999,132.449997,46.560001,22.190001,60.16,72.919998,37.52,220.919998,46.110001,26.879999,30.1,165.580002,49.310001,29.209999,118.410004,33.310001,23.993334,30.65,30.325001,29.98
8/21/2013,27.58,132.070007,47.130001,22.139999,60.119999,73.400002,37.169998,218.990005,45.814999,26.559999,29.455,164.559998,49.18,28.940001,117.959999,33.220001,23.780001,30.59,30.065001,29.91
8/22/2013,27.610001,132.809998,46.16,22.27,60.540001,74.800003,37.540001,221.419998,46.415001,26.83,29.844999,166.059998,49.09,28.940001,118.620003,33.200001,23.973333,30.6,30.32,29.92
8/23/2013,27.799999,134.899994,46.849998,23.15,61.16,74,37.950001,221.779999,46.445,27.049999,30.125,166.619995,49.07,29.35,118.949997,33.240002,24.293333,30.57,30.615,29.93
8/26/2013,27.809999,135.449997,49.279999,23.459999,60.5,74.32,37.959999,221.990005,46.48,26.889999,29.844999,166,49.060001,29.26,118.860001,33.349998,24.32,30.549999,30.74,29.889999
8/27/2013,28.15,136.75,48.529999,23.59,62.18,75.040001,38.869999,217.289993,45.384998,26.43,29.094999,163.330002,49.130001,29.139999,118.290001,33.470001,24.533333,30.530001,31.059999,29.950001
8/28/2013,28.190001,136.710007,48.240002,23.43,62.869999,75.120003,39.080002,217.899994,45.57,26.389999,28.915001,163.910004,49.099998,29.02,118.739998,33.400002,24.453333,30.559999,30.885,29.969999
8/29/2013,27.879999,135.869995,48.049999,23,61.98,75.919998,38.580002,218.919998,45.900002,26.4,29.165001,164.169998,49.25,28.969999,119.07,33.48,24.633333,30.59,31.084999,29.98
8/30/2013,27.52,134.619995,48.150002,22.6,61.59,75.800003,38.48,215.449997,45.235001,26.16,29.41,163.649994,49.330002,28.959999,119.010002,33.439999,24.693333,30.559999,31.059999,29.879999
9/3/2013,28.07,136.419998,47.970001,23.389999,61,77,38.759998,215.100006,45.564999,26.549999,29.459999,164.389999,49.02,28.870001,118.019997,33.330002,24.366667,30.559999,30.58,29.85
9/4/2013,27.91,134.660004,47.23,22.690001,60.93,77.199997,38.34,217.610001,45.73,26.76,29.879999,165.75,49.259998,29,118.230003,33.18,24.24,30.549999,30.545,29.85
9/5/2013,28.02,132.199997,47.009998,22.379999,60.41,75.120003,38.689999,217.949997,45.985001,26.77,30.23,165.960007,48.849998,28.92,117.75,33.060001,24.006666,30.57,30.195,29.83
9/6/2013,28.16,134.149994,47.5,22.969999,60.490002,74.160004,39.360001,218.559998,46,26.92,30.74,166.039993,49.119999,29.129999,118.110001,33.25,24.046667,30.530001,30.245001,29.76
9/9/2013,28.040001,133.910004,46.919998,22.84,59.41,75.800003,38.939999,221.759995,46.584999,27.290001,31.355,167.630005,49.07,29.459999,118.529999,33.279999,24.1,30.58,30.385,29.879999
9/10/2013,27.77,131.740005,47.27,22.129999,58.369999,75.199997,38.34,224.100006,46.965,27.58,31.684999,168.869995,48.950001,29.5,118.739998,33.189999,23.940001,30.549999,30.15,29.799999
9/11/2013,27.709999,131.699997,47.5,22.290001,57.939999,74.800003,38.48,224.320007,47.084999,27.59,31.629999,169.399994,49.09,29.700001,118.949997,33.220001,24.02,30.629999,30.344999,29.82
9/12/2013,27.950001,127.669998,47.91,21.059999,58.900002,76.480003,38.869999,223.660004,46.794998,27.469999,31.34,168.949997,49.16,29.690001,118.830002,33.200001,24.059999,30.66,30.280001,29.82
9/13/2013,27.940001,127.82,47.220001,21.42,59,77,38.849998,224.070007,47.064999,27.610001,31.530001,169.330002,49.150002,29.75,118.769997,33.32,24.033333,30.610001,30.365,29.82
9/16/2013,27.690001,126.449997,46.540001,20.940001,57.810001,78.360001,38.110001,225.330002,47.185001,27.82,31.83,170.309998,49.209999,29.98,119.339996,33.279999,23.986666,30.67,30.215,29.9
9/17/2013,27.459999,126.5,46.380001,20.959999,56.5,78.279999,37.740002,227.110001,47.560001,27.879999,31.83,171.070007,49.23,30.049999,119.699997,33.34,24.066668,30.65,30.424999,29.969999
9/18/2013,27.93,132.009995,46.900002,22.309999,58.200001,78.040001,38.68,229.179993,48.035,28.540001,33.099998,173.050003,49.610001,30.67,120.779999,33.57,24.426666,30.74,30.885,29.950001
9/19/2013,27.68,131.75,46.689999,22.200001,57.32,77.839996,38.080002,228.639999,47.889999,28.440001,32.82,172.759995,49.549999,30.790001,120.419998,33.700001,24.4,30.75,30.639999,30.030001
9/20/2013,27.75,127.959999,46.009998,21,57.040001,77.440002,37.77,226.279999,47.755001,28.219999,32.200001,170.720001,49.43,30.5,120.150002,33.689999,24.393333,30.73,30.77,30.040001
9/23/2013,27.530001,127.550003,46.09,20.780001,55.919998,75.68,37.27,225.320007,47.775002,28.190001,32.345001,169.929993,49.630001,30.629999,120.330002,33.700001,24.493334,30.73,30.969999,30.040001
9/24/2013,27.51,127.660004,46.189999,20.889999,56.470001,73.559998,37.220001,225.639999,48.099998,28.15,32.32,169.529999,49.669998,30.58,120,33.75,24.653334,30.719999,31.27,30.18
9/25/2013,27.34,128.789993,46.68,20.98,56.59,73.120003,36.880001,225.770004,47.830002,28.139999,32.200001,169.039993,49.700001,30.43,119.910004,33.700001,24.793333,30.73,31.275,30.040001
9/26/2013,27.58,127.790001,46.98,20.92,57.490002,73.440002,37.080002,227.100006,47.950001,28.27,32.185001,169.690002,49.650002,30.299999,119.879997,33.779999,24.68,30.66,31.23,29.98
9/27/2013,27.41,128.970001,46.880001,20.959999,56.650002,73.919998,36.959999,226.199997,47.945,28.200001,31.82,168.910004,49.720001,30.219999,119.730003,33.75,24.666666,30.66,31.325001,29.98
9/30/2013,27.440001,128.179993,45.799999,20.9,56.09,73.120003,36.849998,226.330002,47.919998,28.01,31.565001,168.009995,49.650002,30.23,119.519997,33.740002,24.639999,30.74,31.25,30.030001
10/1/2013,27.35,124.589996,45.759998,20.41,55.740002,74.160004,36.68,229.429993,48.395,28.15,32.095001,169.339996,49.650002,30.16,119.190002,33.59,24.466667,30.690001,31.059999,30.02
10/2/2013,27.73,127.059998,45.990002,20.92,56.279999,72.879997,37.419998,228.970001,48.185001,28.120001,32.150002,169.179993,49.75,30.26,119.309998,33.599998,24.633333,30.68,31.08,30.049999
10/3/2013,27.6,127.18,46.200001,20.92,56.279999,72.120003,37.139999,227.139999,47.724998,27.959999,32.154999,167.619995,49.669998,30.34,119.43,33.630001,24.593334,30.700001,31.094999,30
10/4/2013,27.889999,126.529999,46.490002,20.93,55.759998,72.239998,37.310001,228.460007,47.955002,27.99,32.540001,168.889999,49.650002,30.4,119.790001,33.630001,24.559999,30.65,30.969999,30
10/7/2013,27.98,127.639999,46.830002,21.530001,56.200001,74.639999,37.139999,225.830002,47.439999,27.76,32.255001,167.429993,49.740002,30.379999,119.400002,33.639999,24.620001,30.66,31.16,30
10/8/2013,28.059999,127.400002,46.450001,21.49,56.240002,76.400002,37.310001,223.179993,46.849998,27.530001,32.035,165.479996,49.66,30.379999,119.43,33.619999,24.633333,30.610001,31.120001,29.950001
10/9/2013,27.68,126.110001,46.419998,21.049999,56.049999,75.760002,36.549999,222.399994,46.830002,27.690001,32.264999,165.600006,49.66,30.23,119.550003,33.59,24.553333,30.6,31.02,30.040001
10/10/2013,28.139999,124.269997,46.110001,20.83,57.59,76.720001,37.099998,227.350006,47.834999,28.18,32.91,169.169998,49.66,30.32,120.059998,33.630001,24.593334,30.66,30.870001,30.040001
10/11/2013,28.030001,122.599998,45.84,20.52,56.98,77.68,36.75,229.539993,48.505001,28.290001,33.080002,170.259995,49.470001,30.459999,120.239998,33.610001,24.52,30.65,30.940001,30.049999
10/14/2013,28.09,122.830002,45.959999,20.5,57.009998,78.32,36.869999,230.410004,48.860001,28.35,33.119999,170.940002,49.580002,30.41,120.360001,33.599998,24.413334,30.639999,30.665001,30
10/15/2013,27.93,123.730003,46.060001,20.559999,56.740002,78.160004,36.470001,227.979996,48.455002,28.25,32.919998,169.699997,49.5,30.309999,120.300003,33.59,24.446667,30.66,30.705,30.15
10/16/2013,28.209999,123.540001,46.029999,20.5,57.709999,77.360001,36.919998,230.960007,48.875,28.459999,33.060001,172.070007,49.709999,30.459999,120.690002,33.610001,24.646667,30.709999,31.055,30.15
10/17/2013,27.75,127.419998,46.27,21.049999,56.400002,77.32,36.380001,232.639999,49.334999,28.82,33.325001,173.220001,49.700001,30.93,121.290001,33.799999,25.046667,30.73,31.360001,30.15
10/18/2013,27.98,126.849998,46.669998,21.110001,57.18,77.279999,36.450001,234.600006,50.005001,28.98,33.439999,174.389999,49.77,30.93,121.620003,33.869999,25.059999,30.780001,31.4,30.129999
10/21/2013,27.68,126.980003,46.790001,21.41,56.779999,75.32,35.939999,234.820007,49.915001,29,33.439999,174.399994,49.73,30.790001,121.5,33.91,25.013334,30.74,31.275,30.280001
10/22/2013,27.469999,129.339996,46.580002,21.870001,56.16,73.720001,35.41,235.990005,50.110001,29.290001,33.68,175.410004,49.91,31.059999,121.800003,33.959999,25.200001,30.75,31.620001,30.309999
10/23/2013,27,128.690002,46.889999,21.75,54.630001,74.040001,34.950001,234.440002,49.93,29,32.965,174.570007,49.93,31.02,121.949997,34,25.286667,30.76,31.725,30.25
10/24/2013,26.98,129.899994,46.720001,21.870001,55.150002,74.440002,34.990002,234.869995,50.23,29.17,32.970001,175.149994,49.970001,31.040001,121.889999,34.029999,25.213333,30.76,31.684999,30.129999
10/25/2013,27.219999,130.460007,46.389999,21.709999,55.200001,75.720001,35.32,235.619995,50.185001,29.129999,33.125,175.949997,49.990002,31.139999,122.010002,34,25.246666,30.76,31.719999,30.129999
10/28/2013,27.360001,130.559998,45.439999,21.68,56.049999,72.760002,35.549999,235.320007,50.349998,29.040001,33.215,176.229996,49.970001,31.049999,122.099998,34,25.26,30.76,31.65,30.33
10/29/2013,27.360001,129.770004,45.599998,21.690001,55.57,72.199997,35.41,236.490005,50.5,29.110001,33.294998,177.169998,50.040001,31.01,122.190002,34.09,25.266666,30.75,31.65,30.120001
10/30/2013,27.16,129.600006,45.470001,21.879999,56.169998,72,34.849998,234.729996,50,29.02,33.215,176.289993,50.080002,30.9,121.949997,34.029999,25.073334,30.77,31.530001,30.26
10/31/2013,27.049999,127.739998,45.080002,21.1,55.549999,71.080002,34.689999,234.520004,49.895,28.91,32.959999,175.789993,50.09,30.68,121.889999,34.07,25.333334,30.77,31.555,30.26
11/1/2013,26.77,126.949997,44.849998,21.08,54.689999,69.800003,34.130001,234.729996,49.474998,28.75,32.93,176.210007,50.080002,30.32,121.290001,33.959999,25.033333,30.74,31.15,30.299999
11/4/2013,26.73,126.809998,44.68,20.85,54.27,68.360001,34.040001,236.479996,50.055,28.879999,33.044998,176.830002,50.049999,30.25,121.470001,33.919998,24.92,30.76,31.174999,30.27
11/5/2013,26.620001,126.559998,44.540001,20.9,54.150002,69.040001,33.669998,234.979996,50,28.65,32.43,176.270004,49.950001,30.129999,121.110001,33.869999,24.726667,30.77,30.9,30.25
11/6/2013,26.82,127.199997,44.389999,21,54.57,69.400002,34.189999,234.75,49.884998,28.940001,32.560001,177.169998,49.900002,30.129999,121.349998,33.860001,24.693333,30.75,30.85,30.32
11/7/2013,26.74,126.160004,44.419998,20.83,53.700001,69.800003,33.970001,230.600006,49.185001,28.49,31.885,174.929993,49.959999,29.950001,121.589996,33.939999,24.866667,30.74,31.110001,30.370001
11/8/2013,26.780001,124.279999,44.939999,20.690001,54.720001,70.68,34.009998,234.169998,49.91,28.620001,31.855,177.289993,49.900002,29.76,121.290001,33.810001,24.433332,30.74,30.4,30.370001
11/11/2013,26.940001,123.870003,45.290001,20.6,55.919998,70.800003,34.259998,235.020004,49.990002,28.67,31.879999,177.320007,49.93,29.48,120.809998,33.759998,24.386667,30.719999,30.334999,30.049999
11/12/2013,26.67,122.449997,45.330002,20,55.509998,72.160004,33.639999,234.690002,49.93,28.59,31.48,176.960007,49.93,29.6,120.660004,33.68,24.406666,30.75,30.41,30.299999
11/13/2013,26.950001,122.849998,45.18,19.780001,56.34,70.720001,33.900002,237.039993,50.290001,28.67,31.695,178.380005,49.970001,29.73,121.080002,33.689999,24.506666,30.76,30.545,30.370001
11/14/2013,27.040001,124.269997,45.009998,20.049999,57.580002,71.559998,33.93,238.029999,50.439999,28.799999,32.055,179.270004,49.970001,29.91,121.290001,33.759998,24.713333,30.780001,30.754999,30.4
11/15/2013,27.02,124.32,44.27,20,57.07,72.32,33.880001,238.789993,50.59,29.01,32.66,180.050003,49.98,29.84,121.589996,33.799999,24.793333,30.780001,30.695,30.41
11/18/2013,26.76,122.900002,44.009998,19.67,56.799999,71.68,33.619999,237.050003,50.424999,29.01,32.900002,179.419998,50,30,121.440002,33.900002,24.966667,30.77,30.855,30.42
11/19/2013,26.690001,122.949997,44.240002,19.610001,56.66,70.360001,33.720001,235.429993,50.099998,28.969999,32.560001,179.029999,49.950001,30.18,121.379997,33.830002,24.906666,30.780001,30.74,30.32
11/20/2013,26.68,120.120003,44,19.139999,57.119999,72.519997,33.630001,234.889999,50.075001,28.799999,32.205002,178.470001,49.91,29.98,121.260002,33.810001,24.553333,30.790001,30.254999,30.33
11/21/2013,27.07,119.940002,44.369999,19.24,58.639999,73.080002,34.169998,237.789993,50.875,28.92,32.23,179.910004,49.889999,29.9,121.620003,33.82,24.620001,30.799999,30.32,30.25
11/22/2013,27.030001,119.919998,44.849998,19.129999,58.720001,74.639999,34.040001,238.199997,51.244999,29.02,32.455002,180.809998,49.900002,29.790001,121.739998,33.82,24.68,30.780001,30.530001,30.25
11/25/2013,26.93,120.459999,45.080002,19.27,57.869999,75.120003,33.82,237.869995,51.174999,28.93,31.99,180.630005,49.970001,29.83,121.949997,33.869999,24.753334,30.809999,30.575001,30.27
11/26/2013,26.9,119.82,44.810001,19.129999,58.139999,75.519997,33.689999,237.860001,51.564999,28.92,32.095001,180.679993,50.040001,29.860001,122.010002,33.950001,24.82,30.84,30.805,30.34
11/27/2013,26.57,119.459999,44.950001,18.959999,58.57,76.32,33.189999,238.470001,51.889999,28.98,32.200001,181.119995,49.990002,29.75,122.010002,33.919998,24.799999,30.82,30.674999,30.26
11/29/2013,26.73,120.699997,45.150002,19.24,58.099998,76.599998,33.459999,237.429993,51.955002,29.049999,32.525002,181,50.02,29.84,122.25,33.880001,24.813334,30.82,30.645,30.26
12/2/2013,26.860001,117.580002,44.830002,18.459999,57.880001,77.400002,33.68,237.509995,51.259998,28.84,31.969999,180.529999,49.880001,29.530001,121.470001,33.830002,24.673334,30.780001,30.389999,30.129999
12/3/2013,27.1,117.959999,45.18,18.42,58.970001,77.519997,34.509998,236.690002,51.09,28.610001,31.834999,179.75,49.939999,29.57,121.440002,33.75,24.706667,30.790001,30.469999,30.110001
12/4/2013,27.379999,119.959999,45.32,19,58.59,77.440002,34.880001,236.289993,50.865002,28.43,31.799999,179.729996,49.790001,29.530001,121.110001,33.84,24.613333,30.77,30.205,30.129999
12/5/2013,27.48,118.300003,45.029999,18.690001,58.599998,80.760002,34.93,236.779999,50.985001,28.35,31.754999,178.940002,49.709999,29.639999,121.050003,33.799999,24.540001,30.77,30.18,30.120001
12/6/2013,27.540001,118.550003,45.009998,18.76,58.98,80.68,35.049999,238.550003,51.424999,28.67,32.34,180.940002,49.759998,29.950001,121.440002,33.73,24.559999,30.780001,30.184999,30.120001
12/9/2013,27.4,119.720001,45.369999,19.120001,57.669998,82.800003,34.91,238.889999,51.294998,28.620001,32.375,181.399994,49.790001,29.860001,121.830002,33.720001,24.613333,30.77,30.290001,30.09
12/10/2013,27.6,121.82,44.959999,19.66,58.060001,83.040001,35.310001,238.110001,50.799999,28.610001,32.400002,180.75,49.830002,29.959999,121.769997,33.830002,24.786667,30.780001,30.535,30.110001
12/11/2013,27.440001,120.860001,45.150002,19.549999,57.48,84.839996,34.98,234.210007,50.02,28.35,31.74,178.720001,49.849998,29.780001,121.559998,33.869999,24.74,30.780001,30.375,30.120001
12/12/2013,27.389999,118.290001,44.709999,18.809999,56.93,85.480003,34.970001,234.449997,50.139999,28.129999,31.530001,178.130005,49.82,29.889999,121.470001,33.830002,24.6,30.76,30.254999,30.059999
12/13/2013,27.08,119.379997,44.189999,18.950001,56.720001,85.639999,34.639999,235.169998,50.369999,28.120001,31.575001,178.110001,49.860001,29.950001,121.470001,33.790001,24.706667,30.77,30.334999,30.08
12/16/2013,27.27,119.690002,44.119999,19.219999,57.02,83.279999,34.939999,236.839996,50.915001,28.290001,31.84,179.220001,49.849998,29.83,121.709999,33.84,24.706667,30.76,30.245001,30.059999
12/17/2013,27.110001,118.650002,44.23,19.139999,57.150002,83.68,34.869999,236.729996,50.814999,28.209999,31.530001,178.649994,49.84,29.91,121.889999,33.82,24.76,30.780001,30.385,30.059999
12/18/2013,27.16,117.610001,43.880001,19.09,58.060001,83.639999,35.029999,239.679993,51.549999,28.620001,31.99,181.699997,49.84,29.98,121.889999,33.900002,24.82,30.76,30.26,30.059999
12/19/2013,27.35,114.82,44.029999,18.49,59.040001,87,35.32,237.710007,51.060001,28.639999,31.74,181.490005,49.740002,29.75,121.739998,33.830002,24.733334,30.76,30.200001,30.02
12/20/2013,27.450001,115.940002,44.43,18.620001,59.959999,87.160004,35.48,239.669998,50.799999,28.48,31.355,181.559998,49.740002,29.610001,121.830002,33.830002,25.093334,30.74,30.594999,30
12/23/2013,27.5,115.57,44.18,18.719999,59.720001,88.199997,35.360001,241.570007,51.165001,28.75,31.549999,182.529999,49.779999,29.83,121.949997,33.799999,25.02,30.74,30.465,29.950001
12/24/2013,27.67,116.099998,44.16,18.76,60.43,87.120003,35.490002,242.699997,51.48,28.82,31.775,182.929993,49.709999,30.030001,122.040001,33.790001,24.886667,30.73,30.235001,29.969999
12/26/2013,27.76,116.739998,43.599998,19.02,60.540001,87.239998,35.650002,242.779999,51.395,28.99,31.84,183.860001,49.709999,30.01,122.099998,33.830002,24.9,30.719999,30.120001,29.92
12/27/2013,27.870001,117.120003,43.73,19.27,60.389999,84.720001,35.84,242.979996,51.299999,29.110001,31.889999,183.850006,49.57,29.77,121.5,33.669998,24.706667,30.66,29.940001,29.959999
12/30/2013,27.77,115.389999,43.400002,18.85,59.919998,86.279999,35.529999,243.25,51.375,29.23,32.075001,183.820007,49.599998,29.610001,121.529999,33.66,24.806667,30.67,30.135,29.98
12/31/2013,27.700001,116.120003,43.130001,18.709999,59.93,82.760002,35.32,244.199997,51.345001,29.34,32.330002,184.690002,49.619999,29.75,121.68,33.599998,24.746666,30.690001,29.92,29.93
1/2/2014,26.950001,118,42.700001,19.23,58.040001,83.720001,34.23,241.399994,50.75,28.82,31.495001,182.919998,49.639999,29.389999,121.589996,33.66,24.9,30.700001,30.055,29.950001
1/3/2014,26.629999,119.290001,43.060001,19.42,57.130001,84.239998,33.75,242.460007,51.040001,28.85,31.24,182.889999,49.599998,29.299999,121.68,33.700001,24.906666,30.68,30.035,30.030001
1/6/2014,26.52,119.5,43.34,19.42,57.099998,83.839996,33.57,240.929993,50.529999,28.85,31.045,182.360001,49.720001,29.299999,121.919998,33.740002,24.92,30.67,30.16,29.959999
1/7/2014,26.450001,118.82,43.18,19.129999,57.599998,84.160004,33.580002,242.929993,51.02,28.969999,31.18,183.479996,49.84,29.360001,121.949997,33.709999,25.026667,30.690001,30.26,30.01
1/8/2014,26.139999,118.120003,42.41,18.83,57.23,81.959999,33.16,243.399994,50.834999,28.91,31.094999,183.520004,49.720001,29.17,121.919998,33.66,24.926666,30.66,30.15,29.92
1/9/2014,26.139999,118.459999,42.310001,18.84,56.91,78.760002,33.080002,243.639999,50.724998,28.969999,30.865,183.639999,49.759998,29.139999,122.07,33.68,24.940001,30.690001,30.325001,29.940001
1/10/2014,26.27,120.260002,42.860001,19.379999,57.52,79.239998,33.189999,245.440002,50.994999,29.16,31.174999,184.139999,49.889999,29.33,122.370003,33.830002,25.18,30.73,30.690001,30.08
1/13/2014,25.940001,121.019997,43.110001,19.68,56.34,83.800003,32.810001,241.960007,50.330002,28.98,30.76,181.690002,49.93,29.309999,122.339996,33.889999,25.286667,30.73,30.795,30.07
1/14/2014,26.07,119.889999,43.34,19.42,56.23,84.879997,33.040001,244.789993,50.884998,29.18,31.34,183.669998,49.91,29.389999,122.459999,33.869999,25.233334,30.700001,30.695,30.120001
1/15/2014,26.52,119.660004,42.970001,19.4,56.32,84.32,33.77,246.199997,51.259998,29.51,31.264999,184.660004,49.889999,29.15,122.669998,33.810001,25.213333,30.709999,30.665001,29.950001
1/16/2014,26.440001,119.790001,43.07,19.35,55.709999,85.080002,33.650002,245.869995,51.27,29.299999,31.030001,184.419998,50.02,29.110001,122.699997,33.720001,25.280001,30.709999,30.815001,29.99
1/17/2014,26.469999,120.93,42.799999,19.51,56.299999,83.519997,33.689999,245.139999,51.005001,29.17,30.780001,183.639999,50.060001,29.07,122.82,33.849998,25.366667,30.709999,30.950001,29.969999
1/21/2014,26.74,119.699997,42.41,19.17,56.470001,86.160004,33.990002,246.039993,51.279999,29.290001,30.865,184.179993,50.07,29.040001,122.849998,33.889999,25.393333,30.73,30.985001,29.99
1/22/2014,27.08,119.190002,42.450001,19.030001,57.48,90,34.560001,247.240005,51.514999,29.25,31.334999,184.300003,49.990002,28.969999,122.760002,33.84,25.32,30.73,30.915001,29.969999
1/23/2014,26.950001,121.790001,42.700001,19.26,57.139999,91.239998,34.720001,245.289993,51.07,29.1,30.6,182.789993,50.110001,28.790001,122.669998,33.82,25.466667,30.75,31.280001,30.02
1/24/2014,26.9,122.290001,42.77,19.16,57.209999,98.440002,34.580002,238.899994,50,28.370001,29.98,178.889999,50.209999,28.530001,121.769997,33.77,25.426666,30.73,31.469999,30
1/27/2014,26.709999,120.959999,42.860001,18.889999,56.540001,93.480003,34.23,236.649994,49.294998,28.16,29.565001,178.009995,50.130001,28.540001,121.709999,33.91,25.32,30.74,31.275,30.030001
1/28/2014,27.059999,120.949997,42.849998,18.85,56.5,96.720001,34.689999,239.070007,49.705002,28.389999,29.879999,179.070007,50.169998,28.639999,122.400002,33.82,25.4,30.75,31.344999,30.030001
1/29/2014,27.049999,122.470001,42.189999,19.02,57.009998,106.919998,34.73,236.440002,49.080002,28.040001,29.450001,177.350006,50.220001,28.42,122.160004,33.93,25.573334,30.74,31.59,30.07
1/30/2014,27.110001,119.769997,42.52,18.49,57.279999,97,34.950001,239.759995,49.669998,28.209999,29.73,179.229996,50.259998,28.450001,122.43,33.950001,25.546667,30.74,31.459999,30.030001
1/31/2014,26.879999,120.089996,42.740002,18.450001,56.34,96.720001,34.799999,238.779999,49.494999,27.82,29.74,178.179993,50.330002,28.290001,122.370003,34,25.526667,30.74,31.709999,30.030001
2/3/2014,26.709999,121.32,43.049999,18.610001,55.880001,97.239998,34.52,230.300003,47.785,27.26,28.719999,174.169998,50.34,28.049999,121.260002,33.970001,25.76,30.77,31.98,30.17
2/4/2014,26.92,120.989998,44.130001,18.75,55.779999,104.599998,34.740002,233.289993,48.209999,27.5,29.299999,175.389999,50.290001,28.360001,121.230003,33.959999,25.58,30.76,31.709999,30.129999
2/5/2014,26.98,121.290001,44.25,19.07,56.48,101.239998,34.709999,232.259995,47.895,27.42,29.41,175.169998,50.290001,28.379999,121.260002,33.91,25.453333,30.77,31.415001,30.059999
2/6/2014,27.309999,121.239998,44.110001,19.17,57.380001,99,34.900002,235.820007,48.490002,28.040001,29.75,177.479996,50.220001,28.620001,121.650002,33.950001,25.446667,30.75,31.299999,30.059999
2/7/2014,27.780001,122.169998,44.279999,19.27,58.740002,94.480003,35.639999,237.979996,48.735001,28.379999,30.084999,179.679993,50.299999,28.52,122.190002,33.919998,25.459999,30.77,31.325001,30.110001
2/10/2014,27.73,122.919998,44.360001,19.290001,58.279999,90.599998,35.630001,238.610001,48.785,28.290001,29.695,180.009995,50.23,28.57,122.220001,33.970001,25.566668,30.75,31.389999,30.08
2/11/2014,27.799999,124.360001,44.43,19.450001,58.849998,96.639999,35.639999,240.880005,49.145,28.77,30.305,181.979996,50.259998,28.66,122.519997,33.939999,25.440001,30.75,31.23,30.049999
2/12/2014,27.940001,124.43,44.130001,19.43,58.970001,95,35.799999,242.350006,49.435001,28.809999,30.264999,182.070007,50.18,28.629999,122.43,33.939999,25.386667,30.75,31.065001,30.02
2/13/2014,28.02,125.489998,44.599998,19.74,59.259998,100.800003,35.869999,243.990005,50.009998,28.799999,30.355,183.009995,50.32,28.799999,122.639999,33.950001,25.533333,30.76,31.26,30.040001
2/14/2014,28.07,127.150002,44.860001,20.65,59.82,99.919998,35.91,245.199997,50.185001,29,30.754999,184.020004,50.259998,28.879999,122.879997,34.02,25.559999,30.73,31.225,30.049999
2/18/2014,28.48,127.400002,45.610001,21.129999,60.599998,104.800003,36.66,246.520004,50.575001,29.190001,30.684999,184.240005,50.32,28.91,123,34.040001,25.633333,30.77,31.334999,30.08
2/19/2014,28.6,126.269997,45.77,20.629999,60.419998,107.800003,36.900002,244.919998,50.095001,29,30.424999,183.020004,50.32,28.719999,122.879997,34.029999,25.58,30.76,31.205,30.02
2/20/2014,28.690001,127.599998,45.990002,21,61.16,107.160004,36.880001,246.380005,50.689999,29.120001,30.545,184.100006,50.099998,28.780001,123.239998,34.029999,25.52,30.77,31.165001,30.059999
2/21/2014,28.559999,127.580002,45.75,20.969999,60.57,110.760002,36.689999,246.979996,50.599998,29.219999,30.690001,183.889999,50.27,28.870001,123.449997,34.029999,25.646667,30.790001,31.280001,30.030001
2/24/2014,28.68,128.990005,46.169998,21.18,60.610001,104.480003,36.790001,247.880005,51.110001,29.43,30.790001,184.910004,50.279999,28.969999,123.660004,34.060001,25.653334,30.799999,31.205,30.049999
2/25/2014,28.5,129.210007,46.549999,21.02,59.939999,103.199997,36.59,247.899994,51.005001,29.379999,30.219999,184.839996,50.389999,28.93,123.93,34,25.753334,30.790001,31.475,30.049999
2/26/2014,28.59,128.110001,46.23,20.42,60.259998,100.440002,36.75,248.910004,51.470001,29.290001,30.360001,184.850006,50.459999,28.85,124.050003,34.130001,25.866667,30.790001,31.610001,30.049999
2/27/2014,28.540001,128.199997,45.68,20.459999,59.68,99.160004,36.689999,250.080002,51.605,29.389999,30.73,185.820007,50.57,29.049999,124.290001,34.150002,25.98,30.82,31.77,30.1
2/28/2014,28.65,127.620003,46.759998,20.35,60.02,102.040001,36.740002,250.389999,51.369999,29.49,30.565001,186.289993,50.509998,29.1,124.589996,34.18,26.013334,30.809999,31.780001,30.09
3/3/2014,29.200001,130.289993,47.599998,20.620001,60.869999,99.519997,37.52,248.919998,51.325001,28.9,30.325001,184.979996,50.59,28.809999,123.75,34.099998,26.013334,30.75,31.915001,30.110001
3/4/2014,28.85,128.679993,48.32,20.370001,60.18,102.32,37.060001,252.990005,52.790001,29.469999,30.695,187.580002,50.490002,29.049999,124.050003,34.060001,25.786667,30.75,31.495001,30.059999
3/5/2014,28.309999,128.889999,48.200001,20.360001,59.25,101.199997,36.240002,252.389999,52.580002,29.35,30.690001,187.75,50.5,29.040001,123.959999,34.07,25.84,30.75,31.540001,30.07
3/6/2014,28.57,130.169998,48.959999,20.66,59.419998,102.800003,36.57,252.509995,52.625,29.709999,31.004999,188.179993,50.439999,29.219999,123.660004,34.040001,25.646667,30.77,31.275,30.040001
3/7/2014,28.73,129.089996,49.119999,20.08,59.889999,102.199997,36.779999,253,52.52,29.559999,30.76,188.259995,50.389999,29.129999,123.300003,33.98,25.459999,30.73,31.09,29.98
3/10/2014,28.360001,129.130005,47.830002,20.01,59.540001,102.879997,36.299999,251.619995,52.575001,29.4,30.495001,188.160004,50.419998,29.1,123.239998,33.970001,25.446667,30.75,31.105,30.02
3/11/2014,28.040001,129.860001,48.41,20.040001,59.82,101.800003,35.810001,250.220001,52.119999,29.209999,30.205,187.229996,50.439999,28.99,123.300003,33.950001,25.453333,30.75,31.18,30.02
3/12/2014,27.74,131.759995,48.779999,20.469999,59.599998,99.879997,35.349998,250.5,52.049999,29.059999,30.355,187.279999,50.509998,28.99,123.330002,33.970001,25.626667,30.75,31.415001,30.040001
3/13/2014,27.719999,132.210007,48.450001,20.360001,59.139999,97.239998,35.34,247.789993,51.665001,28.59,29.85,185.179993,50.529999,28.91,123.150002,34.040001,25.753334,30.780001,31.795,30.040001
3/14/2014,27.91,133.100006,48.599998,20.620001,59.66,97.839996,35.529999,248.669998,51.794998,28.549999,29.99,184.660004,50.549999,29.040001,122.970001,34.07,25.700001,30.76,31.805,30
3/17/2014,27.549999,131.639999,48.16,20.33,58.169998,99.639999,35.150002,250.419998,52.16,28.84,30.25,186.330002,50.549999,29.16,123.089996,34.049999,25.639999,30.75,31.59,30.02
3/18/2014,27.809999,130.619995,49.259998,20.01,58.52,98.68,35.580002,252.649994,52.849998,29.09,30.695,187.660004,50.57,29.200001,123.480003,34.049999,25.693333,30.74,31.665001,30.02
3/19/2014,27.780001,128.089996,49.860001,19.790001,57.990002,98.919998,35.709999,250.979996,52.275002,28.690001,30.195,186.660004,50.439999,29.09,123.059998,33.98,25.6,30.700001,31.440001,30.01
3/20/2014,27.790001,127.860001,49.32,19.52,58.27,97.199997,35.580002,251.710007,52.630001,28.639999,30.219999,187.75,50.419998,29,123.480003,33.959999,25.706667,30.709999,31.379999,29.940001
3/21/2014,28.059999,128.470001,48.759998,19.52,58.759998,95.919998,35.84,250.699997,52.299999,28.58,30.365,186.199997,50.5,28.99,123.360001,33.970001,25.886667,30.73,31.665001,29.93
3/24/2014,28.01,126.18,49.779999,19.209999,58.290001,95.720001,35.82,248.789993,51.93,28.639999,30.605,185.429993,50.540001,29.139999,123.629997,33.98,26.066668,30.74,31.870001,29.940001
3/25/2014,28.02,126.410004,49.639999,19.219999,58.27,98.239998,35.77,249.460007,51.855,28.91,30.879999,186.309998,50.549999,29.219999,123.690002,33.91,26.046667,30.75,31.790001,29.93
3/26/2014,28.23,125.410004,49.5,19.02,58.610001,97.800003,36.09,246.220001,51.240002,28.870001,30.82,184.970001,50.599998,29.290001,123.599998,33.959999,26.173334,30.74,32.009998,29.950001
3/27/2014,28.559999,124.589996,50.130001,19,59.240002,100.400002,36.5,245.600006,50.830002,29.030001,31.184999,184.580002,50.650002,29.51,123.660004,33.990002,26.200001,30.74,32.125,29.950001
3/28/2014,28.639999,124.559998,49.610001,19.059999,59.259998,100,36.619999,246.869995,50.82,29.27,31.405001,185.490005,50.599998,29.52,123.809998,34.009998,26.120001,30.75,32.025002,29.959999
3/31/2014,28.620001,123.610001,50.439999,19.040001,58.98,97.68,36.59,250.570007,51.919998,29.389999,31.684999,187.009995,50.610001,29.65,123.959999,34,26.173334,30.76,31.9,29.959999
4/1/2014,28.049999,123.389999,50.84,19.059999,57.900002,95.360001,35.830002,252.860001,52.450001,29.629999,31.950001,188.25,50.509998,29.77,123.419998,33.900002,26.046667,30.719999,31.59,29.940001
4/2/2014,28.01,124.32,49.619999,19.190001,58.040001,97.239998,35.799999,253.630005,52.799999,29.700001,32.130001,188.880005,50.450001,29.67,123.419998,33.900002,25.886667,30.700001,31.389999,29.93
4/3/2014,28.34,123.919998,50.139999,19.059999,58.77,98.839996,36.139999,252.429993,52.43,29.620001,31.885,188.630005,50.52,29.6,123.449997,33.880001,26.006666,30.709999,31.540001,29.940001
4/4/2014,28.57,125.57,50.07,19.16,59.27,98.760002,36.43,248.570007,51.314999,29.49,31.889999,186.399994,50.599998,29.76,123.660004,33.970001,26.186666,30.74,31.74,29.950001
4/7/2014,28.440001,124.910004,49.939999,19.129999,59.18,99.68,36.279999,244.330002,50.514999,29.35,31.895,184.339996,50.650002,29.83,123.510002,34.009998,26.293333,30.76,31.915001,29.98
4/8/2014,28.9,126.089996,50.509998,19.23,60.16,101.040001,36.900002,245.759995,50.91,29.379999,32.290001,185.100006,50.610001,30.110001,123.779999,34.060001,26.299999,30.77,31.99,29.98
4/9/2014,29.110001,126.32,50.27,19.110001,60.59,101.800003,37.220001,248.149994,51.314999,29.709999,32.529999,187.089996,50.599998,30.16,123.900002,34.080002,26.34,30.77,31.85,29.99
4/10/2014,29.059999,127.010002,49.919998,19.27,60.779999,103.160004,37.200001,242.740005,50.389999,29.200001,32.384998,183.160004,50.700001,30.200001,123.599998,34.119999,26.466667,30.809999,32.139999,29.99
4/11/2014,29.02,126.93,49.450001,19.190001,60.639999,102.959999,37.18,239.770004,49.75,29.120001,32.264999,181.509995,50.77,30.190001,123.150002,34.110001,26.493334,30.799999,32.325001,29.99
4/14/2014,29.24,127.849998,50.34,19.209999,61.240002,101.519997,37.380001,240.839996,49.735001,29.139999,32.200001,182.940002,50.689999,30.190001,123.660004,34.150002,26.66,30.780001,32.325001,30.049999
4/15/2014,29.24,125.489998,50.970001,18.879999,61.439999,101.760002,37.389999,242.440002,50.064999,29.01,31.98,184.199997,50.82,29.959999,123.720001,34.119999,26.68,30.799999,32.43,30.049999
4/16/2014,29.32,125.540001,50.830002,18.879999,61.389999,100.919998,37.48,245.25,50.465,29.34,32.264999,186.130005,50.77,30.110001,123.870003,34.119999,26.719999,30.790001,32.48,30.040001
4/17/2014,29.469999,124.75,50.59,18.879999,61.700001,105.199997,37.66,245.740005,50.779999,29.540001,32.57,186.389999,50.689999,30.17,123.660004,34.049999,26.553333,30.780001,32.080002,29.99
4/21/2014,29.43,124.239998,49.73,18.67,62.099998,104.519997,37.639999,246.440002,50.93,29.59,32.419998,187.039993,50.73,30.17,123.720001,34.060001,26.513334,30.780001,32.139999,30
4/22/2014,29,123.779999,50.029999,18.709999,61.98,105.599998,37,248.220001,51.375,29.700001,32.279999,187.889999,50.73,30.1,123.809998,34.029999,26.566668,30.790001,32.220001,29.969999
4/23/2014,28.92,123.760002,50.369999,18.690001,62.02,105.360001,36.91,247.899994,51.264999,29.610001,32.130001,187.449997,50.740002,30.040001,123.839996,34.080002,26.673334,30.780001,32.360001,30.02
4/24/2014,29.08,124.559998,50.549999,18.92,62.099998,104.360001,37.049999,248.110001,50.855,29.610001,32.080002,187.830002,50.740002,30.02,123.779999,34.09,26.746666,30.780001,32.419998,29.969999
4/25/2014,28.700001,125.43,51.400002,18.940001,61.630001,103.279999,36.599998,245.160004,50.195,29.450001,31.68,186.289993,50.799999,29.940001,123.809998,34.07,26.753334,30.77,32.540001,30.02
4/28/2014,28.76,124.879997,51.599998,18.85,60.939999,105.800003,36.709999,244.330002,50.005001,29.549999,31.825001,186.880005,50.75,30.120001,123.989998,34.110001,26.633333,30.790001,32.404999,29.99
4/29/2014,28.76,124.860001,52.189999,18.76,61.310001,107.32,36.720001,245.179993,50.044998,29.719999,32.224998,187.75,50.77,30.07,123.959999,34.110001,26.673334,30.790001,32.325001,29.99
4/30/2014,28.459999,124.220001,52.279999,18.459999,60.529999,106.199997,36.32,246.839996,50.389999,29.82,31.91,188.309998,50.849998,30.120001,124.050003,34.130001,26.766666,30.790001,32.439999,30.01
5/1/2014,28.309999,123.800003,50.880001,18.35,59.919998,104.440002,36.16,247.080002,50.294998,29.93,31.99,188.330002,50.82,30.17,123.540001,34.139999,26.860001,30.77,32.625,30.02
5/2/2014,28.4,125.059998,50.82,18.690001,60.07,103.959999,36.290001,247.529999,50.490002,29.9,32.279999,188.059998,50.830002,30.299999,123.660004,34.169998,26.993334,30.75,32.865002,29.99
5/5/2014,28.280001,126.220001,51.34,18.84,59.400002,104.120003,36.139999,247.699997,50.235001,29.889999,32.080002,188.419998,50.810001,30.25,123.480003,34.130001,26.853333,30.75,32.654999,30
5/6/2014,28.299999,125.980003,51.950001,18.799999,58.82,106.519997,36.189999,245.869995,49.5,29.860001,32.264999,186.779999,50.84,30.43,123.720001,34.139999,26.946667,30.77,32.805,29.99
5/7/2014,28.65,124.169998,51.689999,18.57,59.700001,105.199997,36.599998,247.050003,49.625,29.889999,32.360001,187.880005,50.84,30.48,123.839996,34.169998,26.873333,30.780001,32.669998,29.959999
5/8/2014,28.530001,124.169998,51.830002,18.440001,59.279999,101.480003,36.490002,245.800003,49.209999,29.860001,32.299999,187.679993,50.91,30.790001,123.720001,34.189999,26.813334,30.76,32.549999,30.01
5/9/2014,28.48,124.099998,51.52,18.42,59.060001,100.440002,36.400002,246.529999,49.619999,29.809999,32.330002,187.960007,50.880001,30.719999,123.870003,34.169998,26.753334,30.790001,32.465,30.01
5/12/2014,28.67,124.940002,50.720001,18.780001,59.529999,98.040001,36.59,250.229996,50.779999,29.969999,32.764999,189.789993,50.860001,30.610001,124.080002,34.169998,26.620001,30.790001,32.349998,30.07
5/13/2014,29.01,124.599998,50.959999,18.77,59.720001,96.839996,37.040001,249,50.23,30.08,32.830002,189.960007,51,30.77,124.139999,34.200001,26.766666,30.790001,32.544998,30.07
5/14/2014,29.129999,125.809998,50.43,19,60.580002,97.120003,37.18,247.009995,49.215,29.98,33.005001,189.059998,51.040001,30.790001,124.199997,34.240002,27.026667,30.82,32.965,30.1
5/15/2014,28.98,124.769997,49.279999,18.74,60.419998,98.519997,37.040001,244.929993,49,29.860001,32.779999,187.399994,51.130001,30.620001,124.110001,34.310001,27.166666,30.799999,33.200001,30.09
5/16/2014,29.139999,124.5,49.07,18.610001,60.669998,97.760002,37.23,246.240005,49.34,29.9,33.145,188.050003,51.040001,30.719999,124.290001,34.299999,27.120001,30.799999,33.110001,30.08
5/19/2014,29.299999,124.580002,49.080002,18.629999,60.490002,99.040001,37.380001,247.470001,49.610001,29.870001,33.165001,188.740005,51.049999,30.809999,124.32,34.34,26.98,30.83,32.869999,30.09
5/20/2014,29.440001,124.690002,48.610001,18.65,60.549999,100.559998,37.52,244.869995,49.09,29.690001,32.93,187.550003,51,30.700001,124.260002,34.349998,27.006666,30.809999,32.965,30.129999
5/21/2014,29.75,124.389999,49,18.639999,61.029999,99.120003,37.98,246.220001,49.415001,29.940001,33.220001,189.130005,50.98,30.799999,124.290001,34.34,26.84,30.809999,32.805,30.120001
5/22/2014,29.790001,124.669998,49.189999,18.73,61.380001,96.720001,38.009998,247.729996,49.674999,30.02,33.375,189.589996,50.959999,30.84,124.169998,34.299999,26.833334,30.83,32.735001,30.120001
5/23/2014,29.92,124.510002,48.970001,18.66,61.66,97.440002,38.18,249.389999,50.215,30.1,33.435001,190.350006,50.98,30.83,124.32,34.32,26.9,30.83,32.935001,30.139999
5/27/2014,29.860001,121.849998,48.099998,18.360001,61.060001,99.32,38.139999,251.050003,50.825001,30.25,33.110001,191.520004,51.080002,30.860001,124.349998,34.330002,27.093334,30.799999,33.075001,30.08
5/28/2014,29.49,121.199997,48.27,18.280001,61.27,101.879997,37.68,250.110001,50.650002,30.190001,33.334999,191.380005,51.380001,30.870001,124.32,34.400002,27.200001,30.84,33.455002,30.139999
5/29/2014,29.68,120.940002,48.07,18.299999,61.459999,101.199997,37.91,251.529999,50.615002,30.360001,33.380001,192.369995,51.189999,30.99,124.529999,34.439999,27.200001,30.84,33.279999,30.139999
5/30/2014,29.469999,120.43,47.779999,18.08,61,100.800003,37.68,250.880005,50.380001,30.360001,32.945,192.679993,51.16,30.870001,124.589996,34.419998,27.1,30.85,33.275002,30.1
6/2/2014,29.360001,119.699997,47.610001,18.02,60.57,102.080002,37.529999,251.699997,50.41,30.41,33.080002,192.899994,51.09,30.82,123.93,34.290001,26.826666,30.780001,32.965,30.1
6/3/2014,29.48,120.010002,46.959999,18.1,60.529999,101.800003,37.639999,251.779999,50.134998,30.370001,33.334999,192.800003,51.029999,30.790001,123.870003,34.259998,26.613333,30.790001,32.575001,30.08
6/4/2014,29.379999,119.760002,46.959999,18.059999,60.189999,102.800003,37.509998,252.940002,50.490002,30.33,33.145,193.190002,50.93,30.76,123.959999,34.189999,26.559999,30.780001,32.544998,30.09
6/5/2014,29.41,120.660004,46.240002,18.26,60.66,103.559998,37.549999,255.490005,51.445,30.530001,33.395,194.449997,51.09,30.950001,124.230003,34.23,26.686666,30.77,32.584999,30.09
6/6/2014,29.450001,120.610001,47.119999,18.280001,60.43,104.519997,37.610001,256.929993,51.955002,30.709999,33.73,195.380005,51.200001,31.040001,124.5,34.259998,26.773333,30.77,32.584999,30.059999
6/9/2014,29.790001,120.650002,46.599998,18.32,61.139999,102.839996,38.18,257.769989,52.224998,30.66,34.025002,195.580002,51.189999,31.1,124.620003,34.220001,26.726667,30.77,32.549999,30.030001
6/10/2014,29.85,121.389999,46.099998,18.459999,61.099998,100.32,38.279999,257.040009,52.025002,30.610001,34.055,195.600006,51.16,31.07,124.709999,34.209999,26.76,30.74,32.485001,30.040001
6/11/2014,29.879999,121.410004,45.490002,18.459999,61.5,99.919998,38.25,256.200012,51.810001,30.52,34.07,194.919998,51.110001,31,124.589996,34.220001,26.706667,30.76,32.435001,29.99
6/12/2014,30.43,122.639999,45.439999,18.76,63.18,104.919998,39.080002,254.889999,51.455002,30.540001,33.845001,193.539993,51.18,31.02,124.589996,34.220001,26.866667,30.790001,32.77,30.049999
6/13/2014,30.35,122.959999,45.75,18.92,62.759998,105,39.119999,255.550003,51.575001,30.559999,33.895,194.130005,51.200001,31.059999,124.800003,34.240002,26.893333,30.77,32.705002,30.049999
6/16/2014,30.530001,122.419998,45.220001,18.85,63.049999,104.239998,39.169998,255.610001,51.669998,30.540001,33.790001,194.289993,51.18,30.940001,124.769997,34.220001,26.860001,30.77,32.84,30.030001
6/17/2014,30.450001,122.279999,45.150002,18.940001,63.200001,104.120003,38.990002,257.730011,52.139999,30.540001,33.715,194.830002,51.139999,30.790001,124.769997,34.139999,26.76,30.74,32.544998,30
6/18/2014,30.6,122.669998,45.23,19.049999,63.509998,103.199997,39.009998,259.019989,52.195,30.790001,34.07,196.259995,51.189999,30.969999,125.190002,34.259998,26.860001,30.76,32.779999,30.030001
6/19/2014,30.690001,126.940002,46.07,19.92,64.029999,101.639999,39.130001,259.109985,52.445,30.92,33.970001,196.479996,51.279999,30.940001,125.129997,34.279999,26.719999,30.77,32.439999,30.030001
6/20/2014,30.82,126.5,46.049999,20.030001,64.120003,101.120003,39.32,259.170013,52.395,30.35,33.674999,195.940002,51.18,31.040001,125.279999,34.32,26.813334,30.77,32.59,30.01
6/23/2014,30.780001,126.849998,45.52,20.049999,63.799999,98.760002,39.16,258.890015,52.345001,30.27,33.639999,195.880005,51.259998,31.07,125.339996,34.32,26.793333,30.74,32.549999,30.049999
6/24/2014,30.82,126.980003,45.119999,20.08,64.080002,100.239998,39.09,256.820007,51.919998,30.07,33.674999,194.699997,51.290001,31.1,125.400002,34.290001,26.879999,30.780001,32.794998,30.049999
6/25/2014,30.940001,126.989998,45.330002,20.190001,63.529999,100.800003,39.290001,258.549988,52.330002,30.120001,33.619999,195.580002,51.380001,31.17,125.279999,34.419998,26.959999,30.790001,32.93,30.059999
6/26/2014,30.75,126.730003,45.669998,20.24,63.360001,98.040001,38.970001,258,52.189999,30.16,33.779999,195.440002,51.419998,31.190001,125.220001,34.450001,27.113333,30.780001,33.07,30.09
6/27/2014,30.790001,126.660004,45.619999,20.17,63.630001,97.599998,38.98,259.450012,52.360001,30.209999,33.735001,195.820007,51.389999,31.25,125.25,34.450001,27.053333,30.799999,33.009998,30.08
6/30/2014,30.76,128.039993,43.299999,20.25,63.040001,98.400002,38.880001,260.559998,52.57,30.26,33.82,195.720001,51.41,31.219999,125.190002,34.459999,27.066668,30.809999,33.150002,30.07
7/1/2014,30.75,127.699997,43.02,20.209999,62.849998,97.879997,38.860001,262.600006,53.290001,30.5,34,197.029999,51.32,31.290001,124.709999,34.349998,26.826666,30.75,32.744999,30.059999
7/2/2014,30.43,127.699997,42.970001,20.299999,62.470001,96.040001,38.400002,261.339996,53.044998,30.58,34.195,197.229996,51.27,31.129999,124.709999,34.27,26.533333,30.77,32.435001,30.01
7/3/2014,30.35,127.160004,42.669998,20.290001,62.560001,96.400002,38.25,262.140015,53.529999,30.65,34.474998,198.199997,51.240002,31.280001,124.739998,34.25,26.606667,30.75,32.32,30.01
7/7/2014,30.280001,127.019997,41.82,20.17,61.82,93.400002,38.169998,260.140015,52.735001,30.379999,34.48,197.509995,51.32,31.25,124.620003,34.25,26.719999,30.75,32.575001,30
7/8/2014,30.209999,127.07,41.450001,20.209999,61.509998,93.199997,38.18,258.130005,52.16,30.120001,34.299999,196.240005,51.380001,31.35,124.589996,34.330002,26.92,30.75,32.869999,30
7/9/2014,29.91,127.839996,40.869999,20.27,60.889999,91.959999,37.689999,258.779999,52.224998,30.200001,34.580002,197.119995,51.369999,31.370001,124.559998,34.299999,26.959999,30.76,32.965,30.02
7/10/2014,30.15,128.539993,40.419998,20.52,61.259998,90.760002,37.900002,256.950012,51.695,29.85,34.355,196.339996,51.419998,31.389999,124.080002,34.360001,26.886667,30.74,32.959999,30.07
7/11/2014,29.610001,128.779999,39.400002,20.57,60.240002,91.400002,37.16,256.679993,51.535,29.889999,34.294998,196.610001,51.459999,31.370001,124.169998,34.369999,26.986666,30.76,33.055,30.08
7/14/2014,29.82,125.720001,40.02,20.1,60.619999,91.559998,37.32,257.76001,51.709999,30.09,34.535,197.600006,51.43,31.389999,124.260002,34.32,26.886667,30.77,32.939999,30.030001
7/15/2014,29.440001,124.529999,39.560001,19.879999,59.939999,90.120003,36.880001,256.869995,51.32,29.99,34.599998,197.229996,51.450001,31.280001,124.139999,34.330002,26.879999,30.75,32.970001,30.049999
7/16/2014,29.629999,124.970001,39.970001,19.91,59.700001,90.639999,37.310001,256.529999,51.209999,30.190001,34.619999,197.960007,51.490002,31.4,123.93,34.290001,26.946667,30.75,33.049999,30.040001
7/17/2014,29.799999,127.089996,40.209999,20.290001,59.610001,87.480003,37.830002,253.820007,50.584999,29.84,33.990002,195.710007,51.59,31.24,123,34.419998,27.16,30.77,33.455002,30.059999
7/18/2014,29.68,126.129997,39.279999,20.02,59.299999,87.080002,37.720001,256.910004,51.314999,30.1,34.615002,197.710007,51.580002,31.33,123.419998,34.360001,27.146667,30.76,33.349998,30.049999
7/21/2014,29.969999,126.339996,38.860001,20.1,59.91,85.239998,38.099998,256.059998,51.044998,29.99,34.580002,197.339996,51.599998,31.389999,123.269997,34.389999,27.166666,30.75,33.52,30.059999
7/22/2014,29.879999,125.739998,38.439999,20.1,59.599998,83.32,37.950001,257.130005,51.445,30.120001,34.945,198.199997,51.610001,31.58,123.449997,34.400002,27.233334,30.76,33.555,30.02
7/23/2014,29.959999,125.620003,38.810001,20.08,59.400002,83.080002,38.16,256.970001,51.360001,30.219999,35.055,198.639999,51.650002,31.559999,123.839996,34.419998,27.299999,30.77,33.610001,30.07
7/24/2014,29.83,124.349998,38.799999,19.58,58.91,84.720001,37.82,257.220001,51.490002,30.23,35.134998,198.649994,51.59,31.57,123.870003,34.299999,27.16,30.74,33.330002,30.049999
7/25/2014,29.860001,125.790001,39.060001,19.870001,59.360001,83.32,37.77,255.539993,51.035,30.16,35.009998,197.720001,51.68,31.52,123.540001,34.380001,27.360001,30.74,33.645,30.030001
7/28/2014,29.67,125.580002,39.5,19.809999,59.060001,82.879997,37.639999,255.089996,50.740002,30.18,35.305,197.800003,51.650002,31.52,123.389999,34.330002,27.353333,30.74,33.580002,30.030001
7/29/2014,29.52,125.199997,38.779999,19.780001,59.380001,84.160004,37.389999,253.940002,50.855,30.059999,35.029999,196.949997,51.73,31.42,123.330002,34.41,27.379999,30.76,33.715,30.02
7/30/2014,29.219999,124.830002,38.75,19.780001,58.580002,83.160004,36.919998,254.399994,51.005001,30.110001,34.900002,196.979996,51.630001,31.200001,122.849998,34.25,27.219999,30.75,33.285,30.01
7/31/2014,28.9,123.389999,38.580002,19.58,58.240002,84.400002,36.32,249.130005,49.759998,29.6,34.32,193.089996,51.610001,31.07,121.650002,34.220001,27.086666,30.74,33.195,29.99
8/1/2014,28.77,124.379997,38.189999,19.52,57.220001,83.68,36.189999,248.860001,49.740002,29.4,34.384998,192.5,51.599998,31.110001,120.809998,34.400002,27.040001,30.74,33.345001,30.1
8/4/2014,28.99,123.989998,38.990002,19.4,57,84.760002,36.48,250.149994,50.064999,29.540001,34.875,193.889999,51.630001,31.040001,121.620003,34.330002,27.073334,30.75,33.305,30.09
8/5/2014,28.85,123.870003,38.799999,19.049999,56.75,85.68,36.16,248.960007,49.994999,29.129999,34.395,192.009995,51.59,30.860001,121.410004,34.360001,27.08,30.74,33.400002,30.049999
8/6/2014,28.799999,125.669998,39.639999,19.23,57.279999,86.839996,35.950001,249.270004,50.200001,29.07,34.154999,192.070007,51.599998,30.98,121.620003,34.369999,27.02,30.73,33.380001,30.08
8/7/2014,28.99,126.18,39.259998,19.17,57.959999,85.599998,36.16,248.330002,49.919998,28.889999,33.985001,191.029999,51.66,30.799999,121.559998,34.439999,27.166666,30.76,33.68,30.07
8/8/2014,28.889999,126.190002,38.73,19.190001,57.360001,87.400002,36.119999,250.940002,50.305,28.98,34.275002,193.240005,51.73,30.91,122.07,34.389999,27.146667,30.76,33.650002,30.15
8/11/2014,28.93,125.959999,38.700001,19.23,57.5,87.68,36.220001,252.050003,50.75,29.110001,34.790001,193.800003,51.709999,31.02,122.669998,34.360001,27.146667,30.75,33.630001,30.1
8/12/2014,28.74,125.989998,38.400002,19.17,57.080002,87.519997,35.990002,251.160004,50.294998,29.15,34.790001,193.529999,51.709999,30.959999,122.730003,34.43,27.026667,30.75,33.435001,30.1
8/13/2014,28.84,126.199997,38.119999,19.040001,57.400002,84.239998,36.02,253.300003,50.785,29.309999,34.919998,194.839996,51.790001,30.98,123.120003,34.459999,27.113333,30.780001,33.605,30.049999
8/14/2014,28.129999,126.309998,38.529999,19.1,55.880001,85.760002,35.110001,254.660004,50.834999,29.4,35.09,195.759995,51.860001,31.120001,123.449997,34.490002,27.286667,30.77,33.849998,30.17
8/15/2014,28.33,125.480003,38.830002,18.860001,56.25,83.400002,35.439999,254.070007,50.77,29.42,34.965,195.720001,51.849998,31.15,123.540001,34.48,27.440001,30.76,34.169998,30.09
8/18/2014,27.98,124.959999,38.509998,18.870001,55.720001,83.440002,35.060001,257.109985,51.555,29.620001,35.215,197.360001,51.849998,31.200001,123.93,34.509998,27.166666,30.77,33.900002,30.09
8/19/2014,27.83,124.68,38.580002,18.700001,56.099998,85.239998,34.709999,258.649994,51.764999,29.690001,35.435001,198.389999,51.889999,31.16,124.019997,34.470001,27.200001,30.790001,33.810001,30.120001
8/20/2014,27.889999,124.220001,38.02,18.719999,56.400002,84.279999,34.860001,259.279999,51.294998,29.58,35.5,198.919998,51.900002,30.959999,124.019997,34.380001,27.113333,30.75,33.77,30.09
8/21/2014,28.07,122.879997,38.139999,18.690001,57,85.519997,35.09,259.709991,51.619999,29.690001,35.470001,199.5,51.919998,31.049999,123.989998,34.41,27.246666,30.780001,33.919998,30.09
8/22/2014,28,123.190002,38.5,18.690001,56.689999,84.839996,34.959999,259.480011,51.669998,29.610001,35.369999,199.190002,51.98,30.959999,123.779999,34.389999,27.42,30.76,34.09,30.059999
8/25/2014,27.99,122.739998,38.040001,18.6,56.799999,86.879997,34.869999,260.390015,51.59,29.76,35.564999,200.199997,52.07,30.99,124.169998,34.389999,27.559999,30.73,34.215,30.059999
8/26/2014,28.09,123.349998,37.84,18.629999,56.869999,86.559998,35.040001,261.26001,51.98,29.780001,35.584999,200.330002,52.110001,31.120001,124.260002,34.369999,27.486666,30.74,34.130001,30.059999
8/27/2014,28.049999,123.32,37.869999,18.66,56.700001,87.519997,35.029999,260.899994,51.860001,29.85,35.889999,200.25,52.23,31.24,124.139999,34.400002,27.586666,30.75,34.305,30.059999
8/28/2014,28.16,124,38.380001,18.74,56.82,88.400002,35.32,260.579987,51.639999,29.73,35.560001,200.139999,52.25,31.299999,124.110001,34.439999,27.766666,30.73,34.57,30.129999
8/29/2014,28.4,123.860001,38.009998,18.709999,57.419998,89.040001,35.759998,261.73999,51.895,29.68,35.57,200.710007,52.240002,31.139999,124.110001,34.48,27.826666,30.780001,34.540001,31.809999
9/2/2014,27.76,121.650002,37.77,18.41,55.709999,85.239998,34.790001,262.5,52.224998,29.700001,35.724998,200.610001,52.02,31.1,123.720001,34.27,27.386667,30.719999,33.919998,30.030001
9/3/2014,28.299999,122.150002,36.720001,18.43,57.23,84.080002,35.549999,262.109985,51.884998,29.91,36.235001,200.5,52.009998,31.139999,123.360001,34.27,27.446667,30.709999,34.084999,30.049999
9/4/2014,28.16,121.480003,36.209999,18.32,56.91,83.559998,35.299999,261.369995,51.869999,29.76,36.174999,200.210007,52,30.92,122.940002,34.25,27.26,30.73,33.720001,30.040001
9/5/2014,27.92,122.059998,36.970001,18.42,56.389999,83.040001,34.900002,262.339996,51.950001,29.77,36.275002,201.110001,52.119999,30.959999,122.82,34.25,27.173334,30.709999,33.625,30.040001
9/8/2014,27.67,120.730003,36.439999,18.26,56.029999,84.559998,34.700001,262.079987,52.040001,29.49,36.099998,200.589996,52.060001,30.809999,122.699997,34.23,27.166666,30.719999,33.66,30.110001
9/9/2014,27.549999,120.870003,36,18.309999,55.650002,86.599998,34.619999,259.980011,51.525002,29.4,35.595001,199.320007,51.950001,30.799999,122.099998,34.189999,27.146667,30.709999,33.689999,30.01
9/10/2014,27.27,120.260002,35.91,18.24,55.459999,86.160004,34.259998,260.350006,51.505001,29.450001,35.505001,200.070007,51.93,30.6,122.040001,34.130001,27.026667,30.690001,33.445,30.01
9/11/2014,27.58,119.470001,35.310001,17.959999,55.380001,83.839996,34.689999,261.589996,51.884998,29.33,35.240002,200.300003,51.880001,30.58,121.919998,34.119999,26.973333,30.700001,33.389999,30.01
9/12/2014,27.290001,118.379997,35.02,17.889999,54.919998,83.879997,34.380001,259.089996,51.345001,29.280001,34.865002,199.130005,51.799999,30.34,121.830002,34.060001,26.5,30.700001,33.049999,29.940001
9/15/2014,27.4,118.639999,35.18,17.92,55.450001,85.599998,34.560001,258.059998,50.990002,29.27,34.744999,198.979996,51.77,30.33,121.650002,34.09,26.74,30.700001,33.084999,30.030001
9/16/2014,27.91,118.830002,35.099998,17.950001,55.939999,87.040001,35.25,259.5,51.044998,29.4,34.994999,200.479996,51.849998,30.440001,121.709999,34.09,26.639999,30.700001,32.994999,30.030001
9/17/2014,27.74,117.540001,35.049999,17.77,56.02,87.480003,35.009998,259.26001,51.224998,29.200001,34.779999,200.75,51.860001,30.219999,121.919998,34.060001,26.433332,30.68,32.869999,30.059999
9/18/2014,27.459999,117.779999,34.549999,17.77,55.810001,85.360001,34.619999,260.160004,51.459999,29.389999,34.900002,201.820007,51.84,30.299999,122.010002,34.040001,26.646667,30.67,32.959999,29.950001
9/19/2014,27.43,117.089996,33.790001,17.190001,56.220001,83.800003,34.57,258.01001,50.645,29.25,34.665001,200.699997,51.950001,30.24,122.220001,34.049999,26.846666,30.700001,33.314999,29.950001
9/22/2014,27.129999,116.849998,33.540001,17.08,55.599998,83.879997,34.189999,254.509995,50.040001,29.08,34.145,199.149994,52.02,30.139999,122.040001,34.110001,26.866667,30.700001,33.400002,29.950001
9/23/2014,27.25,117.599998,33.389999,17.07,55.990002,83.279999,34.439999,252.470001,49.779999,28.84,33.93,198.009995,52.029999,30.18,121.5,34.110001,26.993334,30.700001,33.595001,30.030001
9/24/2014,27.65,117.050003,33.650002,16.99,56.209999,84.720001,35,253.759995,50.005001,29.01,34.334999,199.559998,52,30.25,121.019997,34.09,26.9,30.700001,33.395,30.030001
9/25/2014,27.530001,117.389999,33.290001,16.83,56.599998,85.959999,34.830002,250.199997,49.375,28.57,33.685001,196.339996,52.130001,29.93,120.419998,34.18,27.066668,30.68,33.744999,30.01
9/26/2014,27.74,117.059998,32.970001,16.9,55.540001,86.32,35.16,252.160004,49.654999,28.73,33.855,197.899994,52.080002,29.98,120.269997,34.049999,26.879999,30.690001,33.720001,29.98
9/29/2014,27.940001,117.029999,33.34,16.780001,56.110001,88.32,35.52,251.550003,49.535,28.49,33.240002,197.539993,52.110001,29.690001,119.940002,34.110001,27.073334,30.67,33.93,30.030001
9/30/2014,27.129999,116.209999,32.860001,16.35,54.560001,88.440002,34.41,249.320007,49.130001,28.370001,33.244999,197.020004,52.110001,29.610001,120.540001,34.130001,26.993334,30.690001,33.82,30.139999
10/1/2014,26.870001,116.769997,32.939999,16.48,54.599998,86.239998,34.150002,245.970001,48.389999,28.059999,32.775002,194.350006,52.200001,29.67,120.239998,34.209999,27.16,30.700001,34.305,30.139999
10/2/2014,26.91,116.739998,33.279999,16.41,54.009998,85.120003,34.369999,246.520004,48.785,27.76,32.775002,194.380005,52.16,29.73,120.239998,34.099998,27.133333,30.690001,34.064999,30.129999
10/3/2014,26.469999,114.610001,33.209999,16.120001,53.09,86.519997,33.77,248.160004,49.185001,27.75,33.099998,196.520004,52.189999,29.549999,120.720001,34.09,27.266666,30.66,34.200001,30.059999
10/6/2014,26.73,116.029999,34.139999,16.6,53.98,83.839996,34.040001,247.470001,48.625,27.9,33.57,196.289993,52.169998,29.74,120.809998,34.169998,27.273333,30.700001,34.220001,30.120001
10/7/2014,26.309999,116.360001,34.799999,16.48,52.700001,84.519997,33.439999,243.850006,48.095001,27.440001,33.264999,193.259995,52.259998,29.85,120.419998,34.240002,27.453333,30.690001,34.645,30.15
10/8/2014,26.01,117.470001,34.720001,16.68,51.869999,82.720001,33,247.399994,48.790001,27.870001,33.744999,196.639999,52.279999,30.02,120.779999,34.34,27.540001,30.719999,34.665001,30.15
10/9/2014,25.280001,117.639999,34.669998,16.620001,50.349998,82.959999,32.110001,241.529999,47.689999,27.16,33.044998,192.740005,52.310001,29.93,119.550003,34.32,27.406666,30.700001,34.535,30.17
10/10/2014,25.389999,117.589996,34.02,16.639999,50.32,82.760002,32.18,237.279999,47.110001,26.700001,32.355,190.539993,52.279999,29.77,118.440002,34.380001,27.48,30.709999,34.834999,30.18
10/13/2014,25.16,118.519997,34.91,16.73,50.009998,83.879997,31.99,234.380005,46.994999,26.66,32.825001,187.410004,52.349998,29.950001,118.080002,34.490002,27.360001,30.709999,35.040001,30.23
10/14/2014,24.219999,118.589996,35.759998,16.68,48.639999,82,30.85,236.559998,47.544998,26.690001,33.005001,187.699997,52.380001,30.02,118.349998,34.439999,27.633333,30.73,35.220001,30.280001
10/15/2014,24.07,118.989998,35.240002,16.709999,48.049999,81.68,30.67,236.330002,48.029999,26.559999,32.525002,186.429993,52.610001,30,118.139999,34.48,27.700001,30.77,35.459999,30.379999
10/16/2014,24.469999,119.220001,35.84,16.67,49.220001,81.639999,31.1,238.860001,48.52,26.4,32.25,186.270004,52.330002,29.879999,118.919998,34.380001,27.533333,30.77,35.200001,30.32
10/17/2014,24.629999,118.989998,35.34,16.58,49.990002,80.879997,31.25,240.610001,48.200001,26.809999,32.529999,188.470001,52.169998,29.879999,120,34.459999,27.5,30.77,35.119999,30.290001
10/20/2014,24.459999,119.800003,35.310001,16.73,49.330002,78.879997,31.139999,243.070007,48.814999,27.030001,32.580002,190.300003,52.240002,30.1,121.080002,34.450001,27.686666,30.77,35.235001,30.309999
10/21/2014,24.6,120.019997,36,16.809999,49.669998,79.519997,31.299999,248.759995,49.630001,27.35,32.875,194.070007,52.240002,30.110001,121.589996,34.48,27.613333,30.790001,34.985001,30.309999
10/22/2014,24,119.339996,35.860001,16.459999,48.48,78.400002,30.549999,246.160004,48.950001,27.129999,32.595001,192.690002,52.23,30.040001,120.75,34.459999,27.6,30.780001,34.985001,30.26
10/23/2014,24.459999,118.519997,36.610001,16.5,49.810001,78.080002,31.059999,249.800003,49.799999,27.389999,32.654999,194.929993,52.240002,30.01,120.839996,34.400002,27.366667,30.780001,34.735001,30.27
10/24/2014,24.34,118.349998,35.919998,16.5,49.439999,77.440002,30.879999,250.759995,49.855,27.530001,32.834999,196.429993,52.220001,29.98,121.32,34.419998,27.353333,30.74,34.715,30.280001
10/27/2014,24.129999,118.059998,36.779999,16.42,48.869999,76.040001,30.639999,250.479996,49.735001,27.4,32.509998,196.160004,52.220001,29.959999,120.93,34.43,27.393333,30.73,34.779999,30.360001
10/28/2014,24.280001,118.099998,37.060001,16.49,49.490002,78.360001,30.82,254.75,51.235001,27.76,33.23,198.410004,52.220001,30.23,120.93,34.369999,27.346666,30.719999,34.605,30.23
10/29/2014,24.639999,116.410004,38.110001,16.379999,50.299999,79.360001,31.23,254.460007,51.330002,27.620001,33.205002,198.110001,52.240002,30.190001,121.139999,34.279999,27.34,30.719999,34.674999,30.17
10/30/2014,24.23,115.190002,37.630001,15.82,49.619999,80.239998,30.76,255.190002,51.625,27.780001,33.615002,199.380005,52.299999,30.32,121.080002,34.299999,27.373333,30.76,34.654999,30.190001
10/31/2014,24.18,112.660004,37.900002,15.5,49.52,81.120003,30.629999,258.119995,52.490002,28.23,33.865002,201.660004,52.369999,29.969999,121.080002,34.330002,27.373333,30.75,34.560001,30.25
11/3/2014,23.49,112.150002,37.689999,15.48,48.57,84.480003,29.76,258.619995,52.299999,27.99,33.709999,201.770004,52.299999,29.66,120.75,34.23,27.173334,30.690001,34.540001,30.139999
11/4/2014,23.09,112.220001,36.82,15.36,47.700001,86.959999,29.299999,257.519989,52.235001,27.75,33.75,201.070007,52.32,29.860001,120.360001,34.209999,27.233334,30.68,34.625,30.200001
11/5/2014,23.629999,109.790001,37.07,14.66,48.299999,87.839996,29.950001,258.540009,52.305,27.809999,33.535,202.339996,52.310001,29.719999,120.239998,34.209999,27.166666,30.68,34.599998,30.209999
11/6/2014,23.35,109.879997,37.099998,14.82,49.060001,92.639999,29.6,260.350006,52.360001,27.709999,33.105,203.149994,52.330002,29.469999,120.480003,34.040001,27.046667,30.68,34.389999,30.040001
11/7/2014,23.48,112.970001,36.970001,15.1,49.029999,91.599998,29.76,260.5,52.369999,27.76,33.23,203.339996,52.360001,29.6,120.540001,34.189999,27.24,30.700001,34.740002,30.040001
11/10/2014,23.110001,110.459999,36.830002,14.92,48.330002,89.800003,29.34,261.26001,52.544998,27.860001,33.334999,203.979996,52.380001,29.559999,120.57,34.119999,27.013334,30.67,34.43,30.17
11/11/2014,23.18,112.040001,37.639999,15.11,48.349998,88.32,29.42,261.339996,52.740002,28,33.294998,204.179993,52.369999,29.58,120.809998,34.189999,27.08,30.65,34.445,30.110001
11/12/2014,22.969999,111.5,38.110001,15.03,48.16,87.160004,29.139999,261.859985,53.09,27.870001,33.200001,203.960007,52.389999,29.5,120.599998,34.119999,27.059999,30.66,34.470001,30.120001
11/13/2014,22.280001,111.669998,38.73,14.97,46.09,83.360001,28.290001,260.690002,52.509998,27.9,33.049999,204.190002,52.400002,29.42,119.970001,34.16,27.026667,30.68,34.5,30.120001
11/14/2014,22.709999,114.470001,38.259998,15.63,47.209999,85.199997,28.83,260.549988,52.48,27.959999,33.334999,204.240005,52.439999,29.49,119.580002,34.119999,27.026667,30.66,34.669998,30.139999
11/17/2014,22.57,114.050003,38.080002,15.5,46.689999,89.800003,28.68,260.130005,52.049999,27.889999,32.970001,204.369995,52.470001,29.280001,119.370003,34.16,26.933332,30.67,34.560001,30.120001
11/18/2014,22.200001,115.050003,37.57,15.55,46.93,89.080002,28.200001,261.529999,52.275002,28.16,33.185001,205.550003,52.439999,29.459999,119.129997,34.189999,26.946667,30.67,34.665001,30.15
11/19/2014,22.219999,113.68,36.689999,15.48,46.939999,92.519997,28.25,260.649994,51.764999,28.07,33.174999,205.220001,52.389999,29.34,119.010002,34.130001,26.773333,30.66,34.474998,30.15
11/20/2014,22.620001,114.860001,37.560001,15.6,46.84,94.040001,28.73,261.920013,52.235001,27.99,33.095001,205.580002,52.5,29.48,118.949997,34.150002,26.866667,30.67,34.639999,30.15
11/21/2014,22.92,115.389999,37.639999,15.79,47.580002,89.919998,29.1,263.170013,52.244999,28.190001,34.060001,206.679993,52.560001,29.639999,119.610001,34.209999,27.033333,30.66,34.834999,30.16
11/24/2014,22.639999,115.110001,37.52,15.78,46.91,87.400002,28.74,264.940002,52.75,28.309999,33.830002,207.259995,52.540001,29.540001,119.639999,34.259998,27.08,30.690001,34.830002,30.16
11/25/2014,22.040001,115.379997,38.220001,15.98,46.639999,90.279999,28.030001,265.01001,52.955002,28.370001,33.724998,207.110001,52.700001,29.66,119.82,34.32,27.333334,30.700001,35.139999,30.16
11/26/2014,21.940001,115.160004,38.380001,15.87,46.529999,88.440002,27.9,264.980011,53.130001,28.459999,33.915001,207.639999,52.75,29.799999,119.940002,34.380001,27.440001,30.719999,35.235001,30.190001
11/28/2014,20.030001,112.110001,38.240002,14.83,43.139999,85.040001,25.58,262.859985,52.830002,28.17,33.334999,207.199997,52.77,29.540001,118.739998,34.389999,27.553333,30.73,35.419998,30.200001
12/1/2014,20.700001,116.580002,38.869999,15.78,43.82,81.839996,26.32,259.540009,51.689999,28.190001,32.785,205.759995,52.779999,29.440001,117.269997,34.299999,27.200001,30.700001,35.209999,30.200001
12/2/2014,20.040001,115.139999,38.09,15.75,42.200001,79,25.58,261.130005,52.16,28.25,32.900002,207.089996,52.669998,29.18,117.629997,34.189999,26.986666,30.68,34.875,30.139999
12/3/2014,20.040001,116.330002,37.82,15.73,42,77.440002,25.58,263.339996,52.779999,28.299999,33.02,207.889999,52.68,29.040001,117.629997,34.189999,27.113333,30.65,34.985001,30.129999
12/4/2014,19.82,115.879997,38.25,15.77,41.639999,74.239998,25.34,262.929993,52.369999,28.190001,32.860001,207.660004,52.650002,29.09,117.510002,34.23,27.233334,30.67,35.345001,30.15
12/5/2014,19.51,114.43,38.939999,15.61,40.970001,77.360001,24.959999,263.329987,52.77,28.209999,32.945,208,52.48,28.860001,117.389999,34.060001,27.113333,30.610001,35.119999,30.07
12/8/2014,18.65,115.779999,38.810001,15.71,39.580002,73.879997,23.91,261.459991,52.115002,27.92,32.384998,206.610001,52.560001,28.639999,116.669998,34.130001,27.266666,30.6,35.450001,30.059999
12/9/2014,18.860001,118.190002,38.900002,16.32,39.919998,74.120003,24.200001,262.920013,53,27.83,32.029999,206.470001,52.66,28.690001,116.339996,34.150002,27.246666,30.6,35.650002,30.07
12/10/2014,18.129999,117.959999,38.580002,16.370001,38.450001,75.440002,23.280001,257.829987,51.884998,27.469999,31.645,203.160004,52.810001,28.58,114.959999,34.209999,27.246666,30.58,35.945,30.09
12/11/2014,17.610001,117.690002,39.040001,16.33,37.689999,74.559998,22.68,259.290009,51.98,27.42,31.280001,204.190002,52.790001,28.41,114.239998,34.169998,27.313334,30.620001,35.904999,30.110001
12/12/2014,17.030001,117.410004,39.68,16.299999,37.040001,76.879997,21.93,255.710007,51.494999,26.92,30.9,200.889999,52.860001,28.27,112.889999,34.330002,27.506666,30.59,36.485001,30.16
12/15/2014,16.24,114.389999,39.98,15.47,36.240002,76.080002,21.059999,253.889999,51.110001,26.57,30.285,199.509995,52.93,28.030001,113.220001,34.189999,27.42,30.57,36.415001,30.129999
12/16/2014,16.49,114.949997,39.759998,15.08,35.720001,74.120003,21.299999,253.350006,50.945,26.780001,30.165001,197.910004,53.040001,27.790001,112.379997,34.240002,27.446667,30.59,36.82,30.15
12/17/2014,16.52,114.269997,40.32,15.1,36.139999,75.199997,21.34,259.160004,52.275002,27.1,30.92,201.789993,53.040001,28.4,114.510002,34.099998,27.513334,30.59,36.535,30.129999
12/18/2014,16.049999,115.150002,40.790001,15.25,35.59,74.959999,20.74,263.640015,52.939999,27.549999,31.445,206.779999,52.98,28.360001,115.32,34.09,27.173334,30.6,36.009998,30.07
12/19/2014,17.030001,114.769997,40.310001,15.39,36.830002,70.800003,21.959999,263.299988,51.514999,27.24,31.190001,206.520004,53.049999,28.58,116.669998,34.130001,27.666666,30.559999,36.349998,30.059999
12/22/2014,16.16,112.550003,40.16,14.99,35.509998,65.440002,20.92,264.380005,51.974998,27.280001,31.555,207.470001,53.119999,28.370001,116.519997,34.200001,27.746666,30.59,36.424999,30.07
12/23/2014,16.68,112.739998,40.529999,15.04,36.52,64.919998,21.559999,265.309998,52.139999,27.27,31.315001,207.75,52.990002,28.280001,116.879997,34.169998,27.413334,30.540001,35.82,30.030001
12/24/2014,16.280001,112.769997,39.700001,15.09,35.610001,62.439999,21.049999,265.899994,52.404999,27.35,31.42,207.770004,52.959999,28.049999,117.209999,34.169998,27.513334,30.58,35.889999,30.02
12/26/2014,16.059999,114.830002,40.16,15.35,35.080002,61.919998,20.780001,266.570007,52.685001,27.469999,31.52,208.440002,53.02,28.33,116.849998,34.169998,27.573334,30.58,36.029999,30.030001
12/29/2014,15.66,113.669998,40.080002,15.11,33.810001,64.279999,20.299999,267.809998,52.955002,27.290001,31.475,208.720001,53.080002,28.34,116.43,34.16,27.620001,30.549999,36.174999,30.110001
12/30/2014,15.65,115.199997,39.490002,15.58,33.630001,62.880001,20.290001,266.730011,52.755001,27.120001,31.445,207.600006,53.139999,28.35,116.339996,34.189999,27.673334,30.559999,36.27,30.059999
12/31/2014,15.7,113.580002,38.59,15.06,34.150002,59.080002,20.360001,263.970001,52.259998,26.9,31.42,205.539993,53.110001,28.41,115.830002,34.18,27.573334,30.58,36.435001,30.08
1/2/2015,15.28,114.080002,38.18,15.11,33.220001,59.84,19.889999,263.549988,51.959999,26.76,31.205,205.429993,53.349998,28.24,116.040001,34.27,27.846666,30.57,36.669998,30.1
1/5/2015,14.43,115.800003,39.209999,15.5,31.76,59.48,18.790001,259.649994,51.075001,26.139999,30.790001,201.720001,53.330002,27.969999,115.230003,34.279999,27.986666,30.530001,37.255001,30.120001
1/6/2015,13.82,117.120003,39.439999,15.83,31.120001,59.720001,18.049999,256.609985,50.349998,25.83,30.725,199.820007,53.450001,27.870001,114.690002,34.389999,28.313334,30.530001,37.875,30.16
1/7/2015,14.05,116.43,38.799999,15.85,30.690001,58.32,18.370001,260.079987,50.790001,26.120001,31.32,202.309998,53.41,28.209999,115.32,34.389999,28.326666,30.549999,37.805,30.15
1/8/2015,14.2,115.940002,38.400002,15.64,30.889999,59.759998,18.549999,264.109985,51.715,26.450001,31.940001,205.899994,53.389999,28.32,116.099998,34.349998,28.1,30.6,37.369999,30.16
1/9/2015,14,117.260002,38.560001,15.77,30.4,59.959999,18.280001,261.880005,51.32,26.33,31.745001,204.25,53.360001,28.299999,116.730003,34.43,28.280001,30.620001,37.720001,30.209999
1/12/2015,13.27,118.559998,38.02,15.87,29.48,56.720001,17.41,260.480011,50.994999,26.209999,31.495001,202.649994,53.48,28.27,116.610001,34.450001,28.293333,30.610001,37.91,30.24
1/13/2015,13.43,118.160004,37.110001,16.290001,29.450001,59.759998,17.620001,260.359985,51.174999,26.379999,31.639999,202.080002,53.529999,28.450001,116.489998,34.470001,28.366667,30.639999,37.939999,30.25
1/14/2015,13.99,117.970001,36.790001,16.129999,31.02,66.720001,18.27,259.290009,51.055,26.33,31.51,200.860001,53.66,28.530001,116.220001,34.52,28.453333,30.629999,38.200001,30.299999
1/15/2015,13.3,120.940002,36.330002,16.15,29.969999,64.480003,17.450001,256.410004,50.16,26.459999,31.58,199.020004,53.41,28.24,115.559998,34.630001,28.526667,30.65,38.855,30.35
1/16/2015,14.04,122.519997,36.599998,16.950001,31.360001,62.759998,18.33,259.980011,51.075001,26.75,31.844999,201.630005,53.720001,28.57,115.889999,34.540001,28.293333,30.610001,38.299999,30.309999
1/20/2015,13.32,124.199997,36.77,17.18,30.360001,58.759998,17.48,259.48999,50.674999,26.780001,31.805,202.059998,53.700001,28.33,115.889999,34.509998,28.66,30.620001,38.799999,30.299999
1/21/2015,13.57,124.230003,36.619999,17.370001,30.49,60.080002,17.77,261.049988,50.485001,26.959999,32.575001,203.080002,53.779999,28.42,116.339996,34.459999,28.433332,30.66,38.360001,30.280001
1/22/2015,13.27,125.230003,36.43,17.610001,30.65,58.200001,17.41,265.920013,51.740002,27.09,33.07,206.100006,53.709999,28.59,116.489998,34.490002,28.386667,30.629999,38.220001,30.25
1/23/2015,12.94,124.230003,36.330002,17.51,30.91,59.880001,17,264.559998,51.695,26.950001,32.860001,204.970001,54.029999,28.700001,116.519997,34.610001,28.68,30.67,38.674999,30.280001
1/26/2015,12.82,122.989998,36.16,17.129999,30.25,58.200001,16.870001,267.690002,52.040001,27.290001,32.849998,205.449997,53.959999,28.370001,117.209999,34.580002,28.66,30.65,38.654999,30.299999
1/27/2015,13.11,124.400002,35.900002,17.33,31.129999,59.119999,17.209999,265.880005,51.720001,27.33,32.755001,202.740005,53.91,28.700001,117.059998,34.619999,28.653334,30.68,38.654999,30.309999
1/28/2015,12.57,123.419998,35.27,17.23,31.110001,58.200001,16.559999,262.640015,50.98,26.98,32.25,200.139999,54.029999,28.530001,116.610001,34.740002,28.953333,30.709999,39.205002,30.34
1/29/2015,12.65,120.760002,35.299999,16.24,31.459999,55.52,16.68,264.600006,51.439999,27.26,32.439999,201.990005,53.98,28.469999,117.059998,34.639999,28.926666,30.690001,38.955002,30.309999
1/30/2015,13.62,123.449997,35.07,16.540001,32.950001,54.68,17.82,261.070007,50.5,26.91,31.535,199.449997,54.060001,28.23,116.82,34.810001,29.266666,30.700001,39.599998,30.370001
2/2/2015,14.27,122.419998,34.830002,16.469999,34.860001,54.68,18.620001,263.059998,50.994999,27.26,32.16,201.919998,54.07,28.33,116.519997,34.73,29.113333,30.709999,39.345001,30.360001
2/3/2015,15.09,121.050003,36.220001,16.549999,35.779999,56.32,19.620001,267.890015,52,27.66,32.66,204.839996,53.950001,28.559999,117.089996,34.650002,28.746666,30.690001,38.59,30.32
2/4/2015,14.09,121.580002,35.900002,16.629999,33.689999,54.279999,18.280001,266.790009,52.049999,27.43,32.439999,204.059998,53.900002,28.280001,116.760002,34.66,28.773333,30.67,38.700001,30.33
2/5/2015,14.56,121.790001,36.400002,16.58,34.540001,53.119999,19.030001,269.570007,52.599998,27.77,32.68,206.119995,53.799999,28.42,117.449997,34.650002,28.626667,30.709999,38.294998,30.309999
2/6/2015,14.76,118.639999,36.32,16.030001,35.169998,52.68,19.469999,268.559998,52.450001,27.389999,32.154999,205.550003,53.639999,28.07,117.690002,34.490002,28.406666,30.610001,37.705002,30.18
2/9/2015,14.98,119.169998,36.650002,16.32,35.560001,53.200001,19.77,267.130005,52.005001,27.33,32.105,204.630005,53.610001,28.07,117.57,34.380001,28.326666,30.639999,37.68,30.16
2/10/2015,14.67,118.470001,36.23,16.190001,35.259998,54.880001,18.940001,269.369995,52.310001,27.51,32.064999,206.809998,53.48,27.84,117.900002,34.41,28.206667,30.610001,37.349998,30.15
2/11/2015,14.48,117.07,36.240002,16.08,34.810001,57.599998,18.51,269.209991,52.189999,27.379999,31.924999,206.929993,53.630001,27.65,117.93,34.419998,28.193333,30.629999,37.380001,30.129999
2/12/2015,14.8,117.339996,36.110001,16.15,35.939999,55.52,19.18,271.73999,52.935001,27.790001,32.52,208.919998,53.709999,27.860001,117.989998,34.330002,28.133333,30.66,37.264999,30.17
2/13/2015,14.88,117.980003,36.650002,16.540001,36.560001,56.880001,19.620001,273.5,53.115002,27.969999,32.834999,209.779999,53.599998,27.91,118.290001,34.25,27.9,30.639999,36.880001,30.16
2/17/2015,14.9,116.010002,36.950001,15.83,36.07,56.759998,19.790001,273.450012,53.255001,28.059999,32.735001,210.110001,53.59,27.889999,118.230003,34.23,27.706667,30.620001,36.43,30.110001
2/18/2015,14.6,116.339996,36.369999,15.75,35.630001,57.439999,19.26,274.299988,53.279999,28.219999,32.715,210.130005,53.52,27.950001,118.529999,34.369999,27.906666,30.620001,36.525002,30.16
2/19/2015,14.45,115.940002,36.689999,15.7,36.209999,57.799999,19.1,274.01001,53.384998,28.209999,32.73,209.979996,53.540001,27.74,118.410004,34.360001,27.906666,30.65,36.439999,30.15
2/20/2015,14.4,115.279999,36.220001,15.54,36.189999,60.119999,18.65,275.970001,53.415001,28.49,32.900002,211.240005,53.57,27.85,118.650002,34.299999,27.9,30.65,36.48,30.129999
2/23/2015,14.32,115.43,35.810001,15.63,36.150002,58.360001,18.110001,275.98999,53.5,28.389999,32.595001,211.210007,53.650002,27.690001,118.769997,34.389999,28.16,30.690001,36.869999,30.16
2/24/2015,14.31,115.260002,35.970001,15.56,35.810001,58.52,18.040001,276.339996,53.619999,28.540001,33.049999,211.809998,53.73,27.9,118.980003,34.57,28.393333,30.73,37.305,30.219999
2/25/2015,14.74,115.699997,35.73,15.83,37.709999,58,18.65,276.029999,53.634998,28.6,32.915001,211.630005,53.849998,27.84,119.040001,34.57,28.559999,30.74,37.48,30.209999
2/26/2015,14.42,116.07,36.150002,15.84,37.709999,54.560001,18.030001,275.290009,53.785,28.51,32.845001,211.380005,53.860001,27.93,119.190002,34.43,28.246666,30.709999,37.009998,30.18
2/27/2015,14.63,116.160004,36.5,15.87,38.830002,54.959999,18.1,274.200012,53.764999,28.57,32.880001,210.660004,53.889999,27.99,119.339996,34.459999,28.426666,30.74,37.330002,30.200001
3/2/2015,14.51,115.68,35.959999,15.66,37.669998,54.68,18.32,276.299988,53.955002,28.549999,32.790001,211.990005,53.700001,27.639999,118.739998,34.299999,27.973333,30.67,36.59,30.139999
3/3/2015,14.68,115.470001,36.119999,15.58,38.450001,54.84,18.49,274.779999,53.575001,28.41,32.599998,211.119995,53.59,27.6,118.379997,34.290001,27.82,30.639999,36.450001,30.120001
3/4/2015,14.55,115.110001,35.73,15.49,37.830002,56.200001,19.01,273.73999,53.380001,28.32,32.334999,210.229996,53.59,27.540001,118.199997,34.27,27.846666,30.65,36.485001,30.129999
3/5/2015,14.49,115,35.349998,15.53,37.23,57.560001,18.709999,274.149994,53.389999,28.370001,32.23,210.460007,53.66,27.469999,118.32,34.290001,27.886667,30.67,36.465,30.16
3/6/2015,14.32,111.860001,35.18,15.19,36.939999,57.48,18.24,270.720001,52.549999,28.030001,31.735001,207.5,53.540001,26.91,117.660004,34.150002,27.433332,30.65,35.674999,30.049999
3/9/2015,14.18,111.970001,35.59,15.1,36.84,54.48,18.35,271.690002,52.970001,28.08,31.57,208.360001,53.639999,26.870001,117.57,34.25,27.620001,30.629999,35.985001,30.1
3/10/2015,13.9,111.419998,35.529999,15.02,35.779999,55.200001,17.91,268.269989,52.349998,27.48,30.915001,204.979996,53.830002,26.620001,117.300003,34.259998,27.706667,30.6,36.43,30.120001
3/11/2015,13.97,110.75,35.830002,14.84,35.860001,57.32,17.77,270.23999,52.57,27.540001,31.094999,204.5,53.91,26.469999,117.480003,34.310001,27.9,30.639999,36.685001,30.120001
3/12/2015,13.89,110.720001,35.900002,14.92,35.509998,55.599998,17.440001,273.220001,53.639999,27.9,31.299999,207.100006,53.91,26.549999,117.75,34.299999,27.98,30.6,36.66,30.110001
3/13/2015,13.48,110.879997,35.16,14.9,34.459999,55.240002,16.799999,271.589996,53.439999,27.74,30.885,205.830002,53.900002,26.200001,117.209999,34.27,27.700001,30.639999,36.555,30.139999
3/16/2015,13.31,110.809998,35.32,14.99,33.970001,55.560001,16.35,274.829987,53.610001,28.049999,31.165001,208.580002,53.720001,26.459999,117,34.299999,27.806667,30.620001,36.880001,30.18
3/17/2015,13.02,110.209999,34.59,14.9,33.919998,57.599998,15.96,275.339996,53.805,27.99,31.395,207.960007,53.650002,26.51,116.43,34.310001,27.946667,30.629999,37.145,30.16
3/18/2015,13.66,112.370003,35.080002,15.36,35.810001,58.68,16.76,278.079987,54.195,28.540001,32.044998,210.460007,53.900002,26.790001,117.449997,34.59,28.293333,30.66,37.799999,30.26
3/19/2015,13.17,112.290001,34.900002,15.44,34.82,57.040001,16.08,277.309998,54.285,28.23,31.674999,209.5,54.02,26.540001,116.550003,34.419998,28.093334,30.610001,37.625,30.24
3/20/2015,13.39,113.57,35.889999,16,35.09,56.400002,16.43,279.670013,54.825001,28.790001,32.060001,210.410004,54.07,27.01,117.389999,34.52,28.200001,30.66,37.855,30.26
3/23/2015,13.48,114.290001,36.360001,16.299999,35.470001,55.599998,16.780001,279.51001,54.810001,28.969999,32.205002,210,54.049999,27.27,117.57,34.540001,28.280001,30.67,37.759998,30.27
3/24/2015,13.43,114.57,36.279999,16.280001,35.330002,56.400002,16.790001,278.309998,54.845001,28.950001,32.279999,208.820007,54.029999,27.49,117.660004,34.599998,28.386667,30.67,38.119999,30.280001
3/25/2015,13.6,114.730003,36.18,16.24,35.959999,55.279999,17.360001,273.570007,53.674999,28.77,31.834999,205.759995,54.009998,27.549999,117.419998,34.52,28.226667,30.68,37.825001,30.280001
3/26/2015,14.04,115.480003,35.650002,16.299999,36.919998,53.959999,18.209999,273.040009,53.564999,28.530001,31.635,205.270004,53.970001,27.49,117.449997,34.459999,27.9,30.67,37.294998,30.219999
3/27/2015,13.49,115.059998,35.689999,16.219999,35.240002,53.32,17.139999,274.290009,53.84,28.51,31.605,205.740005,53.939999,27.34,117.419998,34.509998,28.246666,30.67,37.709999,30.27
3/30/2015,13.64,113.75,36.290001,15.98,35.169998,53.080002,17.23,278.200012,54.470001,28.620001,32.25,208.25,53.970001,27.33,117.690002,34.490002,28.213333,30.73,37.529999,30.280001
3/31/2015,13.49,113.660004,35.279999,15.93,34.84,52.959999,16.84,277.23999,54.349998,28.23,32.110001,206.429993,54.09,27.25,117.660004,34.540001,28.233334,30.75,37.610001,30.35
4/1/2015,13.8,115.599998,35.950001,16.23,35.939999,52.400002,17.58,276.200012,54.174999,28.379999,32.57,205.699997,54.049999,27.389999,117.389999,34.59,28.4,30.719999,38.040001,30.309999
4/2/2015,13.63,115.279999,36.189999,16.02,34.900002,54.400002,17.559999,277.190002,54.334999,28.66,32.965,206.440002,53.950001,27.709999,117.449997,34.59,28.280001,30.74,37.639999,30.309999
4/6/2015,14.05,116.690002,35.91,16.27,36.18,53.360001,18.43,279.519989,54.435001,28.92,33.360001,207.830002,54.060001,27.83,117.720001,34.639999,28.18,30.73,37.439999,30.33
4/7/2015,14.12,116.110001,35.709999,16.15,36.580002,53.48,19.059999,277.220001,54.064999,28.889999,33.264999,207.279999,54.02,27.76,118.080002,34.650002,28.453333,30.719999,37.775002,30.35
4/8/2015,13.75,115.470001,35.529999,15.81,34.540001,52.720001,18.07,278.679993,54.380001,29,33.915001,207.979996,54.09,27.98,118.139999,34.599998,28.440001,30.719999,37.685001,30.360001
4/9/2015,13.82,114.669998,35.080002,15.51,34.650002,51,18.030001,278.609985,54.105,29.07,34.259998,208.899994,54.07,27.9,118.080002,34.560001,28.24,30.709999,37.275002,30.32
4/10/2015,13.99,115.970001,35.130001,15.77,35.720001,50.439999,18.41,279.230011,54.465,29.139999,34.185001,210.039993,54.119999,27.73,118.199997,34.549999,28.073334,30.74,37.330002,30.27
4/13/2015,14.11,115.139999,34.41,15.6,35.540001,50.360001,18.5,278.269989,54.525002,28.98,34.145,209.089996,54.139999,27.559999,118.260002,34.59,28.206667,30.75,37.384998,30.059999
4/14/2015,14.15,114.440002,34.48,15.51,36.16,50.799999,18.82,278.549988,54.369999,29.16,34.275002,209.490005,54.189999,27.73,118.410004,34.610001,28.366667,30.73,37.639999,30.33
4/15/2015,14.61,115.43,34.549999,15.63,37.950001,52.119999,19.709999,279.769989,54.84,29.379999,34.435001,210.429993,54.23,27.76,118.709999,34.689999,28.293333,30.75,37.605,30.33
4/16/2015,14.79,115.029999,34.580002,15.57,38.23,53.84,19.940001,279.029999,54.720001,29.469999,34.744999,210.369995,54.139999,28.02,118.589996,34.68,28.166666,30.73,37.494999,30.35
4/17/2015,14.73,115.599998,34.700001,15.56,38.110001,52.959999,19.84,275.76001,53.900002,29.129999,34.009998,207.949997,54.16,27.84,118.230003,34.720001,28.326666,30.719999,37.830002,30.34
4/20/2015,14.83,114.720001,34.84,15.29,38.119999,51.119999,19.889999,278.170013,54.439999,29.200001,33.935001,209.850006,54.09,27.76,118.589996,34.68,28.200001,30.719999,37.52,30.33
4/21/2015,14.65,115.379997,34.740002,15.32,37.32,51.720001,19.450001,278.089996,54.365002,29.370001,34.18,209.600006,54,27.790001,118.650002,34.669998,28.02,30.719999,37.369999,30.34
4/22/2015,14.74,113.830002,34.59,15.11,37.91,52.200001,19.360001,278.899994,54.465,29.43,34.52,210.630005,53.900002,27.74,118.620003,34.59,27.746666,30.719999,36.830002,30.290001
4/23/2015,14.93,114.660004,34.599998,15.21,39.189999,51.040001,19.76,280.269989,54.700001,29.620001,34.720001,211.160004,53.869999,27.83,118.589996,34.650002,27.873333,30.74,36.98,30.280001
4/24/2015,14.98,113.050003,33.98,15.06,39.43,50.84,19.67,279.109985,54.639999,29.75,34.830002,211.649994,54.060001,27.870001,118.739998,34.720001,27.9,30.74,37.25,30.34
4/27/2015,14.89,115.330002,33.619999,15.66,39.330002,49.560001,19.52,276.820007,54.205002,29.879999,35.084999,210.770004,54.02,27.969999,118.830002,34.669998,27.953333,30.76,37.200001,30.34
4/28/2015,14.88,116.330002,33.630001,15.87,39.25,50,19.6,277.940002,54.560001,29.93,35.134998,211.440002,53.970001,28.219999,118.739998,34.560001,27.806667,30.76,36.744999,30.309999
4/29/2015,15.02,115.510002,34.060001,15.81,39.34,51.119999,20.120001,276.220001,54.064999,29.66,34.810001,210.570007,53.549999,28.1,118.470001,34.549999,27.379999,30.719999,36.305,30.309999
4/30/2015,15.18,113.470001,33.669998,15.43,40.25,53.84,20.51,273.149994,52.959999,29.4,34.404999,208.460007,53.48,27.969999,118.32,34.52,27.346666,30.700001,36.415001,30.26
5/1/2015,15.23,113.080002,33.439999,15.47,40.25,54.84,20.4,275.269989,53.244999,29.610001,34.494999,210.720001,53.419998,27.85,118.019997,34.360001,27.006666,30.709999,35.84,30.24
5/4/2015,15.21,114.099998,33.439999,15.7,39.93,55.599998,20.280001,276.450012,53.459999,29.66,34.669998,211.320007,53.259998,27.719999,118.110001,34.330002,26.873333,30.68,35.544998,30.24
5/5/2015,15.31,114.419998,33.509998,15.81,40.490002,55.16,20.76,272.820007,52.814999,29.25,34.349998,208.899994,53.07,27.780001,118.019997,34.349998,26.846666,30.66,35.59,30.209999
5/6/2015,15.3,114.360001,33.830002,15.77,39.84,54.68,20.82,272.950012,52.990002,29.23,33.924999,208.039993,52.779999,27.83,117.660004,34.200001,26.413334,30.68,34.945,30.200001
5/7/2015,14.9,113.419998,33.459999,15.6,39.02,54.200001,20.200001,273.970001,53.145,29.18,33.884998,208.869995,52.919998,27.709999,117.57,34.299999,26.606667,30.700001,35.345001,30.190001
5/8/2015,15.01,113.970001,33.720001,15.76,39.169998,56.52,20.42,276.320007,53.595001,29.799999,34.349998,211.619995,53.029999,27.85,118.32,34.439999,26.620001,30.719999,35.445,30.25
5/11/2015,15.06,113.529999,33.580002,15.57,39.060001,55.639999,20.379999,276.329987,53.66,29.59,34.02,210.610001,52.880001,27.6,117.809998,34.220001,26.313334,30.690001,34.66,30.200001
5/12/2015,15.23,114.5,33.380001,15.81,39.799999,57.279999,20.74,275.690002,53.310001,29.549999,34.174999,209.979996,52.639999,27.67,117.779999,34.25,26.24,30.690001,34.720001,30.23
5/13/2015,15.16,116.550003,33.470001,16.35,39.880001,57.919998,20.610001,276.01001,53.395,29.74,34.150002,210.020004,52.560001,27.74,117.599998,34.25,26.186666,30.709999,34.5,30.290001
5/14/2015,15.14,117.18,34.279999,16.65,40.439999,59.360001,20.530001,278.970001,54,30.07,34.529999,212.210007,52.560001,28,118.230003,34.32,26.219999,30.74,34.57,30.25
5/15/2015,15.08,117.529999,34.060001,16.75,40.349998,59.52,20.52,278.76001,53.904999,30.120001,34.700001,212.440002,52.860001,28.09,118.349998,34.41,26.620001,30.77,35.205002,30.370001
5/18/2015,14.98,117.519997,34.380001,16.889999,40.189999,59.599998,20.440001,280.980011,54.465,29.940001,34.5,213.100006,52.77,28.049999,118.110001,34.330002,26.360001,30.719999,34.66,30.309999
5/19/2015,14.52,115.889999,33.790001,16.379999,39.27,58.48,19.629999,280.660004,54.240002,29.9,34.599998,213.029999,52.880001,27.879999,117.870003,34.220001,26.200001,30.700001,34.380001,30.200001
5/20/2015,14.61,116.080002,33.650002,16.370001,39.790001,57.84,19.84,280.720001,54.549999,29.870001,34.52,212.880005,52.82,27.74,117.870003,34.27,26.113333,30.700001,34.470001,30.209999
5/21/2015,14.96,115.690002,33.970001,16.389999,40.790001,58.279999,20.5,281.019989,54.360001,30.049999,34.485001,213.5,52.810001,27.790001,117.989998,34.32,26.32,30.719999,34.895,30.18
5/22/2015,14.81,115.599998,33.529999,16.34,40.450001,56.599998,20.25,280.790009,54.169998,29.91,34.580002,212.990005,52.830002,27.620001,118.139999,34.27,26.293333,30.690001,34.849998,30.190001
5/26/2015,14.47,113.910004,32.900002,16.02,39.23,55.279999,19.690001,277.630005,53.445,29.42,34.080002,210.699997,52.98,27.32,117.959999,34.310001,26.6,30.67,35.474998,30.26
5/27/2015,14.25,113.889999,32.630001,15.96,38.310001,55.119999,19.48,280.149994,54.205002,29.65,34.27,212.699997,53,27.34,118.260002,34.32,26.646667,30.67,35.584999,30.219999
5/28/2015,14.3,114.019997,32.779999,15.97,38.93,52.68,19.559999,279.619995,54.134998,29.620001,33.785,212.460007,53.029999,27.389999,118.139999,34.330002,26.626667,30.67,35.395,30.23
5/29/2015,14.74,114.099998,32.540001,15.99,40.630001,51.48,20.309999,277.690002,53.880001,29.34,33.395,211.139999,53.139999,27.32,118.260002,34.32,26.559999,30.66,35.509998,30.299999
6/1/2015,14.72,114,32.84,16,40.41,51.560001,20.360001,278.26001,53.880001,29.280001,33.400002,211.570007,52.98,27.24,117.660004,34.139999,26.18,30.67,35.099998,30.200001
6/2/2015,14.97,114.459999,33.630001,16.07,40.91,52.32,20.68,278.459991,54.084999,29.4,33.535,211.360001,52.75,27.35,117.540001,34.09,25.973333,30.639999,34.68,30.209999
6/3/2015,14.71,113.639999,33.470001,15.83,40.369999,51.200001,20.17,279.910004,54.705002,29.530001,33.345001,211.919998,52.400002,27.209999,116.940002,33.990002,25.726667,30.59,34.099998,30.16
6/4/2015,14.42,112.839996,34.040001,15.48,39.189999,51,19.66,277.350006,54.095001,29.24,32.915001,210.130005,52.389999,27.09,116.669998,34.049999,25.906666,30.6,34.494999,30.190001
6/5/2015,14.67,112.239998,33.740002,15.39,39.970001,50.16,19.9,278.149994,54.294998,28.940001,32.66,209.770004,52.34,27.08,116.400002,33.93,25.719999,30.6,34.119999,30.129999
6/8/2015,14.53,112.57,34.16,15.32,39.599998,52.48,19.709999,276.429993,54.369999,28.9,32.715,208.479996,52.259998,26.83,116.279999,33.950001,25.693333,30.610001,34.09,30.190001
6/9/2015,14.82,112.82,34.330002,15.29,40.93,54.959999,20.209999,275.609985,54.080002,28.809999,32.540001,208.449997,52.16,27,116.099998,33.889999,25.526667,30.59,33.84,30.040001
6/10/2015,15.01,113.779999,33.639999,15.32,42.25,56.080002,20.639999,278.769989,54.950001,29.35,32.794998,210.949997,52.009998,27.23,116.099998,33.84,25.360001,30.59,33.555,30.09
6/11/2015,14.97,113.260002,33.299999,15.33,41.959999,54.720001,20.49,280.440002,54.834999,29.389999,32.865002,211.630005,52.18,27.110001,116.370003,33.939999,25.733334,30.58,34.220001,30.120001
6/12/2015,14.77,113.230003,32.990002,15.25,41.720001,53.52,20.27,279.170013,54.799999,29.129999,32.779999,210.009995,52.330002,27.09,116.07,33.889999,25.726667,30.559999,34.205002,30.15
6/15/2015,14.74,113.730003,32.509998,15.4,41.32,56.119999,20.15,277.549988,54.695,29.01,32.595001,209.110001,52.349998,27.07,115.470001,33.959999,25.76,30.549999,34.285,30.209999
6/16/2015,14.84,113.32,33.060001,15.32,41.970001,56.16,20.26,279.390015,55.084999,28.99,32.580002,210.25,52.200001,27.16,115.949997,33.939999,25.9,30.540001,34.525002,30.129999
6/17/2015,14.84,113.849998,33.419998,15.45,41.419998,55.439999,20.209999,279.220001,55.025002,28.93,32.794998,210.589996,52.32,27.17,115.889999,34.009998,25.766666,30.58,34.310001,30.209999
6/18/2015,14.94,115.32,33.32,15.46,41.529999,54.040001,20.360001,281.660004,55.540001,29.200001,33.049999,212.779999,52.200001,27.25,116.190002,33.98,25.66,30.58,34.125,30.15
6/19/2015,14.73,115.120003,33.099998,15.42,40.66,54.400002,20.02,279.850006,55.435001,28.73,32.654999,210.809998,52.389999,27.200001,116.099998,34.09,25.853333,30.58,34.555,30.219999
6/22/2015,14.84,113.639999,33.82,15.49,40.23,53.080002,20.16,281.359985,55.669998,29.219999,32.869999,211.889999,52.18,27.4,116.550003,33.970001,25.506666,30.59,33.935001,30.24
6/23/2015,15.02,112.889999,34.509998,15.14,41.380001,52.84,20.469999,281.529999,55.814999,29.360001,33.134998,212.039993,52.25,27.34,116.519997,33.900002,25.393333,30.59,33.720001,30.18
6/24/2015,14.82,112.589996,34.310001,15.19,40.830002,53.52,20.209999,278.869995,55.455002,29.120001,33,210.5,52.25,27.25,116.309998,33.939999,25.506666,30.58,33.965,30.24
6/25/2015,14.67,112.440002,35.349998,15.17,40.389999,54.880001,19.98,277.959991,55.355,29.110001,32.82,209.860001,52.27,27.25,116.129997,33.959999,25.426666,30.57,33.855,30.190001
6/26/2015,14.69,112.559998,36.279999,15.11,40.669998,53.279999,19.98,278.390015,55.209999,29.07,32.560001,209.820007,52.099998,27.059999,115.739998,33.860001,25.226667,30.549999,33.509998,30.16
6/29/2015,14.35,113.07,36.48,15.03,40.220001,53.84,19.51,272.630005,54.055,28.23,31.674999,205.419998,52.200001,27.049999,114.900002,34,25.719999,30.58,34.325001,30.23
6/30/2015,14.6,112.370003,38.990002,15.03,41.209999,54.240002,19.879999,273.200012,54.200001,28.120001,32.220001,205.850006,52.369999,27.08,115.290001,33.970001,25.526667,30.6,34.16,30.290001
7/1/2015,14.19,111.980003,38.529999,14.9,40.529999,53.360001,19.1,274.269989,54.330002,28.280001,32.115002,207.5,52.220001,26.959999,114.900002,33.860001,25.293333,30.549999,33.674999,30.17
7/2/2015,14.08,111.760002,38.709999,14.95,40.919998,54.240002,18.93,273.779999,53.959999,28.32,32.220001,207.309998,52.049999,27.08,115.110001,33.939999,25.406666,30.559999,33.759998,30.219999
7/6/2015,13.2,112.059998,38.630001,14.99,38.970001,52.880001,17.73,272.869995,53.884998,27.76,31.395,206.720001,52.130001,26.92,114.809998,34,25.780001,30.610001,34.330002,30.27
7/7/2015,13.25,110.760002,37.939999,14.43,39.529999,52.279999,17.76,274.200012,54.005001,27.73,30.77,208.020004,52.450001,26.690001,114.690002,34.049999,25.853333,30.620001,34.59,30.280001
7/8/2015,13.1,111.089996,37.830002,14.46,40.419998,51.599998,17.379999,270.369995,53.165001,27.139999,29.745001,204.529999,52.41,26.719999,113.970001,34.080002,25.793333,30.65,34.895,30.32
7/9/2015,13.31,111.360001,38.34,14.76,41.049999,52.400002,17.709999,270.459991,53.455002,27.48,30.549999,204.899994,52.389999,26.74,114.269997,33.970001,25.613333,30.639999,34.244999,30.549999
7/10/2015,13.39,111.489998,38.700001,14.88,40.810001,53.200001,17.67,273.23999,54.18,28.33,31.32,207.479996,52.299999,26.799999,114.779999,33.869999,25.173334,30.58,33.724998,30.16
7/13/2015,13.29,110.989998,38.98,14.81,39.119999,54.84,17.51,275.75,54.580002,28.469999,31.525,209.770004,52.279999,26.9,114.900002,33.799999,25.219999,30.58,33.619999,30.200001
7/14/2015,13.37,110.739998,38.310001,14.69,38.869999,54.439999,17.719999,276.809998,54.919998,28.59,31.57,210.679993,52.27,26.91,114.870003,33.869999,25.233334,30.559999,33.735001,30.18
7/15/2015,13.03,110.160004,38.189999,14.43,37.48,55.759998,17.23,275.369995,54.48,28.52,31.105,210.610001,52.490002,26.84,114.900002,33.889999,25.413334,30.559999,34.084999,30.24
7/16/2015,12.91,109.760002,37.939999,14.35,38.25,54.959999,17.049999,276.309998,54.845001,28.75,31.57,212.300003,52.509998,26.940001,115.019997,33.93,25.513334,30.549999,34.314999,30.24
7/17/2015,12.88,108.650002,37.369999,14.23,38.869999,55.439999,16.99,274.200012,54.575001,28.68,31.530001,212.479996,52.549999,26.75,114.599998,33.919998,25.626667,30.540001,34.439999,30.209999
7/20/2015,12.75,105.699997,36.349998,14.05,38.77,54.360001,16.690001,274.140015,54.285,28.74,31.365,212.589996,52.650002,26.76,114.360001,33.869999,25.533333,30.530001,34.310001,30.209999
7/21/2015,12.92,105.370003,36.259998,14.14,38.619999,55.48,16.91,272.100006,54.099998,28.66,31.41,211.75,52.619999,26.74,114,33.889999,25.586666,30.540001,34.525002,30.24
7/22/2015,12.55,104.800003,35.880001,14.14,37.52,55.560001,16.34,272.959991,54.244999,28.450001,31.025,211.369995,52.669998,26.639999,113.400002,33.889999,25.686666,30.540001,34.695,30.190001
7/23/2015,12.39,104.330002,35.77,14,37.279999,54.16,16.139999,271.029999,53.529999,28.34,30.715,210.179993,52.779999,26.450001,113.459999,33.919998,25.893333,30.549999,35.084999,30.190001
7/24/2015,12.34,105.349998,34.919998,14.02,36.939999,53.400002,16.030001,268.519989,52.889999,28.07,30.295,208,52.880001,26.33,113.040001,33.939999,25.806667,30.530001,35.195,30.26
7/27/2015,12.08,104.860001,33.540001,13.92,36.259998,53.48,15.65,266.540009,52.455002,27.84,29.625,206.789993,52.900002,26.27,112.559998,33.970001,25.886667,30.57,35.375,30.24
7/28/2015,12.23,105.019997,34,14.02,36,53.919998,15.85,269.350006,52.889999,28.17,29.805,209.330002,52.849998,26.27,112.949997,33.950001,25.74,30.58,35.119999,30.23
7/29/2015,12.43,105.169998,33.34,14.15,36.419998,54.84,16.24,272.450012,53.27,28.299999,30.049999,210.770004,52.830002,26.309999,113.639999,33.919998,25.713333,30.559999,35,30.219999
7/30/2015,12.38,104.269997,33.790001,14.09,36.52,53.32,16.1,273.049988,53.369999,28.27,29.905001,210.820007,52.950001,26.23,113.970001,33.91,25.82,30.559999,35.235001,30.219999
7/31/2015,12.08,104.93,33.549999,14.08,36.57,52.16,15.59,273.48999,53.73,28.379999,30.1,210.5,52.98,26.23,113.910004,34.009998,26.073334,30.6,35.494999,30.219999
8/3/2015,11.72,104.099998,33.360001,13.87,34.779999,52.799999,15.1,272.660004,53.220001,28.32,29.610001,209.789993,52.959999,26.1,113.010002,33.93,25.98,30.549999,35.779999,30.27
8/4/2015,11.79,104.309998,33.369999,13.92,35,53.799999,15.22,272.410004,53.404999,28.34,29.764999,209.380005,52.93,25.93,113.040001,33.810001,25.860001,30.51,35.505001,30.190001
8/5/2015,11.66,103.93,33.830002,13.95,34.630001,53.360001,15.03,273.859985,53.584999,28.51,29.775,210.070007,52.73,25.85,112.980003,33.77,25.719999,30.5,35.255001,30.190001
8/6/2015,11.61,104.389999,33.639999,13.99,34.060001,53.84,14.87,271.209991,53.134998,28.389999,29.66,208.350006,52.970001,25.799999,112.529999,33.810001,25.813334,30.52,35.509998,30.23
8/7/2015,11.43,104.650002,34.119999,14.11,33.709999,53.639999,14.56,270.890015,52.805,28.360001,29.594999,207.949997,52.900002,25.780001,112.080002,33.860001,26.033333,30.469999,35.965,30.190001
8/10/2015,11.73,105.720001,35.43,14.54,34.939999,54.400002,14.89,274.98999,53.48,28.719999,30.200001,210.570007,52.810001,25.969999,112.260002,33.799999,25.833334,30.5,35.535,30.200001
8/11/2015,11.49,106.260002,34.259998,14.64,35.139999,54.639999,14.49,272.26001,53.134998,28.25,29.415001,208.669998,53.009998,25.74,111.779999,33.900002,26,30.49,36.064999,30.24
8/12/2015,11.56,107.75,32.509998,14.82,36.400002,56.040001,14.44,271.589996,52.830002,28.07,29.055,208.919998,53.02,25.799999,111.540001,33.889999,25.926666,30.52,35.880001,30.26
8/13/2015,11.4,106.860001,33.139999,14.71,35.43,53.720001,14.09,271.540009,52.830002,28.040001,29.004999,208.660004,52.990002,25.690001,111.449997,33.759998,25.733334,30.469999,35.775002,30.23
8/14/2015,11.31,106.849998,33.009998,14.55,34.700001,53.799999,13.99,273.290009,53.325001,28.09,29.094999,209.419998,52.919998,25.68,111.540001,33.77,25.726667,30.48,35.855,30.190001
8/17/2015,11.2,107.129997,32.860001,14.63,34.240002,52.48,13.89,275.890015,53.619999,28.01,28.795,210.589996,53.009998,25.629999,111.389999,33.799999,25.866667,30.5,36.005001,30.23
8/18/2015,11.17,107.110001,32.709999,14.22,33.77,52.080002,14.05,274.380005,53.389999,27.82,28.540001,209.979996,52.950001,25.629999,111.360001,33.75,25.780001,30.48,35.759998,30.219999
8/19/2015,10.75,108.550003,32.700001,14.57,32.32,51.84,13.43,271.410004,52.959999,27.57,28.18,208.320007,53.040001,25.450001,111.089996,33.849998,25.860001,30.5,36.064999,30.27
8/20/2015,10.56,110.440002,33.119999,14.78,31.809999,52.639999,13.37,265.359985,51.875,26.92,27.594999,203.970001,53.099998,25.469999,110.489998,33.880001,26.013334,30.51,36.395,30.26
8/21/2015,10.46,111.129997,32.639999,14.61,31.719999,51.119999,13.23,259.019989,51.040001,26.25,26.805,197.830002,53.07,25.32,110.160004,33.91,26.013334,30.530001,36.529999,30.32
8/24/2015,9.9,110.529999,32.689999,14.13,29.870001,50.52,12.49,248.289993,49.075001,25.43,25.450001,189.5,52.950001,25.139999,108.900002,33.73,25.793333,30.549999,36.59,30.309999
8/25/2015,10.06,109.160004,32.419998,13.99,29.549999,51.080002,12.73,246.210007,48.625,25.68,25.785,187.270004,52.650002,24.940001,109.199997,33.759998,25.48,30.57,35.959999,30.290001
8/26/2015,10.22,107.669998,32.029999,13.56,28.530001,50.959999,12.77,252.520004,49.744999,26.17,26.475,194.460007,52.700001,24.860001,110.279999,33.799999,25.280001,30.549999,35.314999,30.299999
8/27/2015,11.13,107.730003,32.16,13.8,30.360001,50.560001,13.95,258.769989,50.419998,26.629999,27.555,199.270004,52.669998,25.120001,110.910004,33.830002,25.440001,30.52,35.314999,30.309999
8/28/2015,11.73,108.699997,32.18,13.92,31.84,51.439999,14.88,259.880005,50.845001,26.6,27.235001,199.279999,52.689999,25.190001,110.970001,33.779999,25.586666,30.49,35.43,30.23
8/31/2015,12.43,108.82,32.25,13.99,33.939999,50.799999,15.89,258,50.974998,26.41,27.15,197.669998,52.560001,25.25,111.029999,33.790001,25.473333,30.469999,35.200001,30.280001
9/1/2015,11.52,109.199997,31.690001,13.94,31.85,50.84,14.81,250.699997,49.490002,25.610001,26.08,191.770004,52.639999,24.99,109.980003,33.77,25.473333,30.440001,35.334999,30.25
9/2/2015,11.72,108.620003,31.540001,14.02,32.669998,49.84,15.09,254.520004,50.224998,25.92,26.379999,195.410004,52.619999,24.9,110.580002,33.77,25.473333,30.469999,35.099998,30.25
9/3/2015,11.88,107.839996,31.07,14.02,32.880001,51.360001,15.34,255.649994,50.494999,26.01,26.540001,195.550003,52.740002,24.950001,110.550003,33.84,25.52,30.49,35.240002,30.25
9/4/2015,11.64,107.489998,31.18,13.92,32.48,50.16,15.08,252.570007,49.98,25.379999,25.700001,192.589996,52.900002,24.700001,110.43,33.889999,25.780001,30.49,35.514999,30.280001
9/8/2015,11.67,107.519997,31.65,14.12,32.080002,51.080002,15.02,258.73999,50.924999,26.110001,26.629999,197.429993,53.009998,24.6,111.150002,33.779999,25.52,30.51,35.029999,30.25
9/9/2015,11.36,106.129997,31.52,13.93,31.280001,50.200001,14.51,256,50.32,26.030001,26.434999,194.789993,52.84,24.700001,111.029999,33.849998,25.633333,30.51,35.200001,30.24
9/10/2015,11.6,106.379997,31.889999,13.99,31.959999,50.599998,14.93,256.390015,50.389999,26.129999,26.625,195.850006,52.810001,24.700001,111.239998,33.82,25.453333,30.48,34.985001,30.23
9/11/2015,11.4,106.160004,32.549999,13.95,31.41,51,14.65,258,50.575001,26.15,26.76,196.740005,52.849998,24.73,111.120003,33.849998,25.6,30.51,35.185001,30.280001
9/14/2015,11.11,106.220001,33.18,13.79,29.959999,52.119999,14.39,256.690002,50.424999,25.9,26.66,196.009995,52.82,24.85,111.120003,33.849998,25.559999,30.51,35.240002,30.27
9/15/2015,11.32,105.900002,33.049999,13.77,30.6,51.560001,14.57,259.709991,50.994999,26.110001,26.924999,198.460007,52.75,24.709999,111.029999,33.740002,25.200001,30.450001,34.59,30.18
9/16/2015,11.81,107.309998,32.700001,14.22,31.74,50.439999,15.36,262.179993,51.48,26.559999,27.559999,200.179993,52.599998,24.84,110.669998,33.689999,25.26,30.450001,34.485001,30.190001
9/17/2015,11.69,108.410004,32.290001,14.42,31.709999,50.240002,15.23,262.019989,51.580002,26.559999,27.535,199.729996,52.650002,24.809999,110.790001,33.889999,25.513334,30.530001,34.884998,30.290001
9/18/2015,11.3,109.209999,32.049999,14.47,31.1,49.32,14.62,256.640015,50.43,26,26.885,195.449997,52.959999,24.950001,110.25,33.990002,25.84,30.52,35.360001,30.299999
9/21/2015,11.62,108.529999,32.639999,14.49,32.040001,48.639999,15.05,258.190002,50.695,25.969999,26.92,196.460007,52.82,24.76,110.279999,33.889999,25.573334,30.51,34.845001,30.290001
9/22/2015,11.59,107.790001,32.220001,14.14,32.259998,48.48,14.92,254.539993,49.924999,25.370001,26.385,193.910004,52.990002,24.530001,109.559998,33.950001,25.76,30.52,35.310001,30.309999
9/23/2015,11.3,108.220001,32.580002,14.12,31.709999,48.52,14.44,253.899994,49.915001,25.26,26.055,193.600006,52.889999,24.34,109.349998,33.950001,25.713333,30.540001,35.285,30.299999
9/24/2015,11.37,110.489998,32.450001,14.43,31.370001,49.119999,14.59,252.699997,49.965,25.190001,26.004999,192.899994,52.950001,24.370001,108.720001,33.939999,25.766666,30.540001,35.509998,30.35
9/25/2015,11.42,109.809998,33.150002,14.4,31.860001,48.32,14.72,252.300003,49.794998,25.42,25.879999,192.850006,52.880001,24.440001,108.330002,33.889999,25.559999,30.52,35.25,30.290001
9/28/2015,11.1,108.419998,32.91,13.94,30.799999,49.080002,14.38,246.029999,48.599998,24.879999,25.35,188.009995,52.900002,24.309999,106.769997,33.889999,25.706667,30.52,35.790001,30.309999
9/29/2015,11.25,107.980003,33.009998,13.97,31.33,47.52,14.61,245.619995,48.32,24.860001,25.52,188.119995,52.98,24.24,106.68,33.91,25.719999,30.52,35.900002,30.370001
9/30/2015,11.35,106.860001,33.25,13.87,31.65,46.439999,14.68,248.889999,48.77,25.33,26.209999,191.630005,52.93,24.58,106.980003,33.950001,25.546667,30.52,35.755001,30.370001
10/1/2015,11.24,106.730003,33.200001,13.9,31.719999,44.68,14.58,248.350006,48.73,25.42,26.299999,192.130005,52.900002,24.459999,106.110001,33.869999,25.553333,30.5,35.845001,30.34
10/2/2015,11.42,108.989998,33.02,14.55,31.129999,45.119999,14.77,252.110001,48.855,25.860001,26.985001,195,53.09,24.690001,105.989998,33.98,25.6,30.540001,36.084999,30.4
10/5/2015,11.65,108.769997,33.380001,14.89,32.169998,45.240002,15,256.869995,50.599998,26.370001,27.51,198.470001,53,24.99,107.160004,33.950001,25.526667,30.540001,35.605,30.389999
10/6/2015,12.14,109.860001,33.790001,15.07,33.189999,45.48,15.74,255.850006,50.450001,26.42,27.459999,197.789993,52.939999,25.25,107.489998,33.970001,25.613333,30.6,35.759998,30.379999
10/7/2015,12.06,109.699997,33.57,15.29,32.470001,45.560001,15.57,259.209991,51,26.76,28.139999,199.410004,52.919998,25.43,108.510002,33.98,25.766666,30.59,35.665001,30.360001
10/8/2015,12.36,109.139999,33.200001,14.99,32.709999,45.759998,16.040001,261.890015,51.720001,26.92,28.415001,201.210007,52.91,25.65,108.900002,33.98,25.553333,30.58,35.349998,30.35
10/9/2015,12.29,110.870003,32.849998,15.12,32.650002,46.32,15.99,262.410004,51.849998,26.959999,28.450001,201.330002,52.810001,25.82,108.93,33.970001,25.620001,30.59,35.43,30.34
10/12/2015,11.82,111.309998,32.790001,15.13,31.299999,46.68,15.31,262.209991,51.814999,26.889999,28.280001,201.520004,52.919998,25.790001,108.809998,34.040001,25.780001,30.620001,35.700001,30.35
10/13/2015,11.67,111.860001,33.389999,15.16,30.389999,45.84,15.06,259.690002,51.389999,26.620001,27.915001,200.25,52.98,25.530001,108.599998,34,25.766666,30.610001,35.75,30.379999
10/14/2015,11.73,113.809998,32.939999,15.42,30.32,46.560001,15.05,257.809998,50.689999,26.68,28.125,199.289993,53.110001,25.74,108.599998,34.09,26,30.65,36.044998,30.42
10/15/2015,11.76,113.290001,32.689999,15.39,30.42,45.240002,15.13,260.820007,51.700001,27.16,28.715,202.350006,53.040001,25.99,108.660004,34.040001,25.82,30.629999,35.880001,30.389999
10/16/2015,11.82,112.489998,32.52,15.28,30.950001,44.599998,15.22,260.790009,51.669998,27.129999,28.82,203.270004,53.02,25.860001,109.139999,34.029999,25.866667,30.610001,35.880001,30.389999
10/19/2015,11.54,112.019997,32.080002,15.11,29.440001,44.84,14.83,261.700012,51.775002,26.98,28.549999,203.369995,53.029999,25.799999,109.529999,34.02,25.9,30.639999,35.799999,30.379999
10/20/2015,11.47,112.730003,32.419998,15.19,29.6,45.240002,14.73,261.690002,51.915001,26.92,28.584999,203.110001,52.93,25.709999,109.529999,33.990002,25.753334,30.639999,35.595001,30.35
10/21/2015,11.27,111.730003,32.689999,14.99,29.700001,43.799999,14.43,258.790009,51.040001,26.85,28.139999,201.850006,53.009998,25.51,109.379997,34.080002,26.053333,30.65,35.895,30.379999
10/22/2015,11.39,111.690002,32.450001,15.11,30.200001,43.439999,14.51,260.670013,51.584999,27.16,28.695,205.259995,53.189999,25.639999,109.349998,34.110001,26.053333,30.68,35.965,30.370001
10/23/2015,11.2,111.5,32.439999,15.12,29.799999,42.080002,14.27,261.980011,52.07,27.370001,28.879999,207.509995,53.189999,25.5,109.800003,34.099998,26,30.639999,35.685001,30.34
10/26/2015,11.03,111.43,32.889999,15.11,29.5,39.959999,14.01,261.329987,51.82,27.290001,28.754999,207,53.169998,25.610001,109.68,34.110001,26.173334,30.610001,35.900002,30.35
10/27/2015,10.86,111.68,32.68,15.13,29.469999,39.959999,13.82,259.26001,51.244999,27.01,28.43,206.600006,53.299999,25.49,109.379997,34.16,26.16,30.620001,35.970001,30.4
10/28/2015,11.51,110.779999,32.43,15.26,30.719999,38.68,14.69,264.589996,52.615002,27.200001,28.225,208.949997,53.290001,25.41,109.620003,34.049999,26.073334,30.6,35.84,30.299999
10/29/2015,11.42,109.720001,32.619999,14.88,30.799999,38,14.63,263.070007,52.075001,27,28.014999,208.830002,53.119999,25.440001,109.379997,33.950001,25.713333,30.559999,35.325001,30.280001
10/30/2015,11.59,109.300003,32.93,14.8,31.42,39.240002,14.81,262.709991,51.945,26.99,27.99,207.929993,53.18,25.440001,109.410004,33.950001,25.906666,30.57,35.564999,30.290001
11/2/2015,11.54,108.589996,32.389999,14.72,31.66,37.959999,14.75,266.670013,52.865002,27.190001,28.485001,210.389999,52.970001,25.459999,109.199997,33.889999,25.766666,30.540001,35.310001,30.23
11/3/2015,11.97,106.980003,32.610001,14.58,33.23,38.240002,15.28,266.929993,53.169998,27.24,28.775,211,52.93,25.77,109.260002,33.860001,25.573334,30.549999,35.040001,30.190001
11/4/2015,11.62,105.970001,32.84,14.38,32.139999,38.279999,14.85,266.640015,52.959999,27.08,28.639999,210.360001,52.810001,25.65,109.110001,33.790001,25.686666,30.52,35.09,30.17
11/5/2015,11.39,105.639999,32.34,14.3,31.51,40.040001,14.48,266.700012,53.119999,27.030001,28.65,210.149994,52.860001,25.459999,108.839996,33.82,25.613333,30.51,34.985001,30.139999
11/6/2015,11.24,104.099998,32.290001,14.08,31.700001,39.560001,14.23,266.390015,53.360001,26.85,28.295,210.039993,52.66,25.370001,108.360001,33.709999,25.280001,30.49,34.509998,30.09
11/9/2015,11.18,104.400002,31.700001,13.89,31.51,38.799999,14.08,264.140015,52.715,26.57,27.67,208.080002,52.639999,25.16,107.879997,33.66,25.206667,30.48,34.34,30.1
11/10/2015,11.18,104.18,31.16,13.76,31.299999,39.16,14.09,265.459991,52.674999,26.49,27.594999,208.559998,52.759998,25.17,107.550003,33.73,25.200001,30.5,34.424999,30.120001
11/11/2015,10.91,103.830002,31.219999,13.64,30.66,38.240002,13.76,263.869995,52.285,26.639999,27.610001,207.740005,52.82,25.26,107.309998,33.740002,25.193333,30.52,34.384998,30.139999
11/12/2015,10.66,103.849998,31.290001,13.64,29.309999,38.48,13.35,258.320007,51.384998,26.32,27.385,204.839996,52.84,25.17,106.5,33.700001,25.233334,30.530001,34.514999,30.120001
11/13/2015,10.42,103.559998,31.02,13.59,28.540001,39.759998,13.06,255.820007,50.959999,26.1,27.030001,202.539993,52.939999,25.08,106.260002,33.799999,25.206667,30.49,34.705002,30.139999
11/16/2015,10.71,103.709999,31.08,13.6,28.700001,39.52,13.39,259.25,51.294998,26.389999,27.52,205.619995,53.009998,25.08,106.650002,33.810001,25.266666,30.530001,34.68,30.18
11/17/2015,10.42,102.339996,31.07,13.55,28.41,39.52,13.01,258.179993,51.419998,26.440001,27.5,205.470001,53.040001,25.09,106.5,33.84,25.326666,30.52,34.740002,30.15
11/18/2015,10.49,102.43,31,13.52,29.049999,38.880001,13.05,262.910004,52.285,26.700001,27.719999,208.729996,53.119999,25.08,106.709999,33.779999,25.4,30.49,34.785,30.17
11/19/2015,10.45,103.559998,31.120001,13.62,29.139999,37.439999,12.96,262.470001,51.955002,26.85,27.91,208.550003,53.150002,25.26,106.080002,33.810001,25.4,30.49,34.990002,30.15
11/20/2015,10.48,103.089996,31.049999,13.5,29.280001,35.880001,12.93,263.75,52.380001,26.76,28.165001,209.309998,53.119999,25.309999,105.809998,33.810001,25.360001,30.530001,34.884998,30.17
11/23/2015,10.55,102.260002,31.379999,13.45,29.790001,36.439999,13.02,264.309998,52.564999,26.6,27.985001,209.070007,53.110001,25.25,105.720001,33.830002,25.413334,30.530001,34.990002,30.17
11/24/2015,10.83,102.940002,31.139999,13.51,31.27,36.200001,13.32,265.929993,52.970001,26.66,28.065001,209.350006,53.18,25.43,105.779999,33.869999,25.379999,30.52,34.98,30.18
11/25/2015,10.82,102.459999,31.34,13.52,31.24,35.919998,13.39,266.73999,53.345001,26.75,27.775,209.320007,53.220001,25.43,105.779999,33.849998,25.42,30.540001,35.075001,30.15
11/27/2015,10.56,101.25,31.01,13.46,30.9,34.84,13.03,267.700012,53.470001,26.709999,27.209999,209.559998,53.25,25.23,106.110001,33.869999,25.379999,30.549999,35.055,30.16
11/30/2015,10.46,101.919998,31.280001,13.44,30.389999,34.880001,12.93,266.220001,53.445,26.719999,27.27,208.690002,53.200001,25.110001,106.080002,33.880001,25.446667,30.57,35.18,30.16
12/1/2015,10.43,102.279999,31.4,13.51,31.32,34.880001,12.95,268.48999,53.619999,27,27.52,210.679993,53.240002,25.24,105.989998,33.919998,25.66,30.559999,35.560001,30.15
12/2/2015,10.13,100.690002,31.139999,13.37,29.950001,33.919998,12.48,265.390015,53.189999,26.75,27.355,208.529999,53.209999,25.190001,105.660004,33.880001,25.593334,30.559999,35.555,30.15
12/3/2015,10.39,101.760002,31.65,13.46,29.940001,34.200001,12.77,260.890015,52.380001,26.57,27.25,205.610001,52.700001,25.25,105.449997,33.650002,25.120001,30.52,34.634998,30.1
12/4/2015,10.16,104.019997,32.07,13.87,29.530001,34.119999,12.46,264.070007,52.919998,26.82,27.34,209.619995,52.700001,25.25,105.239998,33.75,25.233334,30.51,34.935001,30.139999
12/7/2015,9.65,102.669998,31.440001,13.62,28.01,32.32,11.72,261.609985,51.939999,26.51,27.040001,208.350006,53,25.02,104.519997,33.82,25.440001,30.51,35.264999,30.139999
12/8/2015,9.58,102.839996,31.360001,13.51,27.719999,32.439999,11.68,259.799988,51.799999,26.120001,26.709999,206.949997,53.029999,25.02,103.32,33.75,25.433332,30.49,35.279999,30.120001
12/9/2015,9.53,102.639999,31.49,13.49,28.65,32.240002,11.56,256.670013,51.125,26.040001,26.405001,205.339996,53.029999,25.040001,103.559998,33.779999,25.433332,30.48,35.255001,30.139999
12/10/2015,9.39,102.550003,31.809999,13.45,29.4,31.32,11.37,257.230011,51.139999,26.030001,26.165001,205.869995,52.990002,24.82,103.139999,33.700001,25.346666,30.469999,35.279999,30.120001
12/11/2015,9.17,103.110001,31.51,13.3,29.5,30.879999,11.07,253.369995,50.224998,25.559999,25.415001,201.880005,53.07,24.639999,101.07,33.720001,25.299999,30.5,35.810001,30.190001
12/14/2015,9.21,101.790001,31.690001,13.06,28.690001,29.639999,11.16,252.110001,49.919998,25.639999,25.764999,202.899994,52.98,24.48,100.260002,33.549999,25.16,30.51,35.34,30.18
12/15/2015,9.35,101.519997,31.549999,13.11,28.700001,28.16,11.4,254.710007,50.705002,25.75,26.190001,205.029999,52.869999,24.75,101.43,33.48,25.213333,30.459999,35.154999,30.110001
12/16/2015,9.06,102.75,31.139999,13.49,28.549999,28.6,10.99,257.350006,51.365002,26.219999,26.684999,208.029999,52.84,24.780001,102.300003,33.490002,25.086666,30.389999,35.075001,30.1
12/17/2015,8.86,100.5,31.41,13.08,29.08,27.68,10.74,254.25,50.799999,25.91,26.405001,204.860001,52.919998,24.68,101.160004,33.459999,25.26,30.389999,35.465,30.09
12/18/2015,8.81,102.040001,31.66,13.43,29.18,27.84,10.66,249.75,48.705002,25.360001,25.915001,200.020004,53.060001,24.700001,100.769997,33.549999,25.306667,30.42,35.645,30.120001
12/21/2015,8.73,103.150002,31.389999,13.59,27.92,29.719999,10.66,251.529999,49,25.440001,26.045,201.669998,53.110001,24.66,100.68,33.580002,25.293333,30.440001,35.630001,30.16
12/22/2015,8.82,102.610001,31.02,13.59,27.450001,29.200001,10.77,253.899994,49.595001,25.67,26.209999,203.5,53.060001,24.66,101.550003,33.560001,25.213333,30.440001,35.384998,30.139999
12/23/2015,9.22,102.309998,30.860001,13.62,29.23,30.360001,11.26,257.26001,50.224998,26.08,26.575001,206.020004,52.84,24.82,102.059998,33.529999,25.133333,30.41,35.134998,30.110001
12/24/2015,9.28,103.050003,30.73,13.69,29.26,30.76,11.3,257.220001,50.349998,25.99,26.58,205.679993,52.84,24.84,102.18,33.560001,25.226667,30.42,35.349998,30.1
12/28/2015,8.98,102.269997,30.440001,13.29,28.67,33.68,10.93,256.899994,50.025002,25.98,26.385,205.210007,53.02,24.83,101.580002,33.560001,25.273333,30.4,35.435001,30.09
12/29/2015,9.25,102.199997,30.610001,13.27,29.540001,34.560001,11.26,258.959991,50.685001,26.25,26.42,207.399994,52.77,24.85,101.699997,33.43,24.966667,30.35,34.825001,30.040001
12/30/2015,8.99,101.419998,30.41,13.21,28.83,33.560001,10.93,256.730011,50.134998,25.99,25.995001,205.929993,52.790001,24.610001,101.730003,33.43,24.953333,30.379999,34.775002,30.049999
12/31/2015,9.05,101.459999,30.35,13.19,29.26,34.68,11,254.039993,49.5,25.75,26.040001,203.869995,52.880001,24.58,101.730003,33.43,25.053333,30.4,34.939999,30.1
1/4/2016,9.07,102.889999,29.790001,13.19,29.719999,34.119999,10.98,250.820007,48.305,25.35,25.355,201.020004,52.990002,24.51,101.220001,33.52,25.026667,30.4,35.154999,30.1
1/5/2016,8.8,103.18,29.9,13.31,28.99,34.560001,10.66,250.899994,48.419998,25.280001,25.415001,201.360001,52.959999,24.450001,101.43,33.57,25.08,30.41,35.014999,30.08
1/6/2016,8.38,104.669998,30,13.36,27.02,33.880001,10.11,247.360001,47.895,24.83,25.01,198.820007,53.16,24.35,101.339996,33.630001,25.233334,30.440001,35.459999,30.139999
1/7/2016,8.19,106.150002,30.1,13.62,26.549999,35.48,9.9,241.039993,46.695,24.4,24.18,194.050003,53.080002,24.299999,100.800003,33.650002,25.173334,30.450001,35.529999,30.17
1/8/2016,8.09,105.68,30.41,13.3,25.950001,36.84,9.8,237.820007,45.91,24.059999,23.965,191.919998,53.07,24.209999,100.440002,33.68,25.306667,30.42,35.685001,30.190001
1/11/2016,7.66,104.739998,30.040001,13.22,25.59,35.360001,9.25,237.100006,45.875,24.15,23.885,192.110001,53.009998,24.110001,100.290001,33.66,25.013334,30.450001,35.325001,30.219999
1/12/2016,7.6,104.209999,30.58,13.17,25.18,33.560001,9.17,238.080002,45.865002,24.280001,23.940001,193.660004,53.080002,24.15,100.529999,33.59,25.166666,30.450001,35.759998,30.219999
1/13/2016,7.5,104.720001,30.65,13.49,24.32,33.799999,9.09,231.660004,44.700001,23.790001,23.629999,188.830002,53.200001,24.129999,99.18,33.689999,25.299999,30.450001,36.125,30.25
1/14/2016,7.64,103.019997,30.540001,13.19,24.780001,31.84,9.23,234.399994,45.41,24.08,23.895,191.929993,53.029999,24.24,99.419998,33.610001,25.133333,30.440001,35.834999,30.24
1/15/2016,7.28,104.080002,30.75,13.24,23.690001,31.24,8.79,231.029999,44.900002,23.290001,22.950001,187.809998,53.099998,23.940001,98.190002,33.66,25.013334,30.42,36.360001,30.290001
1/19/2016,7.04,103.980003,31.049999,13.36,23.84,30.879999,8.49,229.759995,44.375,23.450001,23.334999,188.059998,52.939999,24.1,97.709999,33.560001,24.926666,30.440001,36.244999,30.27
1/20/2016,6.8,105.370003,30.98,13.48,23.559999,31.4,8.24,228.270004,44.459999,22.9,22.785,185.649994,53.099998,23.84,96.870003,33.560001,24.913334,30.35,36.584999,30.33
1/21/2016,7.07,105.489998,30.969999,13.46,23.799999,31.68,8.56,228.619995,44.445,23.09,22.885,186.690002,53.150002,23.83,97.32,33.470001,24.879999,30.360001,36.365002,30.32
1/22/2016,7.68,105,31.059999,13.38,24.9,31.719999,9.27,234.339996,45.34,23.780001,23.5,190.520004,53.040001,24.110001,98.879997,33.509998,24.866667,30.360001,36.235001,30.299999
1/25/2016,7.08,106.080002,31.190001,13.58,23.450001,31.440001,8.54,229.479996,44.48,23.43,23.209999,187.639999,53.169998,24,98.040001,33.450001,24.933332,30.370001,36.41,30.309999
1/26/2016,7.44,107.290001,31.17,13.82,24.049999,31.6,8.97,234.619995,45.509998,23.85,23.52,190.199997,53.130001,24.16,98.879997,33.540001,24.9,30.379999,36.43,30.32
1/27/2016,7.58,107.690002,31.110001,13.81,23.889999,31.52,9.18,232.25,44.895,23.690001,23.355,188.130005,53.290001,24.139999,98.639999,33.540001,24.84,30.34,36.43,30.360001
1/28/2016,8.02,106.540001,30.75,13.57,25.18,32.68,9.7,232.339996,44.855,23.83,23.745001,189.110001,53.400002,24.41,99.089996,33.580002,24.866667,30.379999,36.48,30.35
1/29/2016,8,106.949997,31.23,13.59,25.49,33.959999,9.65,239.970001,46.470001,24.200001,24.465,193.720001,53.57,24.5,99.629997,33.650002,25.006666,30.379999,36.77,30.41
2/1/2016,7.45,108.050003,31.16,13.67,24.32,31.48,9.02,239.610001,46.305,24.17,24.344999,193.649994,53.509998,24.49,98.459999,33.470001,24.833334,30.35,36.619999,30.360001
2/2/2016,7.1,108.089996,31.190001,13.62,22.51,29.92,8.57,234.509995,45.325001,23.639999,23.615,190.160004,53.599998,24.5,97.650002,33.560001,25.053333,30.33,37.215,30.43
2/3/2016,7.66,109.25,31.16,13.95,23.17,30.200001,9.34,236.139999,45.41,23.85,24.125,191.300003,53.68,24.82,98.010002,33.57,24.82,30.35,36.974998,30.440001
2/4/2016,7.54,110.57,30.950001,14.17,23.059999,29.120001,9.12,237.889999,45.654999,23.92,24.23,191.600006,53.68,24.950001,97.769997,33.57,24.906666,30.370001,37.099998,30.440001
2/5/2016,7.47,112.32,30.610001,14.34,22.26,30.16,8.91,232.830002,44.669998,23.549999,23.975,187.949997,53.689999,24.83,96.900002,33.490002,24.926666,30.35,37.185001,30.43
2/8/2016,7.26,113.830002,30.290001,14.59,21.51,31.280001,8.64,228.850006,44.404999,23.129999,23.620001,185.419998,53.790001,24.809999,95.730003,33.650002,25.073334,30.379999,37.880001,30.5
2/9/2016,6.95,113.580002,30.219999,14.51,20.67,30.719999,8.18,228.220001,44.029999,22.879999,23.27,185.429993,53.82,24.889999,95.279999,33.610001,25.033333,30.4,37.955002,30.469999
2/10/2016,6.94,114.459999,30.209999,14.55,21.290001,30,7.96,228.759995,43.904999,22.83,23.459999,185.270004,53.759998,24.84,95.129997,33.650002,25.086666,30.43,38.275002,30.49
2/11/2016,7.04,119.059998,30.379999,14.95,21.959999,29.200001,7.99,225.580002,43.415001,22.51,23.129999,182.860001,53.84,24.969999,94.470001,33.740002,25.133333,30.41,38.549999,30.49
2/12/2016,7.2,118.360001,30.280001,14.99,23.27,28.879999,8.33,229.740005,44.134998,22.860001,23.41,186.630005,53.610001,24.860001,96,33.470001,24.84,30.34,37.919998,30.48
2/16/2016,7.07,114.769997,30.559999,14.51,21.9,28.120001,8.31,234.669998,45.064999,23.309999,23.959999,189.779999,53.639999,24.549999,96.150002,33.540001,24.68,30.35,37.575001,30.459999
2/17/2016,7.37,115.480003,30.82,14.54,22.67,28.68,8.78,238.360001,45.705002,23.75,24.540001,192.880005,53.68,24.959999,96.870003,33.52,24.753334,30.360001,37.355,30.440001
2/18/2016,7.22,118.290001,30.68,14.76,22.26,27.32,8.66,237.779999,45.470001,23.67,24.334999,192.089996,53.799999,24.75,96.959999,33.630001,24.993334,30.389999,37.785,30.5
2/19/2016,7.16,117.580002,30.67,14.64,22.040001,26.48,8.55,237.899994,45.73,23.6,24.280001,192,53.849998,24.799999,97.139999,33.66,25.013334,30.370001,37.810001,30.459999
2/22/2016,7.33,115.489998,30.639999,14.43,22.77,26.440001,8.91,240.929993,46.200001,23.889999,24.855,194.779999,53.900002,25.08,98.099998,33.709999,25.053333,30.4,37.75,30.450001
2/23/2016,7.12,117.220001,30.25,14.54,22.139999,25.959999,8.48,238.800003,45.889999,23.5,24.325001,192.320007,53.91,24.969999,97.980003,33.700001,25.200001,30.42,37.904999,30.469999
2/24/2016,7.25,117.610001,30.120001,14.52,23.32,26.08,8.59,240.279999,46.400002,23.459999,24.35,193.199997,53.98,25.01,98.129997,33.73,25.226667,30.42,37.845001,30.459999
2/25/2016,7.29,117.919998,29.879999,14.41,23.639999,25.280001,8.8,243.029999,46.855,23.74,24.33,195.539993,54.07,25.02,98.550003,33.75,25.26,30.459999,37.990002,30.5
2/26/2016,7.24,117.110001,29.790001,14.02,23.58,25.440001,8.78,244.179993,46.985001,23.690001,24.305,195.089996,54.07,24.84,99.209999,33.830002,25.233334,30.459999,37.639999,30.41
2/29/2016,7.38,118.639999,29.68,14.2,23.99,24.08,9,242.940002,46.845001,23.610001,24.455,193.559998,54.189999,24.879999,100.290001,33.84,25.360001,30.49,37.695,30.43
3/1/2016,7.39,117.769997,29.48,14.17,23.700001,24.719999,9.15,248.5,47.810001,24.18,25.205,198.110001,54.119999,25.17,101.550003,33.580002,25.013334,30.43,37.110001,30.370001
3/2/2016,7.4,118.68,29.57,14.25,23.83,23.639999,9.3,250.660004,48.200001,24.32,25.584999,199,53.959999,25.219999,100.830002,33.619999,25.120001,30.389999,37.240002,30.360001
3/3/2016,7.42,120.730003,29.77,14.5,23.629999,23.16,9.25,253.339996,48.709999,24.629999,25.83,199.779999,53.990002,25.4,101.099998,33.650002,25.26,30.370001,37.384998,30.309999
3/4/2016,7.69,120.540001,30.120001,14.76,24.24,23.719999,9.65,255.089996,49.029999,24.82,26.33,200.429993,54.009998,25.6,101.43,33.68,25.253334,30.35,37.095001,30.299999
3/7/2016,7.94,121.139999,30.15,14.9,25.27,24.4,10.11,256.269989,49.445,24.799999,26.299999,200.589996,54.029999,25.67,101.519997,33.669998,25.346666,30.35,37.080002,30.280001
3/8/2016,7.66,120.580002,30.25,14.62,25.139999,24.32,9.65,251.339996,48.540001,24.530001,25.965,198.399994,54.169998,25.58,100.830002,33.77,25.433332,30.360001,37.490002,30.33
3/9/2016,7.89,119.580002,30.34,14.53,26.66,24.959999,10.15,252.460007,48.779999,24.68,26.245001,199.380005,54.029999,25.76,101.07,33.77,25.559999,30.370001,37.285,30.309999
3/10/2016,7.83,121.5,30.629999,14.82,26.18,25.68,10.04,251.660004,48.345001,24.620001,26.094999,199.539993,53.84,25.75,101.790001,33.700001,25.473333,30.370001,37.115002,30.290001
3/11/2016,7.88,119.410004,30.780001,14.72,26.290001,25.719999,10.19,256.549988,49.389999,25.24,26.695,202.759995,54.02,26.030001,102.989998,33.720001,25.673334,30.389999,36.764999,30.25
3/14/2016,7.69,117.870003,31,14.58,25.870001,25.76,9.88,255.630005,49.150002,25.23,26.59,202.5,54,26.01,102.75,33.790001,25.633333,30.4,36.855,30.27
3/15/2016,7.59,117.959999,30.940001,14.54,25.610001,26.24,9.7,253.919998,48.404999,24.950001,26.07,202.169998,54,25.77,102.089996,33.799999,25.773333,30.43,36.895,30.26
3/16/2016,7.8,120.589996,30.870001,14.87,25.76,26.4,10.18,256.649994,48.889999,25.209999,26.620001,203.339996,54.130001,26.030001,102.809998,33.959999,25.893333,30.49,36.98,30.33
3/17/2016,7.96,120.129997,30.68,15.16,26.07,27.32,10.55,259.26001,49.700001,25.469999,27.1,204.630005,54.240002,26.33,103.5,34.040001,26.106667,30.49,37.145,30.33
3/18/2016,7.96,119.800003,30.67,15.03,26.030001,26.719999,10.48,259.700012,49.834999,25.41,27.34,204.380005,54.349998,26.68,103.620003,34.060001,26.033333,30.5,37.205002,30.389999
3/21/2016,8.03,118.959999,30.93,15.06,26.459999,25.68,10.59,259.829987,49.785,25.33,27.434999,204.669998,54.349998,26.639999,103.589996,34.099998,26.073334,30.52,36.935001,30.379999
3/22/2016,8.07,119.309998,31.059999,15.12,27.129999,26.280001,10.54,259.809998,49.689999,25.35,27.370001,204.559998,54.41,26.59,103.440002,33.990002,26.133333,30.5,36.965,30.33
3/23/2016,7.87,116.610001,30.889999,14.51,26.290001,25.200001,10.11,256.700012,49.040001,25.030001,26.950001,203.210007,54.400002,26.459999,102.900002,34.080002,26.219999,30.52,37.380001,30.360001
3/24/2016,7.8,116.330002,31,14.43,26.5,25.6,10.06,256.910004,48.950001,24.889999,26.879999,203.119995,54.459999,26.379999,102.449997,34.099998,26.286667,30.52,37.369999,30.360001
3/28/2016,7.79,116.599998,31.15,14.46,26.530001,26.24,10.01,257.880005,49.099998,25,26.875,203.240005,54.369999,26.42,101.940002,34.16,26.5,30.52,37.435001,30.360001
3/29/2016,7.71,118.760002,31.389999,14.6,26.25,26.879999,9.8,262.649994,50.465,25.280001,27.105,205.119995,54.57,26.559999,102.239998,34.189999,26.573334,30.57,37.810001,30.440001
3/30/2016,7.76,117.099998,30.799999,14.49,25.870001,27.040001,9.73,262.589996,50.59,25.549999,27.41,206.020004,54.580002,26.780001,102.599998,34.25,26.5,30.59,37.424999,30.459999
3/31/2016,7.77,117.639999,30.35,14.68,25.559999,26.639999,9.7,262.720001,50.615002,25.309999,27.360001,205.520004,54.540001,26.969999,102.75,34.27,26.593334,30.629999,37.685001,30.49
4/1/2016,7.48,116.93,30.610001,14.34,24.889999,26.440001,9.33,264.190002,50.695,25.049999,27.485001,206.919998,54.459999,27.049999,102.419998,34.240002,26.686666,30.610001,37.665001,30.440001
4/4/2016,7.31,116.150002,30.530001,14.2,24.42,27.280001,9.08,261.429993,50.09,25.01,27.135,206.25,54.450001,26.870001,102.029999,34.220001,26.66,30.610001,37.700001,30.469999
4/5/2016,7.27,117.660004,30.530001,14.42,24.43,26.440001,9.13,258.779999,49.580002,24.549999,26.645,204.190002,54.57,26.67,101.610001,34.27,26.813334,30.6,38.130001,30.48
4/6/2016,7.52,116.940002,30.43,14.34,24.85,25.799999,9.6,261.369995,50.005001,24.92,26.950001,206.419998,54.529999,26.860001,102.360001,34.290001,26.84,30.610001,37.860001,30.48
4/7/2016,7.46,118.610001,30.360001,14.48,24.639999,27.4,9.51,257.959991,49.27,24.6,26.424999,203.949997,54.549999,26.67,101.760002,34.349998,27,30.629999,38.299999,30.48
4/8/2016,7.81,118.43,30.559999,14.62,25.889999,26.959999,10.03,259.570007,49.465,25.049999,26.82,204.5,54.560001,26.84,102.419998,34.34,26.893333,30.629999,38.035,30.48
4/11/2016,8.01,120.029999,30.290001,15.14,26.629999,26.08,10.28,259.100006,49.485001,25.139999,27.190001,204.020004,54.529999,27.02,102.599998,34.360001,26.826666,30.68,38.044998,30.52
4/12/2016,8.18,120.050003,30.719999,15.41,27.110001,27.4,10.64,261.980011,49.950001,25.42,27.66,205.919998,54.450001,27.219999,103.260002,34.279999,26.633333,30.65,37.77,30.469999
4/13/2016,8.16,118.769997,31.57,15.44,27.02,27.639999,10.51,266.339996,51.029999,25.83,28.145,208,54.509998,27.280001,103.980003,34.330002,26.806667,30.629999,37.880001,30.469999
4/14/2016,8.1,117.110001,31.42,15.34,26.68,26.719999,10.48,265.290009,50.959999,25.85,27.93,208.009995,54.52,27.26,103.889999,34.279999,26.726667,30.610001,37.73,30.450001
4/15/2016,7.93,117.919998,31.719999,15.46,26,25.959999,10.25,266.450012,51.02,25.790001,27.860001,207.779999,54.580002,27.209999,103.68,34.259998,27.059999,30.65,37.994999,30.459999
4/18/2016,7.91,117.739998,32.099998,15.42,25.51,26.360001,10.17,267.619995,51.439999,26.01,27.93,209.240005,54.5,27.23,104.400002,34.299999,27.073334,30.66,37.855,30.459999
4/19/2016,8.08,119.580002,32.810001,16.120001,26.35,28.280001,10.44,268.609985,51.66,26.459999,28.315001,209.899994,54.529999,27.469999,104.970001,34.380001,26.959999,30.65,37.740002,30.440001
4/20/2016,8.27,118.970001,33.77,16.139999,26.620001,28.32,10.76,268.76001,51.605,26.450001,28.195,210.100006,54.57,27.5,105.18,34.349998,27.059999,30.65,37.375,30.42
4/21/2016,8.25,119.419998,33.299999,16.209999,26.969999,28.48,10.72,266.410004,51.195,26.290001,27.915001,208.970001,54.389999,27.299999,104.82,34.330002,26.973333,30.67,37.150002,30.41
4/22/2016,8.32,117.889999,31.889999,16.139999,27.209999,29.120001,10.76,268.700012,51.654999,26.34,27.82,208.970001,54.330002,27.190001,105.120003,34.32,27.093334,30.690001,37.049999,30.389999
4/25/2016,8.26,118.230003,32.540001,16.17,26.940001,28.360001,10.55,267.269989,51.325001,26.200001,27.555,208.610001,54.279999,27.08,104.760002,34.32,26.953333,30.65,36.919998,30.389999
4/26/2016,8.37,118.699997,32.990002,16.290001,27.719999,27.959999,10.81,269.519989,52.005001,26.309999,27.82,208.919998,54.209999,27.280001,105.18,34.299999,26.866667,30.639999,36.73,30.389999
4/27/2016,8.57,119.040001,32.810001,16.379999,27.93,27.76,11.14,270.890015,52.25,26.35,27.975,209.350006,54.27,27.360001,105.75,34.389999,27.093334,30.65,37.075001,30.41
4/28/2016,8.6,121.290001,33.169998,16.77,28.09,26.76,11.22,267.350006,51.349998,26.030001,27.684999,207.449997,54.259998,27.440001,105.720001,34.439999,27.266666,30.68,37.244999,30.440001
4/29/2016,8.6,123.650002,33.290001,16.98,28.040001,27.719999,11.3,265.850006,51.145,25.940001,27.74,206.330002,54.34,27.59,105.900002,34.470001,27.280001,30.700001,37.369999,30.440001
5/2/2016,8.44,123.239998,33.419998,16.639999,27.290001,26.440001,11.05,268.299988,51.494999,26.129999,27.66,207.970001,54.349998,27.620001,105.449997,34.349998,26.946667,30.65,36.919998,30.41
5/3/2016,8.32,122.959999,32.360001,16.57,26.5,27,10.74,264.529999,50.855,25.690001,26.885,206.160004,54.470001,27.290001,104.639999,34.43,27.206667,30.620001,37.395,30.450001
5/4/2016,8.3,122.209999,32.400002,16.49,26.200001,27.719999,10.79,263.410004,50.595001,25.440001,26.575001,205.009995,54.459999,27.139999,104.099998,34.490002,27.246666,30.629999,37.514999,30.48
5/5/2016,8.35,122.07,31.82,16.51,26.120001,26.959999,10.9,263.23999,50.25,25.35,26.51,204.970001,54.549999,27.18,104.129997,34.5,27.366667,30.67,37.810001,30.48
5/6/2016,8.44,123.18,32.27,16.629999,26.290001,27.120001,10.96,264.459991,50.650002,25.42,26.530001,205.720001,54.599998,27.219999,104.099998,34.490002,27.280001,30.639999,37.610001,30.469999
5/9/2016,8.23,120.650002,31.719999,16.120001,25.299999,27.16,10.68,264.399994,50.654999,25.33,26.23,205.889999,54.599998,26.950001,104.040001,34.549999,27.253334,30.68,37.689999,30.51
5/10/2016,8.5,120.980003,32.860001,16.280001,26.120001,28,10.99,267.529999,51.040001,25.709999,26.790001,208.449997,54.580002,27.07,104.849998,34.560001,27.286667,30.709999,37.724998,30.459999
5/11/2016,8.74,122.120003,32.700001,16.559999,27.57,28.040001,11.34,264.899994,50.450001,25.559999,26.709999,206.5,54.639999,27.209999,104.82,34.5,27.34,30.700001,37.904999,30.52
5/12/2016,8.8,121.160004,33.259998,16.219999,27.610001,27.76,11.45,264.809998,50.325001,25.51,26.605,206.559998,54.630001,27.09,104.82,34.459999,27.313334,30.690001,37.740002,30.440001
5/13/2016,8.72,121.709999,33.32,16.280001,27.83,27.120001,11.37,262.179993,49.895,25.23,26.205,204.759995,54.610001,26.99,104.400002,34.48,27.366667,30.690001,38.134998,30.49
5/16/2016,8.93,121.800003,33.389999,16.32,28.190001,26.280001,11.76,264.929993,50.450001,25.51,26.469999,206.779999,54.610001,26.940001,105.029999,34.43,27.233334,30.65,37.814999,30.450001
5/17/2016,9.05,122.220001,33.93,16.41,28.75,26.559999,11.92,262.059998,49.529999,25.42,26.4,204.850006,54.630001,26.940001,104.940002,34.41,27.24,30.639999,37.880001,30.43
5/18/2016,8.92,120.099998,33.720001,16,28.690001,25.84,11.7,261.450012,49.889999,25.4,26.280001,204.910004,54.439999,26.549999,104.849998,34.259998,26.953333,30.58,37.34,30.32
5/19/2016,8.95,119.870003,33.18,15.67,28.58,26.440001,11.79,260.559998,49.57,25.25,25.91,204.199997,54.5,26.549999,104.610001,34.27,26.873333,30.6,37.490002,30.360001
5/20/2016,8.96,119.709999,33.5,15.69,28.67,26.6,11.75,264.190002,50.200001,25.370001,26.145,205.490005,54.57,26.540001,104.970001,34.310001,26.92,30.57,37.549999,30.35
5/23/2016,8.91,119.370003,33.32,15.59,28.790001,26.6,11.66,263.630005,50.200001,25.33,26.120001,205.210007,54.59,26.530001,105.029999,34.310001,26.946667,30.59,37.595001,30.360001
5/24/2016,9,117.300003,33.23,15.42,28.950001,26,11.82,268,51.174999,25.66,26.445,207.869995,54.560001,26.51,105.660004,34.290001,26.733334,30.59,37.465,30.309999
5/25/2016,9.16,116.980003,33.990002,15.5,28.83,26.200001,12.03,269.660004,51.455002,25.950001,26.615,209.279999,54.639999,26.469999,105.900002,34.23,26.700001,30.6,37.334999,30.370001
5/26/2016,9.09,116.580002,34.330002,15.53,28.33,25.92,11.95,269.779999,51.435001,25.98,26.809999,209.339996,54.709999,26.559999,105.690002,34.279999,26.826666,30.620001,37.509998,30.389999
5/27/2016,9.15,115.620003,34.610001,15.39,28.6,26.120001,11.98,271.980011,51.855,25.940001,26.83,210.240005,54.75,26.530001,105.809998,34.220001,26.879999,30.610001,37.435001,30.33
5/31/2016,9.06,116.059998,33.889999,15.19,27.98,27.559999,11.87,271.820007,52.095001,25.85,26.875,209.839996,54.689999,26.469999,105.690002,34.32,26.993334,30.629999,37.549999,30.4
6/1/2016,9.12,115.940002,34.610001,15.17,28.370001,28.799999,11.93,273.089996,52.43,25.82,26.889999,210.270004,54.73,26.52,105.18,34.220001,26.98,30.620001,37.540001,30.34
6/2/2016,9.07,115.669998,35.32,15.22,28.33,29,11.86,274.890015,52.669998,25.83,27.055,210.910004,54.790001,26.610001,105.209999,34.23,27.173334,30.6,37.84,30.360001
6/3/2016,9.06,118.879997,35.630001,15.61,28.129999,28.959999,11.82,273.380005,52.43,26.059999,27.395,210.279999,54.990002,26.879999,105.389999,34.43,27.373333,30.66,38.349998,30.440001
6/6/2016,9.21,118.919998,36.169998,15.68,27.75,29.76,12.04,275.809998,53.025002,26.25,27.625,211.350006,54.889999,27.120001,105.900002,34.43,27.306667,30.639999,38.099998,30.49
6/7/2016,9.36,118.82,36.279999,15.6,27.85,29.959999,12.22,276.690002,53.23,26.440001,27.915001,211.679993,54.93,27.299999,106.410004,34.5,27.373333,30.67,38.209999,30.469999
6/8/2016,9.52,120.580002,36.869999,16.209999,28.389999,29.76,12.43,277.98999,53.685001,26.5,28.059999,212.369995,54.900002,27.42,106.889999,34.52,27.506666,30.68,38.369999,30.469999
6/9/2016,9.43,121.25,36.630001,16.469999,28.280001,31.440001,12.25,277.279999,53.395,26.17,27.674999,212.080002,54.98,27.309999,106.410004,34.540001,27.613333,30.700001,38.619999,30.48
6/10/2016,9.2,121.739998,36.299999,16.49,27.139999,31.040001,11.87,273.380005,52.610001,25.49,27.030001,210.070007,55.029999,27.1,105.839996,34.59,27.613333,30.700001,38.775002,30.48
6/13/2016,9.13,122.639999,36.470001,16.58,26.65,31.32,11.76,270.440002,52.02,25.110001,26.73,208.449997,55.110001,27.040001,105.239998,34.599998,27.586666,30.73,38.970001,30.540001
6/14/2016,9.03,122.769997,36.509998,16.540001,26.4,31.440001,11.73,269.459991,52.07,24.780001,26.674999,208.039993,55.049999,26.809999,104.879997,34.560001,27.58,30.700001,38.950001,30.51
6/15/2016,8.92,123.68,35.900002,16.690001,26.110001,31.280001,11.47,269.959991,52.064999,24.9,26.91,207.75,55.25,27.030001,104.760002,34.599998,27.559999,30.700001,39.09,30.57
6/16/2016,8.68,122.379997,35.470001,16.309999,25.59,31.120001,11.14,269.769989,52.02,24.9,26.825001,208.369995,55.18,26.83,104.730003,34.630001,27.646667,30.719999,39.294998,30.57
6/17/2016,9.05,123.949997,36.490002,16.6,26.389999,31.799999,11.66,268.929993,51.610001,24.77,26.665001,206.520004,55.07,27.059999,104.849998,34.599998,27.593334,30.719999,39.035,30.57
6/20/2016,9.25,123.209999,35.560001,16.65,27.459999,32.720001,11.91,271.76001,52.205002,25.32,27.16,207.850006,55.040001,27.33,105.599998,34.540001,27.540001,30.709999,38.654999,30.530001
6/21/2016,9.28,120.839996,34.09,16.379999,27.66,33.040001,11.89,271.970001,52.154999,25.52,27.295,208.440002,54.959999,27.299999,106.199997,34.529999,27.526667,30.700001,38.5,30.48
6/22/2016,9.2,120.900002,33.91,16.42,27.48,32,11.74,271.079987,51.935001,25.48,27.25,208.100006,54.959999,27.469999,106.110001,34.560001,27.440001,30.719999,38.529999,30.540001
6/23/2016,9.37,120.110001,33.48,16.49,27.85,32.360001,11.98,276.100006,52.849998,26.110001,27.924999,210.809998,54.82,27.620001,106.889999,34.619999,27.34,30.709999,38.154999,30.450001
6/24/2016,8.95,126,33.200001,16.889999,26.58,31.84,11.4,264.929993,51.044998,24.08,26.49,203.240005,55.040001,26.809999,105.300003,34.669998,27.573334,30.76,39.095001,30.629999
6/27/2016,8.85,126.68,33.299999,16.870001,25.940001,32.68,11.19,257.470001,49.48,23.559999,26.165001,199.600006,55.470001,26.780001,103.470001,34.759998,27.9,30.700001,40.060001,30.67
6/28/2016,9.08,125.32,33.32,16.91,26.32,34.16,11.47,262.420013,50.044998,24.190001,26.945,203.199997,55.650002,27.360001,104.879997,34.849998,28.213333,30.75,40.105,30.67
6/29/2016,9.34,125.839996,32.700001,17.370001,26.43,33.759998,11.79,267.450012,51.169998,24.65,27.530001,206.660004,55.740002,27.709999,106.169998,34.790001,27.98,30.790001,39.825001,30.65
6/30/2016,9.16,126.470001,32.799999,17.860001,25.98,34.560001,11.57,272.230011,52.224998,24.93,27.780001,209.479996,55.700001,27.85,107.07,34.889999,28.139999,30.780001,39.91,30.66
7/1/2016,9.34,128.410004,32.049999,18.74,26.33,35.400002,11.78,272.779999,52.400002,25.040001,28.014999,209.919998,55.779999,27.879999,106.589996,34.869999,28.406666,30.77,40.43,30.65
7/5/2016,8.95,129.470001,30.98,18.98,24.65,32.599998,11.18,269.649994,51.599998,24.559999,27.540001,208.410004,55.990002,27.66,106.080002,34.98,28.780001,30.799999,40.849998,30.690001
7/6/2016,9.06,130.229996,30.58,19.1,24.92,33.080002,11.33,271.049988,51.830002,24.51,27.455,209.660004,56.040001,27.639999,106.589996,34.939999,28.846666,30.799999,40.959999,30.68
7/7/2016,8.68,129.740005,29.85,18.709999,23.66,32.720001,10.82,271.519989,52.014999,24.43,27.4,209.529999,55.939999,27.52,106.769997,34.880001,28.673334,30.77,40.950001,30.66
7/8/2016,8.71,130.520004,31.02,19.219999,23.799999,33.279999,10.83,276.670013,53.264999,24.77,27.905001,212.649994,56.099998,27.860001,108.209999,34.970001,29.146667,30.77,41.185001,30.610001
7/11/2016,8.67,129.289993,30.620001,19.299999,23.85,32.040001,10.65,278.220001,53.884998,25.09,28.215,213.399994,56.040001,27.84,108.419998,34.919998,29.046667,30.780001,40.869999,30.610001
7/12/2016,9.01,127.150002,31.360001,19.09,24.51,32.439999,11.19,281,54.5,25.42,28.57,214.949997,55.82,28.030001,108.690002,34.889999,28.766666,30.780001,40.294998,30.57
7/13/2016,8.7,128.320007,31.969999,19.389999,23.9,32.48,10.75,280.23999,54.494999,25.42,28.514999,214.919998,55.98,28.02,108.419998,34.93,28.773333,30.76,40.674999,30.57
7/14/2016,8.8,127.330002,31.17,19.25,24.280001,32.400002,10.87,280.880005,54.540001,25.6,28.905001,216.119995,55.91,28.129999,108.510002,34.91,28.666666,30.719999,40.145,30.57
7/15/2016,8.85,126.839996,30.74,19.08,24.540001,32.560001,10.99,280.869995,54.625,25.49,28.795,215.830002,55.759998,28.09,108.330002,34.759998,28.4,30.74,39.82,30.530001
7/18/2016,8.74,127.040001,31.07,19.1,23.959999,32.200001,10.82,281.23999,54.724998,25.549999,29.045,216.410004,55.709999,28.040001,108.779999,34.830002,28.5,30.780001,39.764999,30.540001
7/19/2016,8.73,127.209999,30.01,18.92,23.74,32.200001,10.7,280.720001,54.349998,25.34,28.785,216.190002,55.84,27.92,108.449997,34.889999,28.626667,30.77,40,30.559999
7/20/2016,8.76,125.389999,29.43,18.42,23.51,31.32,10.73,281.899994,54.674999,25.559999,28.995001,217.089996,55.84,27.879999,108.720001,34.869999,28.559999,30.74,39.790001,30.540001
7/21/2016,8.56,127.300003,29.41,18.879999,23.32,31.719999,10.49,280.25,54.34,25.49,28.885,216.270004,55.82,27.870001,108.690002,34.900002,28.639999,30.780001,39.830002,30.549999
7/22/2016,8.47,126.349998,29.360001,18.67,23.35,32.720001,10.42,282.51001,54.66,25.49,29.035,217.240005,55.860001,27.91,109.080002,34.91,28.693333,30.77,39.924999,30.549999
7/25/2016,8.31,125.470001,29.059999,18.540001,22.879999,32.32,10.13,281.470001,54.494999,25.440001,28.825001,216.649994,55.799999,27.700001,108.480003,34.869999,28.526667,30.780001,39.884998,30.5
7/26/2016,8.28,126,28.9,18.66,23.07,31.84,10.08,283.059998,54.779999,25.540001,28.955,216.75,55.880001,27.719999,108.18,34.869999,28.626667,30.76,39.955002,30.540001
7/27/2016,8.09,128.029999,29.15,19.370001,22.639999,31.799999,9.9,281.880005,54.994999,25.65,28.985001,216.520004,56.150002,27.76,108.480003,34.93,28.786667,30.780001,40.41,30.57
7/28/2016,7.96,127.660004,28.889999,19.209999,22.33,34.119999,9.67,282.809998,54.805,25.66,29,216.770004,56.110001,27.719999,107.970001,34.93,28.773333,30.790001,40.345001,30.58
7/29/2016,8.06,128.979996,29.15,19.35,22.59,34.200001,9.76,283.779999,54.810001,25.950001,29.125,217.119995,56.099998,28.09,108.18,35.02,28.879999,30.84,40.639999,30.629999
8/1/2016,7.85,129.220001,28.34,19.43,22.51,33.119999,9.41,283.019989,54.77,25.809999,29.094999,216.940002,55.82,27.99,106.949997,34.860001,28.426666,30.790001,40.189999,30.59
8/2/2016,7.76,130.270004,28.07,19.6,22.48,32.639999,9.33,279.799988,54.035,25.690001,28.940001,215.550003,55.610001,28,106.830002,34.82,28.206667,30.780001,39.794998,30.59
8/3/2016,7.99,129.649994,28.280001,19.379999,23.25,33.959999,9.69,281.600006,54.330002,25.59,29.15,216.179993,55.689999,28.02,107.190002,34.84,28.24,30.77,39.825001,30.59
8/4/2016,8.1,129.869995,28.030001,19.35,23.459999,33.759998,9.84,281.640015,54.345001,25.719999,29.299999,216.410004,55.810001,28.129999,107.910004,34.919998,28.413334,30.780001,40.09,30.6
8/5/2016,8.13,127.550003,28.530001,18.709999,23.610001,32.959999,9.86,284.359985,55.105,25.84,29.625,218.179993,55.790001,28.15,108.120003,34.799999,28.213333,30.77,39.66,30.5
8/8/2016,8.26,127.440002,28.73,18.74,23.32,32.799999,10.1,284.420013,54.959999,25.91,29.785,218.050003,55.869999,28.35,108.720001,34.830002,28.346666,30.780001,39.73,30.51
8/9/2016,8.24,127.959999,28.66,18.870001,23.16,31.32,10.07,284.320007,54.990002,26.139999,30.07,218.179993,56.02,28.42,109.080002,34.900002,28.646667,30.77,40.099998,30.540001
8/10/2016,8.08,128.559998,28.639999,19.16,22.280001,30.719999,9.77,283.470001,54.715,26.209999,29.99,217.639999,56.16,28.530001,109.050003,34.900002,28.713333,30.780001,40.279999,30.57
8/11/2016,8.38,127.669998,28.549999,18.959999,23.280001,30.4,10.21,284.130005,55.005001,26.4,30.355,218.649994,56.110001,28.67,109.230003,34.869999,28.6,30.780001,39.895,30.5
8/12/2016,8.56,127.400002,28.700001,18.719999,23.65,30.92,10.5,283.630005,54.875,26.360001,30.41,218.460007,56.099998,28.450001,109.349998,34.950001,28.673334,30.82,40.240002,30.549999
8/15/2016,8.74,127.839996,29.1,18.83,24.09,30.92,10.76,285.76001,55.435001,26.459999,30.674999,219.089996,56.009998,28.66,109.650002,34.919998,28.6,30.799999,39.875,30.540001
8/16/2016,8.87,128.470001,29.139999,18.82,24.389999,31.32,10.92,283.019989,54.970001,26.4,30.504999,217.960007,55.990002,28.639999,109.32,34.900002,28.573334,30.790001,39.759998,30.52
8/17/2016,8.94,128.5,29.34,18.68,24.99,31.280001,10.99,282.51001,54.834999,26.379999,30.4,218.369995,56.040001,28.58,109.5,34.900002,28.666666,30.799999,39.990002,30.52
8/18/2016,9.14,129.110001,29.5,18.77,25.440001,31.92,11.3,284.450012,55.275002,26.52,30.575001,218.860001,56.099998,28.59,109.919998,34.990002,28.746666,30.809999,40.060001,30.559999
8/19/2016,9.13,127.970001,29.4,18.35,25.67,30.719999,11.34,284.529999,55.275002,26.33,30.43,218.539993,56,28.540001,109.620003,34.900002,28.646667,30.82,39.855,30.530001
8/22/2016,8.88,127.779999,29.33,17.969999,25.190001,31.719999,10.97,284.799988,55.400002,26.33,30.004999,218.529999,56.080002,28.41,109.379997,34.91,28.846666,30.799999,40.16,30.540001
8/23/2016,8.99,127.760002,28.98,17.93,25.52,32.759998,11.09,286.209991,55.799999,26.450001,30.025,218.970001,56.16,28.26,109.860001,34.970001,28.906666,30.799999,40.235001,30.51
8/24/2016,8.81,126.339996,28.82,17.620001,25.15,33.200001,10.82,284.779999,55.43,26.370001,30.014999,217.850006,56.09,28.16,109.529999,34.970001,28.906666,30.809999,40.110001,30.530001
8/25/2016,8.91,126.230003,28.290001,17.629999,25.540001,33.84,10.95,285.170013,55.5,26.290001,29.940001,217.699997,56.09,28.24,109.589996,34.939999,28.793333,30.790001,39.950001,30.52
8/26/2016,8.94,126.050003,27.620001,17.719999,25.51,34,10.95,284.070007,55.470001,26.110001,29.725,217.289993,56.040001,28.110001,109.620003,34.82,28.746666,30.76,39.755001,30.469999
8/29/2016,8.84,126.300003,27.23,17.9,25.049999,34.040001,10.85,286.269989,55.790001,26.18,30.09,218.360001,56.130001,28.17,110.190002,34.950001,29.046667,30.75,40.244999,30.5
8/30/2016,8.74,125.029999,26.83,17.67,24.66,33.32,10.73,286.190002,55.84,26.15,29.955,218,56.18,28.09,110.160004,34.939999,28.933332,30.790001,40.105,30.469999
8/31/2016,8.43,124.779999,26.67,17.719999,24.01,33.799999,10.36,285.079987,55.580002,26.07,29.674999,217.380005,56.09,28.01,109.620003,34.900002,28.933332,30.77,40.145,30.49
9/1/2016,8.22,125.290001,27.110001,17.940001,22.93,32.959999,10.06,284.950012,55.34,26.25,29.844999,217.389999,55.98,27.99,109.32,34.84,28.780001,30.74,40.115002,30.48
9/2/2016,8.36,126.57,27.49,18.440001,23.139999,32.799999,10.24,287.890015,56.240002,26.57,30.305,218.369995,55.880001,28.1,109.919998,34.82,28.713333,30.73,39.794998,30.48
9/6/2016,8.49,128.710007,27.48,19.049999,23.59,32,10.39,287.269989,56.09,26.76,30.905001,219.029999,55.970001,28.530001,110.040001,34.93,28.866667,30.780001,40.095001,30.530001
9/7/2016,8.62,128.270004,27.99,18.780001,24.120001,31.559999,10.52,288.350006,56.555,26.790001,30.825001,219.009995,56.110001,28.49,109.830002,34.93,28.84,30.780001,40.099998,30.530001
9/8/2016,8.96,127.589996,28.18,18.620001,25.219999,32.959999,10.96,287,56.334999,26.709999,30.785,218.509995,55.91,28.43,109.589996,34.830002,28.433332,30.719999,39.605,30.48
9/9/2016,8.63,126.75,28.27,18.110001,24.469999,32.84,10.59,278.549988,54.66,26.18,29.93,213.279999,55.700001,28.030001,108.449997,34.68,28.093334,30.74,38.974998,30.469999
9/12/2016,8.66,126.589996,28.200001,18.17,24.82,34.080002,10.64,281.899994,55.27,26.35,30.125,216.339996,55.610001,28.15,108.809998,34.73,28.193333,30.700001,38.990002,30.459999
9/13/2016,8.49,125.75,27.440001,17.93,24.6,34.119999,10.37,276.779999,54.34,25.809999,29.445,213.229996,55.490002,27.790001,108.029999,34.66,27.860001,30.709999,38.59,30.459999
9/14/2016,8.27,126.18,27.51,18.02,24.459999,34.040001,10.09,276,54.060001,25.790001,29.605,213.149994,55.560001,27.9,107.940002,34.720001,27.84,30.719999,38.700001,30.459999
9/15/2016,8.35,125.370003,27.4,18.040001,25.49,34.279999,10.14,278.859985,54.720001,26.02,30.01,215.279999,55.5,28,108.510002,34.740002,27.92,30.73,38.5,30.51
9/16/2016,8.25,125.059998,28,17.860001,26.299999,34.68,10,276.369995,54.48,25.709999,29.825001,213.369995,55.560001,27.83,108.419998,34.73,28.026667,30.719999,38.755001,30.49
9/19/2016,8.23,125.32,28.17,18.200001,25.59,34.48,9.98,278.420013,54.735001,25.879999,29.934999,213.410004,55.549999,27.9,108.540001,34.73,27.993334,30.709999,38.639999,30.459999
9/20/2016,8.27,125.440002,28.440001,18.27,25.17,35.799999,10.07,277.049988,54.865002,26.030001,29.969999,213.419998,55.639999,27.959999,108.480003,34.73,28.066668,30.700001,38.755001,30.48
9/21/2016,8.47,127.269997,28.299999,18.85,25.940001,35.959999,10.4,280.75,55.380001,26.469999,30.67,215.820007,55.759998,28.299999,109.349998,34.790001,28.333334,30.74,39.075001,30.43
9/22/2016,8.59,127.57,28.16,18.9,26.049999,35,10.53,284.059998,56.349998,26.76,30.91,217.179993,55.950001,28.309999,109.769997,34.869999,28.533333,30.73,39.369999,30.459999
9/23/2016,8.32,127.650002,27.799999,18.68,25.709999,34.759998,10.19,281.809998,55.93,26.51,30.57,215.990005,55.919998,28.24,109.529999,34.849998,28.559999,30.73,39.330002,30.48
9/26/2016,8.5,127.550003,27.370001,18.41,26.1,35.119999,10.43,280.339996,55.375,26.26,30.16,214.240005,56.029999,28.200001,109.050003,34.900002,28.58,30.75,39.535,30.51
9/27/2016,8.28,126.620003,27.719999,18.17,25.85,34.919998,10.15,280.619995,55.294998,26.370001,30.485001,215.570007,56.099998,28.370001,109.470001,34.91,28.706667,30.75,39.830002,30.559999
9/28/2016,8.66,126.220001,27.540001,18.209999,27.08,34.439999,10.65,282.98999,55.880001,26.58,30.775,216.639999,56.099998,28.42,110.190002,34.900002,28.673334,30.76,39.759998,30.5
9/29/2016,8.82,126.07,27.48,18.110001,27.379999,34.040001,10.87,279.839996,55.349998,26.34,30.225,214.679993,56.110001,28.26,109.68,34.900002,28.700001,30.74,39.849998,30.57
9/30/2016,8.87,125.639999,27.809999,18.200001,27.6,33.439999,10.93,282.269989,55.77,26.469999,30.290001,216.300003,56.040001,28.33,110.160004,34.91,28.593334,30.77,39.529999,30.549999
10/3/2016,9.01,125.32,28.33,17.870001,27.879999,33.360001,11.1,280.209991,55.564999,26.450001,30.540001,215.779999,55.779999,28.42,109.620003,34.740002,28.333334,30.690001,39.32,30.5
10/4/2016,9.03,120.970001,28.23,16.940001,28.42,34,11.09,278.869995,55.334999,26.32,30.27,214.679993,55.75,28.25,109.5,34.700001,28.219999,30.65,38.915001,30.459999
10/5/2016,9.17,120.779999,28.33,16.85,28.18,34.720001,11.35,280.269989,55.639999,26.469999,30.76,215.630005,55.630001,28.27,109.800003,34.689999,28.1,30.67,38.73,30.440001
10/6/2016,9.3,119.660004,27.969999,16.440001,28.469999,34.84,11.51,280.859985,55.654999,26.34,30.674999,215.779999,55.619999,28.23,109.800003,34.66,28.106667,30.66,38.505001,30.41
10/7/2016,9.16,119.739998,27.860001,16.6,28.049999,36.52,11.33,278.799988,55.224998,26.200001,30.514999,215.039993,55.580002,28.27,110.040001,34.700001,28.193333,30.66,38.529999,30.4
10/10/2016,9.4,120.160004,28.1,16.73,28.25,37.439999,11.67,281.140015,55.73,26.290001,30.844999,216.160004,55.470001,28.290001,110.459999,34.68,28.093334,30.66,38.314999,30.42
10/11/2016,9.32,119.550003,28.200001,16.559999,28.16,36.959999,11.58,276.5,54.895,25.9,30.225,213.429993,55.509998,28.08,109.830002,34.669998,28.02,30.639999,38.240002,30.41
10/12/2016,9.22,119.739998,27.6,16.65,27.450001,36.84,11.43,277.579987,54.935001,25.889999,30.24,213.710007,55.450001,28.01,109.739998,34.689999,28.059999,30.639999,38.259998,30.4
10/13/2016,9.25,120.029999,28.559999,16.610001,28.02,38.240002,11.49,276.480011,54.43,25.799999,29.975,213.009995,55.560001,28.02,109.589996,34.700001,28.219999,30.65,38.400002,30.42
10/14/2016,9.23,119.360001,28.77,16.559999,28.389999,37.720001,11.44,276.339996,54.355,25.84,30.025,213.119995,55.400002,28.040001,109.739998,34.669998,27.953333,30.67,37.91,30.42
10/17/2016,9.17,119.68,29.110001,16.57,28.33,37.400002,11.37,276.209991,54.205002,25.77,29.969999,212.380005,55.439999,27.969999,109.709999,34.700001,28.120001,30.700001,38.145,30.440001
10/18/2016,9.24,120.419998,28.98,16.719999,28.41,37.560001,11.45,277.720001,54.349998,26.059999,30.514999,213.710007,55.509998,28.059999,110.07,34.779999,28.16,30.709999,38.25,30.450001
10/19/2016,9.38,121.110001,29.280001,16.790001,28.51,36.959999,11.66,279,54.674999,26.139999,30.684999,214.279999,55.540001,28.309999,110.43,34.810001,28.253334,30.709999,38.275002,30.459999
10/20/2016,9.22,120.739998,28.860001,16.639999,28.26,36.880001,11.43,277.910004,54.255001,26.139999,30.59,213.880005,55.57,28.24,110.400002,34.799999,28.299999,30.709999,38.334999,30.450001
10/21/2016,9.3,120.830002,28.99,16.65,28.85,35.959999,11.48,277.76001,54.049999,26.07,30.66,213.979996,55.549999,28.110001,110.519997,34.810001,28.32,30.719999,38.415001,30.41
10/24/2016,9.28,120.559998,28.780001,16.700001,28.440001,35.639999,11.43,279.040009,54.615002,26.059999,30.73,214.889999,55.540001,28.27,110.610001,34.790001,28.066668,30.700001,38.224998,30.440001
10/25/2016,9.15,121.470001,28.809999,16.860001,28.299999,33.759998,11.24,277.049988,53.985001,26.02,30.73,214.169998,55.549999,28.360001,110.550003,34.790001,28.166666,30.690001,38.294998,30.450001
10/26/2016,9.01,120.790001,29.33,16.709999,28.139999,32.759998,11.09,275.559998,53.52,25.9,30.450001,213.740005,55.439999,28.17,110.040001,34.740002,28.006666,30.68,38.060001,30.43
10/27/2016,9.11,121.010002,29.52,16.73,28.24,32.84,11.21,273.350006,53,25.879999,30.290001,213.169998,55.209999,28.040001,109.589996,34.66,27.719999,30.66,37.674999,30.4
10/28/2016,8.95,121.580002,29.23,16.870001,27.700001,33.400002,11.01,272.799988,52.974998,25.870001,30.15,212.539993,55.23,27.879999,109.110001,34.669998,27.68,30.68,37.59,30.440001
10/31/2016,8.57,121.940002,29.26,16.969999,27.040001,32.32,10.53,274.769989,53.299999,25.870001,30.434999,212.550003,55.279999,27.950001,108.779999,34.66,27.780001,30.709999,37.794998,30.440001
11/1/2016,8.6,122.730003,28.790001,17.41,28.26,30.92,10.57,271.75,52.494999,25.77,30.115,211.009995,55.110001,27.870001,107.879997,34.619999,27.573334,30.65,37.740002,30.440001
11/2/2016,8.4,123.639999,28.73,17.559999,27.67,29.959999,10.28,269.109985,52.110001,25.610001,29.875,209.740005,55.25,27.82,107.25,34.619999,27.58,30.67,37.884998,30.450001
11/3/2016,8.25,124.300003,28.709999,17.42,27.129999,29.639999,10.08,268.630005,51.799999,25.58,29.674999,208.779999,55.16,27.83,107.279999,34.610001,27.493334,30.65,37.66,30.440001
11/4/2016,8.16,124.389999,28.690001,17.459999,26.530001,29.879999,9.98,269.070007,52.134998,25.379999,29.325001,208.550003,55.209999,27.799999,107.459999,34.66,27.52,30.68,37.93,30.469999
11/7/2016,8.31,122.150002,28.73,17.290001,26.18,30.360001,10.16,274.75,53.349998,25.719999,30.379999,213.149994,55.209999,27.879999,108.870003,34.59,27.513334,30.67,37.619999,30.43
11/8/2016,8.29,121.639999,29.219999,17.4,26.139999,28.040001,10.1,275.429993,53.68,25.780001,30.465,214.110001,55.139999,28.07,108.690002,34.580002,27.540001,30.629999,37.439999,30.389999
11/9/2016,8.46,121.559998,28.379999,17.450001,25.959999,28.84,10.28,280.440002,55.154999,25.75,29.645,216.380005,54.799999,27.48,107.970001,34.41,26.719999,30.59,35.950001,30.309999
11/10/2016,8.28,119.75,28.49,17.559999,25.459999,28.559999,10.04,281.690002,56.360001,25.68,29.040001,216.919998,54.580002,25.91,106.440002,34.330002,26.733334,30.620001,35.465,30.280001
11/11/2016,8.06,117.099998,28.27,16.469999,24.709999,28.24,9.77,284.470001,57.709999,25.51,28.4,216.419998,54.5,25.780001,105.389999,34.290001,26.52,30.559999,35.290001,30.23
11/14/2016,8.11,116.110001,27.940001,16,24.469999,29.48,9.87,289,58.490002,25.379999,28.264999,216.589996,54.360001,26.120001,106.169998,34.200001,26.360001,30.5,35.055,30.17
11/15/2016,8.47,117.120003,28.27,16.190001,25.49,29.040001,10.34,290.420013,58.689999,25.51,28.735001,218.279999,54.529999,26.280001,107.580002,34.220001,26.453333,30.540001,35.200001,30.16
11/16/2016,8.39,116.769997,28.02,16.09,25.059999,29.559999,10.23,290.480011,58.779999,25.290001,28.514999,217.869995,54.470001,26.139999,107.160004,34.189999,26.559999,30.540001,35.544998,30.16
11/17/2016,8.32,116.169998,28.280001,15.84,25.41,28.959999,10.13,292.359985,59.060001,25.48,28.535,218.990005,54.450001,26.08,106.919998,34.119999,26.333334,30.530001,35.055,30.139999
11/18/2016,8.48,115.150002,28.57,15.73,25.49,30.08,10.32,292.420013,59.334999,25.23,28.395,218.5,54.380001,25.99,106.860001,34.02,26.186666,30.5,34.93,30.139999
11/21/2016,8.87,115.580002,29.049999,15.72,26.719999,31.16,10.77,294.429993,59.41,25.42,28.715,220.149994,54.330002,26.16,107.760002,33.959999,26.200001,30.51,34.974998,30.1
11/22/2016,8.77,115.540001,29.219999,15.8,26.77,30.84,10.63,296.519989,60.349998,25.52,29.014999,220.580002,54.540001,26.209999,108.57,34.02,26.266666,30.530001,34.985001,30.129999
11/23/2016,8.8,113.25,29.17,15.52,27.139999,31.719999,10.67,297.829987,60.695,25.43,28.719999,220.699997,54.419998,25.92,108.089996,33.91,26.139999,30.49,34.84,30.08
11/25/2016,8.54,112.610001,29.209999,15.63,26.379999,32.32,10.33,298.690002,60.889999,25.49,28.83,221.520004,54.439999,25.889999,108.269997,33.900002,26.146667,30.51,34.875,30.09
11/28/2016,8.61,113.800003,29.27,15.77,26.74,33.720001,10.44,296.519989,60.115002,25.389999,28.959999,220.479996,54.529999,26.1,108.360001,33.990002,26.246666,30.530001,35.145,30.120001
11/29/2016,8.32,113.269997,28.610001,15.78,26.25,33.52,10.06,297.220001,60.145,25.530001,28.844999,220.910004,54.66,26.08,108.150002,33.990002,26.333334,30.52,35.259998,30.110001
11/30/2016,9,111.75,28.370001,15.66,28.07,33.720001,10.93,296.429993,60.009998,25.52,28.995001,220.380005,54.529999,26.09,108.360001,33.919998,26.133333,30.540001,34.740002,30.09
12/1/2016,9.31,111.540001,28.07,15.66,29.33,35.439999,11.33,295.75,59.794998,25.459999,28.735001,219.570007,54.139999,25.959999,107.400002,33.799999,25.993334,30.48,34.375,30.02
12/2/2016,9.43,112.139999,28.309999,15.83,29.51,34.799999,11.48,295.98999,59.775002,25.530001,28.74,219.679993,54.380001,25.959999,108.029999,33.860001,26.1,30.5,34.535,30.059999
12/5/2016,9.4,111.540001,28.969999,15.88,29.42,36.16,11.35,299.25,60.779999,25.75,28.975,221,54.330002,26.08,108.360001,33.91,26.18,30.51,34.549999,30.059999
12/6/2016,9.31,111.43,29.030001,15.85,29.040001,36.599998,11.29,302.23999,61.485001,25.950001,29.110001,221.699997,54.16,26.35,108.779999,33.880001,26.153334,30.5,34.535,30.1
12/7/2016,9.19,111.830002,28.93,16.23,28.620001,36.040001,11.09,305.700012,62.139999,26.299999,29.504999,224.600006,54.32,26.5,109.470001,34,26.42,30.51,34.805,30.110001
12/8/2016,9.34,111.57,28.57,16.139999,28.549999,37.48,11.31,309.089996,63.195,26.299999,29.59,225.149994,54.240002,26.459999,109.379997,33.939999,26.153334,30.51,34.395,30.110001
12/9/2016,9.42,110.400002,28.99,15.97,28.719999,37.68,11.44,308.390015,63.325001,26.389999,29.504999,226.509995,54.18,26.379999,109.379997,33.889999,25.98,30.52,34.09,30.07
12/12/2016,9.58,110.82,29.02,16.190001,29.23,35.360001,11.62,306.640015,62.715,26.290001,29.25,226.25,54.049999,26.610001,109.260002,33.84,25.973333,30.52,34.02,30.08
12/13/2016,9.67,110.449997,29.040001,16.040001,29.35,34.880001,11.73,307.220001,62.744999,26.52,29.555,227.759995,54.209999,26.58,109.589996,33.849998,26.073334,30.48,34.18,30.040001
12/14/2016,9.37,108.830002,29,15.93,29.15,35.880001,11.32,303.339996,61.93,26.1,28.795,225.880005,54.220001,26.35,108.660004,33.73,25.946667,30.459999,33.834999,29.959999
12/15/2016,9.39,107.339996,28.75,15.18,29.35,34.560001,11.36,304.679993,62.509998,26.040001,28.885,226.809998,54.209999,26.18,108.779999,33.669998,26.059999,30.450001,33.945,29.93
12/16/2016,9.55,108.050003,28.889999,15.27,29.620001,34.200001,11.55,302.929993,60.400002,25.59,28.379999,225.039993,54.32,26.200001,108.870003,33.68,25.873333,30.440001,33.875,29.93
12/19/2016,9.5,108.589996,28.540001,15.17,29.6,34.279999,11.5,304.660004,60.869999,25.57,28.280001,225.529999,54.5,26.190001,109.260002,33.75,26.126667,30.459999,34.255001,29.98
12/20/2016,9.58,107.790001,28.16,15.24,30.25,33.279999,11.62,306.450012,61.485001,25.68,28.295,226.399994,54.470001,26.24,109.32,33.75,26.18,30.48,34.07,29.959999
12/21/2016,9.44,107.849998,28.049999,15.12,30.379999,36,11.44,305.059998,61.134998,25.66,28.23,225.770004,54.5,26.43,109.559998,33.77,26.299999,30.5,34.220001,29.950001
12/22/2016,9.47,107.589996,27.809999,14.98,30.309999,35.52,11.46,303.23999,60.599998,25.58,28.004999,225.380005,54.060001,26.35,109.709999,33.790001,26.313334,30.51,34.174999,30
12/23/2016,9.55,107.93,27.67,14.91,30.610001,36.720001,11.56,303.920013,60.740002,25.639999,28.075001,225.710007,54.169998,26.549999,109.980003,33.810001,26.433332,30.51,34.215,29.98
12/27/2016,9.69,108.559998,28.549999,15.13,31.23,37.32,11.73,305.119995,61.240002,25.610001,28.25,226.270004,54.16,26.389999,109.709999,33.790001,26.393333,30.5,34.130001,29.98
12/28/2016,9.71,108.860001,28.08,15.2,31.51,38.52,11.75,302.019989,60.505001,25.549999,28.379999,224.399994,54.240002,26.459999,109.050003,33.799999,26.433332,30.48,34.259998,29.959999
12/29/2016,9.67,110.290001,28.120001,15.32,31.41,38,11.72,302.910004,60.555,25.629999,28.809999,224.350006,54.34,26.42,109.199997,33.84,26.446667,30.5,34.400002,30.02
12/30/2016,9.68,109.610001,28.139999,15.11,31.32,37.360001,11.72,301.730011,60.415001,25.700001,28.639999,223.529999,54.290001,26.58,109.349998,33.91,26.58,30.530001,34.445,30.049999
1/3/2017,9.46,110.470001,28.209999,15.44,30.629999,33.360001,11.44,303.359985,60.764999,25.84,28.934999,225.240005,54.099998,26.280001,109.889999,33.919998,26.559999,30.5,34.580002,30.030001
1/4/2017,9.57,110.860001,28.700001,15.58,30.780001,32.560001,11.58,308.160004,61.755001,26.139999,29.225,226.580002,54.130001,26.459999,110.370003,33.970001,26.780001,30.51,34.724998,30.049999
1/5/2017,9.65,112.580002,28.93,15.76,30.74,33.040001,11.7,305.73999,60.84,26.42,29.584999,226.399994,54.09,26.690001,110.190002,34.049999,26.940001,30.530001,35.240002,30.110001
1/6/2017,9.64,111.75,28.610001,15.64,30.51,32.68,11.68,305.450012,60.494999,26.32,29.450001,227.210007,53.950001,26.610001,110.220001,33.959999,26.940001,30.52,34.895,30.040001
1/9/2017,9.35,112.669998,28.790001,15.7,29.48,31.16,11.31,303.529999,60.02,26.27,29.379999,226.460007,54.09,26.66,110.25,34.009998,26.9,30.540001,35.205002,30.1
1/10/2017,9.16,113.150002,28.809999,15.91,28.99,32.560001,11.07,305.5,60.555,26.280001,29.575001,226.460007,54.029999,26.58,110.309998,34.009998,27.006666,30.530001,35.150002,30.09
1/11/2017,9.4,113.5,28.610001,15.87,29.99,32.759998,11.37,306.730011,60.689999,26.450001,29.92,227.100006,54.130001,26.540001,110.279999,34.02,26.879999,30.530001,35.259998,30.110001
1/12/2017,9.53,113.910004,29.16,15.91,30.299999,33.599998,11.54,304.959991,60.139999,26.51,29.879999,226.529999,54.09,26.73,110.309998,34.02,26.826666,30.540001,35.220001,30.120001
1/13/2017,9.42,114.209999,29.27,15.94,30.280001,34.040001,11.41,306.649994,60.525002,26.59,29.865,227.050003,54.029999,26.77,110.339996,34.009998,26.786667,30.549999,35.029999,30.09
1/17/2017,9.43,115.849998,29.85,16.280001,30.02,33.799999,11.43,303.929993,59.755001,26.530001,29.879999,226.25,54.080002,27.059999,110.279999,34.09,26.906666,30.540001,35.41,30.120001
1/18/2017,9.21,114.870003,29.84,16.190001,29.190001,33.16,11.16,305.179993,59.884998,26.4,29.795,226.75,54.029999,26.83,110.339996,33.959999,26.706667,30.540001,34.945,30.049999
1/19/2017,9.22,114.769997,29.75,16.120001,28.870001,33.119999,11.17,303.029999,59.445,26.360001,29.75,225.910004,53.919998,26.780001,110.040001,33.919998,26.593334,30.51,34.740002,30.049999
1/20/2017,9.4,115.050003,29.950001,16.190001,29.43,32.200001,11.39,304.579987,59.66,26.469999,29.799999,226.740005,53.849998,26.809999,110.25,33.939999,26.5,30.549999,34.689999,30.030001
1/23/2017,9.34,115.790001,29.92,16.290001,29.52,32.759998,11.32,303.809998,59.5,26.459999,30.01,226.149994,54.02,26.99,110.279999,34.060001,26.766666,30.59,35.014999,30.129999
1/24/2017,9.38,115.269997,29.530001,16.219999,29.34,33.119999,11.37,308.359985,60.450001,26.610001,30.280001,227.600006,53.919998,26.98,110.519997,33.990002,26.586666,30.559999,34.764999,30.059999
1/25/2017,9.34,114.32,29.559999,16.1,28.709999,33.560001,11.31,310.970001,61.044998,26.860001,30.575001,229.570007,53.73,27.200001,110.849998,33.93,26.386667,30.549999,34.380001,30.059999
1/26/2017,9.52,113.260002,29.42,15.93,28.92,33.880001,11.53,309.929993,60.654999,26.77,30.51,229.330002,53.669998,27,110.910004,33.990002,26.446667,30.57,34.48,30.059999
1/27/2017,9.41,113.489998,29.290001,16.219999,28.549999,33.759998,11.4,308.320007,60.419998,26.719999,30.565001,228.970001,53.75,26.98,111,34,26.58,30.57,34.57,30.09
1/30/2017,9.32,113.970001,28.709999,16.23,28.280001,32.400002,11.28,305.670013,59.599998,26.540001,30.275,227.550003,53.66,27.18,110.760002,33.959999,26.540001,30.549999,34.490002,30.08
1/31/2017,9.35,115.550003,28.889999,16.629999,28.629999,31.440001,11.32,306.700012,60.040001,26.620001,30.334999,227.529999,53.759998,27.27,110.730003,34.060001,26.626667,30.59,34.705002,30.1
2/1/2017,9.48,115.199997,29.59,16.610001,29.16,31.6,11.48,305.809998,60,26.719999,30.469999,227.619995,53.66,27.27,110.459999,33.959999,26.433332,30.530001,34.445,30.09
2/2/2017,9.51,115.839996,29.540001,16.559999,28.42,31.799999,11.51,306.160004,59.639999,26.76,30.625,227.770004,53.66,27.450001,110.400002,33.959999,26.406666,30.540001,34.415001,30.059999
2/3/2017,9.53,116.129997,29.299999,16.57,28.77,30.68,11.54,310.190002,60.650002,26.85,30.795,229.339996,53.68,27.59,110.639999,33.98,26.393333,30.549999,34.369999,30.07
2/6/2017,9.4,117.699997,29.26,16.82,27.92,30.52,11.38,308.859985,60.125,26.67,30.790001,228.929993,53.630001,27.59,110.459999,34.07,26.540001,30.58,34.639999,30.120001
2/7/2017,9.26,117.459999,29.620001,16.790001,27.469999,31.4,11.19,308,59.875,26.639999,30.66,228.940002,53.759998,27.4,110.400002,34.09,26.613333,30.559999,34.860001,30.120001
2/8/2017,9.26,118.190002,29.85,16.84,28.67,31.4,11.23,308.26001,59.715,26.700001,30.875,229.240005,53.869999,27.43,110.370003,34.150002,26.879999,30.559999,35.314999,30.139999
2/9/2017,9.34,117.290001,29.959999,16.75,28.99,31.200001,11.35,311.149994,60.794998,26.809999,31.025,230.600006,53.880001,27.549999,110.610001,34.060001,26.706667,30.559999,34.924999,30.1
2/10/2017,9.45,117.599998,30.360001,17.02,29.34,30.4,11.5,312.799988,61.189999,26.889999,31.275,231.509995,53.810001,27.549999,110.699997,34.049999,26.713333,30.549999,34.889999,30.110001
2/13/2017,9.31,116.800003,30.41,16.889999,28.49,29.48,11.32,313.709991,61.380001,26.98,31.475,232.770004,53.810001,27.58,110.82,34.040001,26.633333,30.57,34.77,30.1
2/14/2017,9.32,116.93,30.26,17.01,28.48,29.360001,11.38,314.600006,61.525002,26.940001,31.5,233.699997,53.779999,27.67,110.970001,33.970001,26.52,30.549999,34.544998,30.059999
2/15/2017,9.28,117.449997,30.67,17.040001,28.549999,29.48,11.36,315.579987,61.875,27.040001,31.775,234.919998,53.779999,27.690001,110.940002,33.939999,26.48,30.559999,34.380001,30.030001
2/16/2017,9.24,118.080002,30.1,17.15,28.23,28.68,11.41,315.230011,61.775002,27.09,31.629999,234.720001,53.849998,27.610001,110.82,34.02,26.626667,30.559999,34.605,30.09
2/17/2017,9.24,117.68,29.809999,17.059999,28.15,28.639999,11.39,315.600006,61.584999,27.030001,31.475,235.089996,53.919998,27.5,110.879997,34.07,26.733334,30.59,34.775002,30.1
2/21/2017,9.23,117.75,29.65,17.030001,27.879999,26.200001,11.54,318.140015,62.185001,27.139999,31.83,236.490005,53.82,27.620001,111.300003,34.099998,26.700001,30.58,34.73,30.120001
2/22/2017,9.17,117.910004,29.75,17.110001,28.08,26.280001,11.36,317.019989,61.799999,27.129999,31.905001,236.279999,53.98,27.719999,111.330002,34.119999,26.686666,30.6,34.790001,30.129999
2/23/2017,9.25,118.940002,29.4,17.24,28.200001,26.6,11.53,315.579987,61.485001,27.17,31.915001,236.440002,54.07,27.84,111.449997,34.189999,26.786667,30.610001,34.895,30.110001
2/24/2017,9.23,119.699997,29.27,17.4,28,27.040001,11.46,316.059998,61.509998,26.950001,31.530001,236.740005,54.23,27.82,111.449997,34.27,27.066668,30.639999,35.25,30.17
2/27/2017,9.26,119.120003,29.02,17.27,28.15,26.120001,11.47,318.049988,62.055,27,31.465,237.110001,54.220001,27.75,111.629997,34.209999,27,30.620001,35.049999,30.139999
2/28/2017,9.31,119.230003,29.360001,17.370001,27.940001,26.76,11.45,314.660004,61.07,26.940001,31.285,236.470001,54.189999,27.709999,111.660004,34.240002,27.066668,30.610001,35.189999,30.129999
3/1/2017,9.28,119.059998,30.16,17.440001,27,27.08,11.4,319.920013,62.119999,27.200001,31.725,239.779999,54.080002,27.719999,111.540001,34.049999,26.620001,30.540001,34.555,30.01
3/2/2017,9.15,117.580002,29.690001,16.799999,26.690001,27.200001,11.17,316.220001,61.529999,27,31.205,238.270004,54.02,27.49,111.269997,34,26.606667,30.52,34.404999,30
3/3/2017,9.2,117.510002,29.82,16.98,26.700001,27.360001,11.29,316.529999,61.205002,27.139999,31.424999,238.419998,54.029999,27.65,111.269997,34,26.66,30.540001,34.470001,30.01
3/6/2017,9.26,116.720001,29.85,16.83,27.17,27.68,11.28,314.459991,61,27.040001,31.434999,237.710007,54.049999,27.51,110.790001,34.009998,26.553333,30.540001,34.360001,30.02
3/7/2017,9.21,115.779999,29.559999,16.549999,27.18,27.4,11.27,312.850006,60.384998,26.99,31.434999,237,54.029999,27.68,110.129997,33.93,26.486666,30.51,34.25,29.969999
3/8/2017,8.8,115.059998,29.219999,16.32,26.68,28.16,10.67,311.200012,60.080002,26.870001,31.23,236.559998,53.880001,27.49,109.32,33.84,26.299999,30.51,34.035,29.93
3/9/2017,8.7,114.470001,28.870001,16.059999,26.360001,28.76,10.53,310.019989,59.575001,26.969999,30.889999,236.860001,53.77,27.370001,108.989998,33.759998,26.059999,30.49,33.810001,29.92
3/10/2017,8.51,114.720001,28.66,16.15,25.799999,29.4,10.29,311.549988,59.945,27.17,31.1,237.690002,53.66,27.57,108.989998,33.810001,26.1,30.5,33.889999,29.959999
3/13/2017,8.54,114.739998,28.33,16.07,25.57,29.120001,10.28,312.070007,60.18,27.27,31.58,237.809998,53.610001,27.58,109.169998,33.790001,26.013334,30.48,33.720001,29.950001
3/14/2017,8.5,114.120003,28.27,15.99,25.719999,28.48,10.19,310.880005,59.924999,27.09,31.355,236.899994,53.720001,27.440001,108.75,33.779999,26.033333,30.48,33.865002,29.940001
3/15/2017,8.56,116.25,28.4,16.43,25.629999,28.76,10.38,315.040009,60.834999,27.49,32.080002,238.949997,53.93,27.77,110.25,33.919998,26.32,30.540001,34.27,30.040001
3/16/2017,8.53,116.730003,28.59,16.4,25.75,28.120001,10.36,314.829987,60.955002,27.620001,32.25,238.479996,53.779999,27.99,109.919998,33.900002,26.253334,30.52,34.09,30
3/17/2017,8.51,116.989998,28.639999,16.469999,25.83,28.48,10.33,314.220001,60.950001,27.65,32.255001,237.029999,53.73,28.139999,109.889999,33.939999,26.333334,30.530001,34.314999,30.040001
3/20/2017,8.51,117.510002,28.34,16.5,26.030001,29.719999,10.27,313.130005,60.779999,27.629999,32.595001,236.770004,53.790001,28.209999,109.769997,33.98,26.426666,30.549999,34.465,30.07
3/21/2017,8.44,118.540001,28.15,16.610001,25.83,29.84,10.11,306.670013,59.16,27.5,32.200001,233.729996,53.869999,28.209999,108.900002,34.040001,26.606667,30.58,34.740002,30.1
3/22/2017,8.46,118.830002,27.950001,16.620001,25.799999,29.16,10.12,307.359985,59.110001,27.51,32.365002,234.279999,54,28.33,109.290001,34.080002,26.68,30.59,34.860001,30.09
3/23/2017,8.38,118.669998,27.780001,16.67,25.65,29.719999,10.01,308.079987,59.375,27.58,32.325001,234.029999,53.970001,28.299999,109.139999,34.080002,26.66,30.58,34.825001,30.08
3/24/2017,8.43,118.860001,27.66,16.809999,25.9,29.92,10.09,307.779999,59.334999,27.65,32.445,233.860001,54.02,28.469999,109.620003,34.09,26.700001,30.57,34.904999,30.1
3/27/2017,8.43,119.529999,27.559999,17.15,26.049999,29.719999,10.04,307.320007,59.455002,27.75,32.445,233.619995,54.049999,28.450001,109.410004,34.110001,26.853333,30.58,35.099998,30.1
3/28/2017,8.46,119.040001,27.66,17.18,26.209999,29.959999,10.15,309.630005,60.060001,27.85,32.490002,235.320007,54.049999,28.280001,110.190002,34.09,26.726667,30.57,34.84,30.09
3/29/2017,8.6,119.330002,27.66,17.25,26.75,30.559999,10.37,310.679993,60.110001,27.870001,32.525002,235.539993,54.189999,28.34,110.309998,34.110001,26.853333,30.59,35.060001,30.120001
3/30/2017,8.75,118.470001,27.5,17.15,27,30.280001,10.57,312.320007,60.584999,27.809999,32.404999,236.289993,54.150002,28.32,110.879997,34.099998,26.76,30.6,34.794998,30.09
3/31/2017,8.79,118.720001,27.639999,17.25,27.280001,30.280001,10.64,312.420013,60.650002,27.73,32.080002,235.740005,54.130001,28.190001,110.790001,34.130001,26.773333,30.610001,34.875,30.110001
4/3/2017,8.77,119.349998,27.76,17.24,27.16,29.76,10.55,310.730011,59.529999,27.67,32.334999,235.330002,54.25,28.25,110.25,34.130001,26.860001,30.58,35.119999,30.1
4/4/2017,8.89,119.620003,27.58,17.33,27.57,31.16,10.71,310.269989,59.555,27.690001,32.389999,235.479996,54.23,28.34,110.279999,34.130001,26.826666,30.59,34.985001,30.120001
4/5/2017,8.85,119.620003,27.68,17.32,27.35,31.08,10.68,307.890015,59.009998,27.59,32.41,234.779999,54.279999,28.280001,110.129997,34.169998,26.879999,30.58,35.099998,30.18
4/6/2017,8.95,119.18,27.379999,17.26,27.68,31.280001,10.86,310.529999,59.634998,27.6,32.240002,235.440002,54.299999,28.27,110.279999,34.18,26.866667,30.59,35.040001,30.08
4/7/2017,9,119.459999,27.459999,17.030001,27.85,30.92,10.96,310.079987,59.584999,27.57,32.279999,235.199997,54.310001,28.139999,110.279999,34.09,26.773333,30.57,34.900002,30.09
4/10/2017,9.14,119.459999,27.719999,17,28.139999,30.719999,11.14,310.899994,59.75,27.57,32.209999,235.339996,54.299999,28.17,110.489998,34.139999,26.866667,30.58,35.055,30.110001
4/11/2017,9.18,121.190002,27.809999,17.309999,28.049999,30.08,11.17,312.73999,60.264999,27.690001,32.174999,235.059998,54.330002,28.110001,110.279999,34.209999,27.046667,30.6,35.360001,30.139999
4/12/2017,9.19,122.019997,27.940001,17.459999,27.799999,30.16,11.11,308.899994,59.43,27.690001,32.27,234.029999,54.41,28.25,110.370003,34.290001,27.139999,30.620001,35.544998,30.18
4/13/2017,9.2,122.599998,28.049999,17.530001,27.709999,30.639999,11.13,305.450012,58.814999,27.51,32.099998,232.509995,54.48,28.280001,110.099998,34.310001,27.013334,30.620001,35.685001,30.209999
4/17/2017,9.16,122.239998,27.74,17.43,27.559999,30.120001,11.06,309.220001,59.465,27.73,32.389999,234.570007,54.48,28.48,110.459999,34.310001,27.133333,30.629999,35.57,30.190001
4/18/2017,9.14,122.82,27.49,17.34,27.4,29.959999,11.04,309.170013,59.575001,27.57,32.060001,233.869995,54.580002,28.48,110.43,34.41,27.34,30.65,36.029999,30.25
4/19/2017,8.83,121.730003,27.540001,17.18,26.549999,30.24,10.62,309.769989,59.830002,27.459999,31.709999,233.440002,54.52,28.24,110.370003,34.369999,27.173334,30.66,35.825001,30.24
4/20/2017,8.8,121.959999,27.049999,17.059999,26.610001,30.08,10.54,312.839996,60.73,27.68,32.134998,235.339996,54.459999,28.450001,110.699997,34.330002,27.120001,30.639999,35.685001,30.219999
4/21/2017,8.66,122.309998,27.1,17.02,26.209999,29.6,10.32,312.049988,60.650002,27.66,32.060001,234.589996,54.459999,28.35,110.610001,34.349998,27.16,30.620001,35.665001,30.219999
4/24/2017,8.6,121.480003,27.209999,16.98,25.93,29.280001,10.25,315.829987,61.200001,28.290001,32.48,237.169998,54.43,28.530001,111.120003,34.299999,27.1,30.610001,35.52,30.200001
4/25/2017,8.65,120.25,27.540001,16.68,25.969999,29.32,10.36,317.75,61.720001,28.469999,32.700001,238.550003,54.299999,28.51,111.360001,34.240002,26.913334,30.610001,35.095001,30.17
4/26/2017,8.58,120.839996,27.219999,16.57,25.280001,30.120001,10.26,317.769989,62.115002,28.4,32.549999,238.399994,54.32,28.4,111.239998,34.290001,26.98,30.610001,35.290001,30.17
4/27/2017,8.54,120.389999,27.450001,16.370001,24.969999,29.92,10.24,318.070007,62.035,28.389999,32.514999,238.600006,54.400002,28.43,111.389999,34.299999,26.986666,30.629999,35.299999,30.200001
4/28/2017,8.54,120.769997,27.379999,16.299999,24.610001,30.280001,10.24,314.850006,61.18,28.299999,32.59,238.080002,54.349998,28.389999,111.419998,34.310001,27.086666,30.639999,35.349998,30.190001
5/1/2017,8.48,119.669998,28.33,15.99,24.370001,29.879999,10.15,315.829987,61.525002,28.370001,32.764999,238.679993,54.310001,28.41,110.879997,34.240002,26.753334,30.58,35.02,30.16
5/2/2017,8.32,119.650002,28.129999,15.93,24.18,29.440001,9.92,315.339996,61.220001,28.549999,32.91,238.770004,54.400002,28.6,111.059998,34.259998,26.966667,30.58,35.185001,30.18
5/3/2017,8.34,117.980003,28.25,15.59,24.42,29.719999,9.93,314.019989,61.029999,28.450001,32.605,238.479996,54.43,28.49,111.150002,34.240002,26.98,30.58,35.200001,30.09
5/4/2017,8.03,116.790001,27.690001,15.43,23.58,29.559999,9.46,313.589996,60.779999,28.65,32.235001,238.759995,54.32,28.360001,110.489998,34.209999,26.886667,30.559999,35.009998,30.120001
5/5/2017,8.19,117.010002,27.92,15.5,24.09,30.16,9.66,316.269989,61.185001,28.98,32.459999,239.699997,54.34,28.41,110.790001,34.18,26.853333,30.549999,35.029999,30.129999
5/8/2017,8.22,116.75,27.5,15.41,24.27,29.4,9.67,314.920013,61.025002,28.799999,32.349998,239.660004,54.259998,28.309999,110.910004,34.18,26.82,30.549999,34.855,30.09
5/9/2017,8.14,116.050003,27.57,15.3,23.77,29.76,9.57,314.200012,61.130001,28.75,32.700001,239.440002,54.23,28.23,110.82,34.169998,26.793333,30.57,34.849998,30.1
5/10/2017,8.34,116.040001,27.799999,15.35,24.65,30.280001,9.86,316.200012,61.419998,28.84,32.945,239.869995,54.27,28.379999,111.239998,34.18,26.806667,30.57,34.810001,30.09
5/11/2017,8.39,116.5,27.620001,15.45,24.940001,31.08,9.94,314.25,60.93,28.790001,32.970001,239.380005,54.189999,28.549999,111.239998,34.209999,26.826666,30.58,34.82,30.110001
5/12/2017,8.37,116.830002,27.67,15.57,25.17,31.52,9.95,312.980011,60.424999,28.91,33.130001,238.979996,54.349998,28.6,111.269997,34.290001,27.093334,30.58,35.060001,30.15
5/15/2017,8.47,117.139999,27.379999,15.75,25.459999,31.040001,10.17,314.940002,60.814999,29.059999,33.505001,240.300003,54.27,28.83,111.540001,34.310001,27.033333,30.6,34.959999,30.18
5/16/2017,8.48,117.650002,27.459999,15.93,25.59,29.879999,10.11,314.519989,60.695,29.25,33.490002,240.080002,54.27,28.969999,111.660004,34.310001,27.200001,30.629999,35.095001,30.15
5/17/2017,8.54,119.790001,27.719999,16,25.49,29.719999,10.19,308.160004,59.240002,28.889999,33.044998,235.820007,54.48,28.82,111.120003,34.459999,27.446667,30.65,35.605,30.209999
5/18/2017,8.56,118.809998,27.139999,15.71,25.6,29.639999,10.26,308.420013,59.415001,28.950001,32.465,236.770004,54.52,28.24,111.269997,34.450001,27.620001,30.65,35.665001,30.190001
5/19/2017,8.7,119.400002,27.67,15.94,26.26,30.200001,10.48,311.600006,59.724998,29.280001,33.055,238.309998,54.470001,28.639999,111.540001,34.419998,27.5,30.65,35.705002,30.219999
5/22/2017,8.75,119.900002,27.83,16.23,26.440001,30.799999,10.54,313.170013,60.115002,29.32,33.16,239.520004,54.43,28.66,111.839996,34.439999,27.453333,30.65,35.615002,30.209999
5/23/2017,8.79,119.139999,27.379999,16.15,26.42,29.959999,10.64,313.73999,60.330002,29.34,33.130001,240.050003,54.43,28.690001,111.870003,34.389999,27.326666,30.639999,35.380001,30.15
5/24/2017,8.76,119.610001,27.459999,16.280001,26.309999,29.719999,10.6,314.619995,60.349998,29.35,33.279999,240.610001,54.459999,28.799999,112.050003,34.43,27.353333,30.65,35.560001,30.200001
5/25/2017,8.36,119.480003,27.299999,16.23,25.5,29.6,10.04,315.109985,60.43,29.370001,33.41,241.759995,54.540001,28.709999,111.93,34.419998,27.433332,30.65,35.580002,30.200001
5/26/2017,8.52,120.540001,27.48,16.4,25.959999,29.76,10.28,314.309998,60.25,29.299999,33.48,241.710007,54.66,28.889999,111.989998,34.43,27.433332,30.65,35.630001,30.190001
5/30/2017,8.51,120.139999,26.92,16.469999,25.85,28.440001,10.24,313.309998,60.060001,29.25,33.415001,241.5,54.669998,28.809999,112.199997,34.490002,27.486666,30.66,35.814999,30.23
5/31/2017,8.29,120.620003,27.120001,16.389999,25.48,27.68,9.96,313.369995,60.119999,29.32,33.139999,241.440002,54.700001,28.889999,112.169998,34.5,27.626667,30.67,35.91,30.23
6/1/2017,8.26,120.720001,27.059999,16.379999,25.5,27.48,9.91,318.309998,61.134998,29.459999,33.384998,243.360001,54.580002,28.950001,111.779999,34.419998,27.493334,30.610001,35.834999,30.190001
6/2/2017,8.23,121.610001,27.219999,16.59,25.200001,27.08,9.86,318.73999,61.310001,29.77,33.535,244.169998,54.59,29,111.839996,34.459999,27.74,30.629999,36.235001,30.23
6/5/2017,8.17,121.730003,27.25,16.629999,24.57,26.92,9.8,317.440002,61.105,29.67,33.505001,243.990005,54.580002,29.08,111.779999,34.470001,27.653334,30.629999,36.009998,30.209999
6/6/2017,8.28,123.099998,27.629999,16.76,24.809999,27.440001,9.97,316.269989,60.959999,29.610001,33.505001,243.210007,54.689999,29.129999,111.629997,34.5,27.746666,30.639999,36.244999,30.23
6/7/2017,7.97,122.449997,28.09,16.65,23.92,27.16,9.46,316.109985,61.139999,29.59,33.474998,243.660004,54.66,29.01,111.389999,34.490002,27.666666,30.620001,36.060001,30.24
6/8/2017,7.99,121.650002,28.15,16.49,23.77,27.280001,9.43,318.890015,61.77,29.57,33.689999,243.779999,54.709999,29.110001,111.449997,34.43,27.606667,30.620001,35.939999,30.190001
6/9/2017,8.02,120.540001,28.33,16.280001,24.040001,27.440001,9.49,320.040009,62.195,29.48,33.305,243.410004,54.73,28.959999,111.389999,34.43,27.6,30.620001,35.919998,30.18
6/12/2017,8.02,120.360001,27.610001,16.040001,23.74,27.08,9.52,320.380005,62.095001,29.370001,33.259998,243.360001,54.77,29.02,111.690002,34.439999,27.573334,30.610001,35.895,30.18
6/13/2017,8.09,120.480003,27.959999,15.95,23.99,26.719999,9.6,322.450012,62.485001,29.610001,33.415001,244.550003,54.73,29.129999,111.839996,34.450001,27.626667,30.59,35.91,30.17
6/14/2017,7.85,119.82,27.790001,15.95,22.91,26.48,9.23,321.029999,61.814999,29.559999,33.334999,244.240005,54.830002,29.219999,111.779999,34.540001,27.953333,30.629999,36.450001,30.200001
6/15/2017,7.82,119.32,28.17,15.88,23,27.440001,9.18,319.51001,61.919998,29.25,33.044998,243.770004,54.75,29.01,111.510002,34.48,27.9,30.620001,36.395,30.190001
6/16/2017,7.85,119.339996,28.59,15.79,23.200001,27.32,9.24,318.98999,61.294998,29.120001,33,242.639999,54.73,29.08,111.209999,34.509998,27.873333,30.610001,36.450001,30.209999
6/19/2017,7.78,118.43,28.25,15.61,23.15,26.120001,9.12,320.910004,61.695,29.25,33.310001,244.660004,54.75,29.049999,111.629997,34.459999,27.879999,30.629999,36.380001,30.16
6/20/2017,7.63,118.18,28.049999,15.59,22.67,26.120001,8.95,317.359985,60.924999,28.99,32.805,243.009995,54.860001,28.82,111.300003,34.52,28.026667,30.620001,36.689999,30.17
6/21/2017,7.44,118.519997,27.780001,15.54,22.450001,26.08,8.71,315.519989,60.665001,28.950001,33.064999,242.949997,54.869999,28.82,110.610001,34.5,28.086666,30.629999,36.77,30.23
6/22/2017,7.48,118.919998,27.35,15.68,22.790001,26.08,8.78,315.950012,60.895,29.030001,33.18,242.839996,54.91,28.9,110.879997,34.509998,28.120001,30.639999,36.830002,30.200001
6/23/2017,7.58,119.43,27.16,15.79,22.799999,26.4,8.86,317.269989,61.384998,29.09,33.285,243.130005,54.869999,29.02,111.300003,34.52,28.120001,30.639999,36.810001,30.190001
6/26/2017,7.61,118.360001,27.08,15.68,22.959999,27.360001,8.93,318.51001,61.509998,29.120001,33.630001,243.289993,54.900002,29.18,111.449997,34.549999,28.24,30.639999,36.959999,30.190001
6/27/2017,7.76,118.809998,27.219999,15.79,23.33,27.360001,9.1,315.890015,61.105,29.129999,33.18,241.330002,54.66,29.08,111.18,34.470001,27.959999,30.639999,36.595001,30.18
6/28/2017,7.86,118.900002,27.26,15.92,23.639999,27.559999,9.2,319.48999,61.990002,29.370001,33.540001,243.490005,54.630001,29.17,111.57,34.5,27.92,30.65,36.439999,30.190001
6/29/2017,7.87,118.32,27.790001,15.73,23.629999,27.280001,9.21,317.410004,61.639999,29.09,33.105,241.350006,54.310001,29.01,111.360001,34.43,27.833334,30.639999,36.18,30.17
6/30/2017,8.07,118.019997,28.98,15.71,24.25,27.120001,9.5,317.619995,61.575001,29.129999,33.305,241.800003,54.360001,29.040001,111.599998,34.41,27.76,30.639999,36.055,30.16
7/3/2017,8.14,116.089996,30,15.3,24.459999,26.639999,9.62,320.040009,62.125,29.1,33.450001,242.210007,54.209999,28.84,111.029999,34.290001,27.633333,30.57,35.834999,30.1
7/5/2017,7.88,116.519997,30.440001,15.18,23.940001,25.52,9.25,318.809998,61.775002,29.07,33.419998,242.770004,54.220001,28.83,110.879997,34.32,27.686666,30.59,35.884998,30.08
7/6/2017,7.89,116.470001,30.030001,15.15,24.35,25.799999,9.31,314.910004,60.93,28.91,33.110001,240.550003,54.119999,28.77,110.610001,34.310001,27.540001,30.59,35.619999,30.08
7/7/2017,7.73,115.279999,30.120001,14.73,24.02,25.559999,9.1,318.029999,61.505001,28.98,33.18,242.110001,54.029999,28.780001,110.489998,34.27,27.453333,30.6,35.424999,30.1
7/10/2017,7.77,115.470001,31.059999,14.83,24.02,26.08,9.13,317.320007,61.029999,29.01,33.439999,242.369995,54.09,28.73,110.699997,34.34,27.533333,30.620001,35.474998,30.120001
7/11/2017,7.86,115.620003,31.030001,14.99,24.32,27.120001,9.27,317.859985,61.27,29.110001,33.674999,242.190002,54.049999,28.790001,110.639999,34.349998,27.559999,30.639999,35.525002,30.15
7/12/2017,7.88,116.029999,30.110001,15.05,24.290001,26.799999,9.33,319.859985,61.775002,29.32,34.325001,244.009995,54.220001,29.02,111.269997,34.43,27.74,30.66,35.720001,30.16
7/13/2017,7.97,115.82,28.709999,14.87,24.459999,26.52,9.47,320.200012,61.919998,29.450001,34.369999,244.419998,54.189999,29.16,111.360001,34.400002,27.633333,30.66,35.540001,30.16
7/14/2017,8.08,116.769997,29.1,15.08,24.99,26.639999,9.59,321.190002,62.215,29.639999,34.880001,245.559998,54.169998,29.280001,111.57,34.450001,27.766666,30.66,35.580002,30.1
7/17/2017,8,117.290001,28.889999,15.22,24.940001,27.040001,9.45,321.920013,62.224998,29.57,34.700001,245.529999,54.209999,29.309999,111.629997,34.459999,27.76,30.65,35.695,30.15
7/18/2017,8.05,118.110001,28.959999,15.38,25.190001,27.48,9.54,320.850006,62.029999,29.639999,34.814999,245.660004,54.310001,29.549999,111.779999,34.540001,28.006666,30.68,36,30.190001
7/19/2017,8.18,118.080002,29.26,15.4,25.780001,27.48,9.69,324.149994,62.759998,29.780001,35.025002,246.990005,54.360001,29.549999,111.959999,34.529999,28.026667,30.67,35.990002,30.200001
7/20/2017,8.1,118.239998,29.73,15.42,25.690001,27.16,9.61,323.799988,62.794998,29.889999,35.02,247.100006,54.369999,29.610001,112.080002,34.52,28.106667,30.68,36.115002,30.16
7/21/2017,7.9,119.260002,29.17,15.6,25.01,26.48,9.34,322.950012,62.555,29.809999,34.900002,246.880005,54.490002,29.610001,111.959999,34.580002,28.219999,30.700001,36.25,30.23
7/24/2017,8.02,119.309998,28.76,15.58,25.07,25.879999,9.5,323.519989,62.549999,29.75,35.02,246.820007,54.439999,29.52,112.080002,34.560001,28.139999,30.66,36.125,30.18
7/25/2017,8.22,118.919998,28.030001,15.59,25.690001,26.32,9.81,326.410004,63.105,29.74,35.02,247.419998,54.330002,29.459999,112.110001,34.470001,27.813334,30.65,35.645,30.16
7/26/2017,8.29,119.879997,28.34,15.75,26.030001,26.200001,9.96,323.369995,62.740002,29.93,35.275002,247.429993,54.389999,29.620001,112.260002,34.549999,27.953333,30.68,35.720001,30.18
7/27/2017,8.39,119.790001,28.459999,15.68,26.450001,26.559999,10.06,322.410004,62.445,29.82,35.119999,247.199997,54.389999,29.610001,112.230003,34.540001,27.846666,30.68,35.529999,30.200001
7/28/2017,8.44,120.690002,28.59,15.81,26.870001,26.440001,10.17,320.880005,62.34,29.85,35.18,246.910004,54.41,29.629999,112.230003,34.580002,27.933332,30.690001,35.775002,30.200001
7/31/2017,8.54,120.75,28.26,15.9,27.379999,25.280001,10.28,320.5,62.240002,29.940001,35.18,246.770004,54.400002,29.639999,112.199997,34.59,27.98,30.700001,35.794998,30.200001
8/1/2017,8.41,120.650002,27.360001,15.79,27.18,25.32,10.09,321.320007,62.415001,30.08,35.41,247.320007,54.57,29.639999,111.900002,34.57,28.013334,30.68,35.959999,30.16
8/2/2017,8.44,120.400002,27.440001,15.67,26.84,25.200001,10.14,318.940002,61.605,30.09,35.395,247.440002,54.490002,29.690001,111.900002,34.52,28.046667,30.67,35.970001,30.190001
8/3/2017,8.38,120.589996,27.219999,15.72,26.719999,25.120001,10.02,318.059998,61.264999,30.07,35.325001,246.960007,54.630001,29.629999,111.629997,34.57,28.066668,30.65,36.325001,30.200001
8/4/2017,8.44,119.650002,27.280001,15.38,26.82,25,10.13,318.970001,61.529999,30.059999,35.465,247.410004,54.630001,29.58,111.660004,34.52,27.893333,30.67,35.994999,30.17
8/7/2017,8.44,119.510002,28.02,15.33,26.58,25.200001,10.1,319.059998,61.575001,30.09,35.709999,247.869995,54.599998,29.559999,111.629997,34.529999,27.879999,30.67,36.080002,30.209999
8/8/2017,8.42,119.860001,27.52,15.56,26.33,25.24,10.06,318.25,61.360001,29.93,35.740002,247.259995,54.549999,29.59,111.300003,34.470001,27.726667,30.629999,35.959999,30.18
8/9/2017,8.47,121.309998,27.68,15.98,26.48,25.84,10.15,316.059998,60.799999,29.82,35.549999,247.25,54.639999,29.51,110.82,34.459999,27.713333,30.67,36.130001,30.200001
8/10/2017,8.28,122.209999,26.629999,16.18,26.040001,26.76,9.91,311.089996,59.825001,29.43,34.720001,243.759995,54.709999,29.42,110.040001,34.509998,27.813334,30.66,36.419998,30.219999
8/11/2017,8.34,122.790001,26.639999,16.17,26.35,26.76,9.99,311.720001,59.84,29.41,34.825001,244.119995,54.790001,29.450001,110.309998,34.52,27.753334,30.66,36.43,30.280001
8/14/2017,8.16,121.919998,26.549999,16.129999,25.73,26.6,9.72,315.290009,60.705002,29.620001,35.105,246.539993,54.709999,29.469999,110.790001,34.540001,27.753334,30.67,36.290001,30.200001
8/15/2017,8.15,120.980003,26.040001,15.74,25.84,26.32,9.75,313.630005,60.084999,29.559999,35.080002,246.509995,54.689999,29.49,110.910004,34.459999,27.639999,30.66,36.134998,30.209999
8/16/2017,8.04,121.870003,25.809999,16.15,25.540001,25.959999,9.57,314.420013,60.189999,29.75,35.509998,246.940002,54.639999,29.559999,110.910004,34.5,27.766666,30.67,36.235001,30.219999
8/17/2017,8.04,122.489998,25.719999,16.120001,26,26.200001,9.62,309,59.049999,29.43,35.044998,243.089996,54.75,29.5,110.339996,34.549999,27.866667,30.690001,36.505001,30.25
8/18/2017,8.31,122.300003,25.83,16.1,26.620001,26.040001,9.97,308.380005,58.91,29.51,35.349998,242.710007,54.740002,29.6,110.43,34.529999,27.833334,30.67,36.490002,30.25
8/21/2017,8.12,122.760002,25.57,16.07,25.940001,26.559999,9.71,308.350006,58.93,29.52,35.509998,242.899994,54.77,29.629999,110.550003,34.57,27.933332,30.700001,36.59,30.26
8/22/2017,8.18,122.209999,25.379999,16.07,26.16,26.360001,9.77,311.220001,59.5,29.68,35.82,245.440002,54.75,29.690001,111.059998,34.549999,27.866667,30.700001,36.43,30.24
8/23/2017,8.29,122.669998,25.24,16.15,26.530001,26.280001,9.88,310.480011,59.255001,29.65,35.985001,244.559998,54.799999,29.709999,111,34.560001,27.946667,30.709999,36.685001,30.26
8/24/2017,8.19,122.290001,25.42,16.030001,27.049999,26.48,9.71,310.140015,59.32,29.629999,36.139999,243.990005,54.799999,29.790001,111.150002,34.560001,27.879999,30.68,36.544998,30.24
8/25/2017,8.23,122.739998,25.32,16.110001,26.83,25.959999,9.75,311.619995,59.59,29.780001,36.349998,244.559998,54.799999,29.99,111.389999,34.580002,28.013334,30.690001,36.68,30.25
8/28/2017,8.1,124.690002,25.120001,16.5,27.5,26.280001,9.53,311.459991,59.630001,29.799999,36.25,244.570007,54.830002,29.98,111.389999,34.619999,28.040001,30.709999,36.674999,30.25
8/29/2017,8.13,124.419998,25.01,16.42,28.059999,26.4,9.46,311.170013,59.705002,29.700001,36.205002,244.850006,54.849998,29.959999,111.269997,34.66,28,30.719999,36.790001,30.290001
8/30/2017,8.03,124.360001,24.889999,16.459999,28.4,26.08,9.38,313.059998,60.099998,29.65,36.305,246.009995,54.830002,30.030001,111.510002,34.630001,28.073334,30.719999,36.775002,30.27
8/31/2017,8.33,125.82,25.52,16.65,30.66,26.84,9.63,315.579987,60.674999,29.870001,36.424999,247.490005,54.860001,30.15,111.779999,34.66,28.153334,30.73,36.875,30.280001
9/1/2017,8.37,126.059998,25.52,16.73,30.27,27.16,9.67,316.799988,61.145,29.969999,36.650002,247.839996,54.779999,30.049999,111.330002,34.549999,27.92,30.66,36.52,30.23
9/5/2017,8.43,127.459999,25.870001,16.91,29.209999,26.360001,9.92,313.329987,60.5,29.75,36.355,246.059998,54.919998,30.110001,111.18,34.650002,28.206667,30.68,37.095001,30.299999
9/6/2017,8.54,126.809998,26.110001,16.870001,29.129999,26.68,10.04,313.700012,60.544998,29.92,36.535,246.899994,54.889999,30.200001,111.089996,34.610001,27.98,30.700001,36.82,30.280001
9/7/2017,8.53,128.130005,25.709999,17.1,28.799999,26.48,10.03,312.660004,60.514999,30.15,36.735001,246.869995,54.950001,30.379999,111.120003,34.689999,28.173334,30.719999,37.244999,30.32
9/8/2017,8.34,127.970001,25.67,17.02,28.620001,25.76,9.73,313.440002,60.57,30.129999,36.52,246.580002,54.950001,30.43,110.790001,34.639999,28.02,30.719999,37.169998,30.32
9/11/2017,8.4,126.190002,25.629999,16.77,28.35,26.16,9.82,317.170013,61.205002,30.379999,36.945,249.210007,54.869999,30.389999,111.150002,34.610001,27.9,30.700001,36.740002,30.26
9/12/2017,8.44,126.559998,25.440001,16.889999,28.799999,26.639999,9.87,319.380005,61.650002,30.450001,36.945,250.050003,54.75,30.290001,111.300003,34.560001,27.813334,30.66,36.544998,30.25
9/13/2017,8.54,125.610001,25.620001,16.76,28.57,27.08,10.07,319.019989,61.779999,30.32,36.744999,250.169998,54.720001,30.200001,111.239998,34.540001,27.746666,30.67,36.419998,30.23
9/14/2017,8.6,126.160004,25.85,16.77,28.24,27.280001,10.13,318.929993,61.720001,30.34,36.845001,250.089996,54.599998,30.15,111.480003,34.549999,27.92,30.65,36.540001,30.219999
9/15/2017,8.67,125.529999,25.85,16.620001,28.799999,26.92,10.2,318.609985,61.869999,30.379999,37.060001,249.190002,54.599998,30.280001,111.510002,34.529999,27.926666,30.66,36.560001,30.190001
9/18/2017,8.62,124.360001,25.67,16.27,28.719999,27.84,10.17,320.119995,62.459999,30.469999,37.154999,249.720001,54.549999,30.219999,111.480003,34.52,27.940001,30.67,36.395,30.18
9/19/2017,8.58,124.620003,25.52,16.360001,28.65,27.639999,10.11,320.089996,62.325001,30.58,37.16,249.970001,54.610001,30.15,111.660004,34.529999,27.966667,30.67,36.290001,30.200001
9/20/2017,8.69,123.620003,25.780001,16.190001,28.719999,27.4,10.24,321.029999,62.564999,30.530001,36.985001,250.059998,54.549999,30.200001,111.629997,34.470001,27.906666,30.65,36.305,30.16
9/21/2017,8.71,122.68,25.77,16.030001,28.629999,26.32,10.25,320.329987,62.564999,30.5,37.044998,249.389999,54.549999,30.17,111.449997,34.48,27.926666,30.65,36.285,30.16
9/22/2017,8.69,123.239998,25.98,16.049999,28.950001,26.24,10.24,321.220001,63.025002,30.559999,36.84,249.440002,54.599998,30.280001,111.599998,34.48,28.02,30.65,36.375,30.15
9/25/2017,8.91,124.529999,25.93,16.209999,29.799999,26.040001,10.55,321.950012,63.110001,30.450001,36.02,248.929993,54.689999,30.110001,111.690002,34.540001,28.200001,30.67,36.615002,30.190001
9/26/2017,8.87,123.139999,25.790001,15.91,29.35,26.120001,10.49,322.220001,63.5,30.35,36.215,249.080002,54.68,29.959999,111.809998,34.57,28.193333,30.66,36.549999,30.190001
9/27/2017,8.87,121.980003,25.98,15.83,28.75,26.639999,10.52,325.23999,64.745003,30.4,35.889999,250.050003,54.560001,29.799999,111.870003,34.560001,27.959999,30.65,36.009998,30.139999
9/28/2017,8.81,122.209999,25.809999,15.92,28.809999,26.32,10.43,325.959991,64.989998,30.459999,35.875,250.350006,54.540001,29.780001,111.870003,34.57,27.933332,30.68,35.91,30.18
9/29/2017,8.79,121.580002,25.9,15.74,28.15,26.280001,10.43,326.329987,65.040001,30.67,36.235001,251.229996,54.59,29.879999,111.959999,34.509998,28.08,30.67,35.990002,30.15
10/2/2017,8.66,120.769997,25.530001,15.67,27.67,25.52,10.21,329.200012,66.029999,30.610001,36.145,252.320007,54.48,29.610001,111.510002,34.450001,27.98,30.620001,35.849998,30.1
10/3/2017,8.64,120.830002,25.52,15.71,27.809999,25.24,10.18,330.040009,66.239998,30.709999,36.689999,252.860001,54.470001,29.709999,111.720001,34.52,28.013334,30.639999,35.884998,30.129999
10/4/2017,8.57,121.169998,25.41,15.69,28.09,25.559999,10.08,329.839996,65.875,30.709999,36.75,253.160004,54.48,29.73,111.540001,34.5,28.066668,30.65,35.895,30.1
10/5/2017,8.74,120.519997,25.559999,15.69,28.82,25.280001,10.25,330.910004,65.964996,30.66,36.955002,254.660004,54.529999,29.610001,111.690002,34.48,27.966667,30.629999,35.740002,30.1
10/6/2017,8.48,121.089996,25.66,15.85,27.719999,25,9.97,330.589996,65.864998,30.65,36.73,254.369995,54.52,29.540001,111.540001,34.450001,27.926666,30.629999,35.665001,30.120001
10/9/2017,8.52,122.080002,25.41,16.02,27.65,24.68,10,329.630005,65.550003,30.610001,36.564999,253.949997,54.560001,29.459999,111.629997,34.490002,27.986666,30.65,35.755001,30.09
10/10/2017,8.71,122.400002,25.379999,16.15,28.33,25.08,10.28,330.630005,65.695,30.91,37.040001,254.619995,54.529999,29.57,111.720001,34.470001,28.013334,30.66,35.825001,30.110001
10/11/2017,8.79,122.790001,25.26,16.25,28.59,25.24,10.36,330.859985,65.644997,31.01,37.080002,255.020004,54.52,29.690001,111.57,34.5,28.02,30.629999,35.889999,30.110001
10/12/2017,8.68,122.889999,25.57,16.26,28.139999,26,10.23,330.940002,65.470001,30.969999,37.044998,254.639999,54.599998,29.639999,111.480003,34.52,28.073334,30.620001,36.040001,30.110001
10/13/2017,8.79,123.82,25.940001,16.41,28.84,26.040001,10.37,330.730011,65.480003,31.16,37.435001,254.949997,54.689999,29.799999,111.540001,34.560001,28.206667,30.65,36.275002,30.120001
10/16/2017,8.88,122.970001,25.76,16.25,28.799999,25.76,10.46,330.679993,65.375,31.15,37.490002,255.289993,54.779999,29.74,111.57,34.540001,28.16,30.65,36.259998,30.09
10/17/2017,8.86,122.129997,25.68,16.09,29.08,25.559999,10.49,330.230011,65.135002,31.08,37.32,255.470001,54.790001,29.709999,111.75,34.48,28.209999,30.629999,36.310001,30.08
10/18/2017,8.87,121.669998,25.5,16.059999,29.290001,25.360001,10.48,331.269989,65.68,31.15,37.34,255.720001,54.75,29.68,111.809998,34.5,28.110001,30.629999,36.080002,30.08
10/19/2017,8.78,122.389999,25.549999,16.27,29,25.440001,10.35,331.589996,65.474998,31.059999,37.110001,255.789993,54.759998,29.719999,111.870003,34.5,28.139999,30.629999,36.169998,30.09
10/20/2017,8.83,121.610001,25.23,16.08,29.65,25.48,10.43,333.570007,65.919998,31,37.169998,257.109985,54.66,29.59,111.959999,34.459999,27.99,30.639999,35.77,30.059999
10/23/2017,8.81,121.800003,25.67,16.139999,29.42,25.76,10.42,331.799988,65.474998,30.98,36.950001,256.109985,54.700001,29.469999,111.839996,34.509998,28.059999,30.639999,35.830002,30.08
10/24/2017,8.93,121.330002,25.68,16.02,30.15,25.879999,10.54,333.119995,65.735001,31.030001,37.009998,256.559998,54.639999,29.379999,111.93,34.470001,27.969999,30.65,35.630001,30.059999
10/25/2017,8.89,121.349998,25.559999,16.01,30.360001,25.4,10.48,331.070007,65.264999,30.92,36.84,255.289993,54.639999,29.34,111.57,34.400002,27.879999,30.629999,35.470001,30.059999
10/26/2017,8.96,120.330002,25.49,15.85,30.620001,25.040001,10.57,332.5,65.620003,30.92,36.700001,255.619995,54.73,28.98,111.419998,34.419998,27.879999,30.639999,35.360001,30.049999
10/27/2017,9.15,120.900002,25.379999,15.91,30.93,24.440001,10.84,334.25,66.019997,31,37.09,257.709991,54.77,29.129999,111.690002,34.48,28.049999,30.65,35.57,30.07
10/30/2017,9.19,121.129997,25.32,15.91,30.83,24.52,10.87,331.850006,65.139999,31.07,36.939999,256.75,54.889999,29.09,111.660004,34.52,28.17,30.639999,35.869999,30.09
10/31/2017,9.24,120.669998,25.139999,15.79,31.139999,23.92,10.93,333.619995,65.709999,31.18,37.119999,257.149994,54.880001,29.1,111.720001,34.52,28.16,30.66,35.91,30.08
11/1/2017,9.22,121.110001,25.24,16.18,31.379999,23.879999,10.9,332.73999,65.394997,31.299999,37.200001,257.48999,54.880001,29.07,111.120003,34.439999,28.09,30.6,35.98,30.049999
11/2/2017,9.3,121.190002,25.559999,16.17,32.119999,24.120001,10.99,333.019989,65.364998,31.34,37.299999,257.589996,54.93,29.17,111.059998,34.43,28.17,30.58,36.130001,30.059999
11/3/2017,9.45,120.620003,25.4,15.92,32.240002,24.48,11.18,333.859985,64.945,31.309999,37.119999,258.450012,54.950001,28.889999,111,34.450001,28.23,30.57,36.209999,30.049999
11/6/2017,9.73,121.650002,25.530001,16.27,32.900002,25.52,11.51,335.190002,65.019997,31.379999,37.5,258.850006,55.029999,29.110001,110.940002,34.439999,28.25,30.59,36.360001,30.07
11/7/2017,9.72,121.209999,25.42,16.01,32.75,25.879999,11.49,333.079987,64.394997,31.26,37.25,258.670013,55.130001,28.92,110.790001,34.459999,28.23,30.58,36.5,30.059999
11/8/2017,9.67,121.629997,25.43,16.059999,32.830002,25.879999,11.41,333.899994,64.669998,31.370001,37.450001,259.109985,55.09,29.07,110.25,34.41,28.190001,30.559999,36.389999,30.049999
11/9/2017,9.71,122.129997,25.200001,16.07,32.669998,26.360001,11.46,332.25,64.400002,31.200001,37.23,258.170013,54.91,29.08,109.529999,34.389999,28.1,30.549999,36.299999,30.059999
11/10/2017,9.68,121.129997,25.299999,15.95,32.939999,26.440001,11.42,332.220001,64.459999,31.09,37.18,258.089996,54.810001,28.969999,110.040001,34.290001,27.82,30.540001,35.799999,30.02
11/13/2017,9.64,121.309998,25.049999,16.09,32.150002,25.84,11.38,332.859985,64.540001,30.959999,37.119999,258.329987,54.82,28.91,109.919998,34.259998,27.83,30.52,35.880001,30.02
11/14/2017,9.42,121.559998,24.870001,16.08,31.59,25.32,11.13,332.410004,64.474998,30.959999,36.830002,257.730011,54.889999,28.92,109.5,34.27,27.879999,30.540001,36.09,30.02
11/15/2017,9.41,121.410004,24.83,16.030001,31.24,25.32,11.09,330.869995,64.095001,30.799999,36.66,256.440002,54.970001,28.959999,109.410004,34.310001,28.040001,30.52,36.48,30.040001
11/16/2017,9.37,121.400002,24.719999,16.120001,30.84,25.24,11.07,334.160004,65.290001,31.09,37.259998,258.619995,54.959999,29.08,110.43,34.310001,27.98,30.530001,36.130001,30.01
11/17/2017,9.6,122.860001,25.139999,16.309999,31.42,25.6,11.35,335.070007,65.580002,30.98,37.5,257.859985,54.970001,29.190001,110.370003,34.32,28.129999,30.52,36.43,30
11/20/2017,9.54,121.309998,25.040001,15.98,31.23,24.959999,11.28,336.26001,66.125,31.059999,37.639999,258.299988,55,29.129999,110.43,34.299999,28.15,30.51,36.400002,29.98
11/21/2017,9.62,121.510002,25.110001,16.01,31.75,24.799999,11.4,338.410004,66.660004,31.290001,38.119999,259.98999,55.049999,29.23,110.639999,34.32,28.27,30.5,36.490002,29.959999
11/22/2017,9.76,122.629997,25.209999,16.17,31.709999,24.4,11.6,338.190002,66.769997,31.370001,38.139999,259.76001,55.130001,29.48,110.879997,34.419998,28.41,30.540001,36.630001,30
11/24/2017,9.89,122.32,24.91,16.08,32.169998,23.360001,11.79,338.339996,66.855003,31.59,38.049999,260.359985,55.080002,29.530001,110.970001,34.360001,28.389999,30.540001,36.52,30.01
11/27/2017,9.78,122.830002,24.860001,16.1,32.169998,24.120001,11.59,337.700012,66.455002,31.379999,37.740002,260.230011,55.130001,29.559999,110.699997,34.400002,28.33,30.530001,36.48,30.030001
11/28/2017,9.77,122.809998,24.790001,15.91,31.799999,24.92,11.58,342.369995,67.644997,31.540001,37.990002,262.869995,55,29.610001,111,34.43,28.360001,30.540001,36.509998,30.02
11/29/2017,9.69,122.040001,25,15.64,31.280001,25.24,11.47,343.929993,68.044998,31.42,37.380001,262.709991,54.919998,29.51,110.849998,34.389999,28.17,30.530001,36.189999,30
11/30/2017,9.68,121.099998,24.99,15.51,31.23,24.200001,11.47,345.910004,68.129997,31.440001,37.200001,265.01001,54.959999,29.469999,110.82,34.330002,28.15,30.51,36.049999,29.969999
12/1/2017,9.84,121.589996,25.24,15.53,31.299999,24.4,11.67,345.019989,67.57,31.389999,36.91,264.459991,55.080002,29.49,110.25,34.310001,28.309999,30.48,36.470001,29.959999
12/4/2017,9.69,121.18,25.02,15.44,30.559999,23.68,11.49,344.920013,67.68,31.25,36.959999,264.140015,55.110001,29.459999,110.190002,34.27,28.309999,30.459999,36.459999,29.940001
12/5/2017,9.74,120.32,25.09,15.23,30.950001,23.200001,11.54,342.23999,67.040001,31.190001,36.889999,263.190002,55.150002,29.450001,110.25,34.299999,28.469999,30.469999,36.66,29.93
12/6/2017,9.46,120.07,24.85,15.1,30.07,23.120001,11.2,340.850006,66.639999,31.09,36.5,263.23999,55.200001,29.469999,110.129997,34.34,28.559999,30.450001,36.810001,29.940001
12/7/2017,9.56,118.489998,24.76,14.87,30.629999,22,11.33,343.070007,66.949997,31.16,36.549999,264.070007,55.16,29.299999,110.220001,34.32,28.41,30.469999,36.52,29.940001
12/8/2017,9.7,118.480003,24.709999,14.96,30.950001,22.120001,11.49,344.350006,67,31.309999,36.900002,265.51001,55.18,29.389999,110.279999,34.310001,28.379999,30.49,36.470001,29.959999
12/11/2017,9.8,118.010002,24.43,14.85,31.110001,22.24,11.6,344.119995,66.764999,31.379999,37.130001,266.309998,55.200001,29.41,110.339996,34.310001,28.389999,30.49,36.41,29.940001
12/12/2017,9.66,118.150002,24.309999,14.86,30.6,21.440001,11.44,343.220001,66.635002,31.4,36.900002,266.779999,55.139999,29.26,110.339996,34.290001,28.389999,30.469999,36.380001,29.93
12/13/2017,9.55,119.169998,24.42,15.15,29.780001,21.440001,11.33,343.26001,66.910004,31.52,37.25,266.75,55.200001,29.469999,110.339996,34.349998,28.530001,30.49,36.66,29.969999
12/14/2017,9.64,118.93,24.41,15.02,30.190001,21.360001,11.43,340.380005,66.275002,31.41,37.029999,265.660004,55.209999,29.32,110.07,34.34,28.629999,30.49,36.82,29.959999
12/15/2017,9.66,119.18,24.290001,15.15,29.870001,20.879999,11.46,342.470001,66,31.16,36.849998,266.51001,55.259998,29.43,110.099998,34.349998,28.73,30.5,36.939999,29.92
12/18/2017,9.65,119.730003,24.24,15.22,30.110001,21.68,11.44,346.029999,66.925003,31.459999,37.200001,268.200012,55.240002,29.6,110.220001,34.299999,28.559999,30.48,36.619999,29.950001
12/19/2017,9.73,119.82,24.190001,15.22,30.49,21.440001,11.51,344.600006,66.455002,31.4,37.060001,267.170013,55.049999,29.440001,109.529999,34.110001,28.25,30.41,36.07,29.860001
12/20/2017,9.82,120.139999,24.27,15.25,31.110001,20.92,11.61,345.160004,66.504997,31.360001,37.23,267.029999,55.029999,29.49,109.650002,34.099998,28.049999,30.4,35.68,29.85
12/21/2017,9.85,120.309998,24.309999,15.22,31.209999,20.559999,11.64,345.929993,66.775002,31.459999,37.549999,267.579987,54.98,29.389999,109.68,34.110001,28.209999,30.370001,35.869999,29.83
12/22/2017,9.85,120.940002,24.379999,15.4,31.309999,21,11.66,345.940002,66.724998,31.5,37.799999,267.51001,54.990002,29.379999,109.889999,34.139999,28.23,30.4,35.93,29.84
12/26/2017,10.09,121.769997,24.440001,15.59,31.85,20.879999,11.95,346.109985,66.760002,31.540001,37.82,267.190002,54.310001,29.5,110.040001,34.150002,28.32,30.379999,36.040001,29.84
12/27/2017,10.06,122.230003,24.58,15.73,31.93,21.559999,11.92,345.980011,66.709999,31.620001,37.82,267.320007,54.41,29.540001,110.07,34.240002,28.59,30.43,36.490002,29.870001
12/28/2017,10.13,122.849998,24.389999,15.88,32,23.040001,11.97,347.26001,66.875,31.68,38.02,267.869995,54.330002,29.690001,109.980003,34.220001,28.57,30.41,36.43,29.85
12/29/2017,10.15,123.650002,24.360001,15.99,31.85,23.32,12.01,345.410004,66.5,31.700001,38.150002,266.859985,54.369999,29.68,110.160004,34.220001,28.610001,30.42,36.59,29.870001
1/2/2018,10.19,125.150002,24.700001,16.209999,31.4,24.040001,12.07,348.700012,66.894997,31.950001,39,268.769989,54.25,29.950001,110.279999,34.189999,28.34,30.42,36.150002,29.85
1/3/2018,10.41,124.82,24.690001,16.17,32.040001,23.639999,12.34,349.269989,66.970001,32.150002,39.259998,270.470001,54.290001,30.08,110.82,34.209999,28.43,30.42,36.299999,29.85
1/4/2018,10.43,125.459999,24.65,16.23,32.169998,22.68,12.37,350.309998,67.160004,32.439999,39.509998,271.609985,54.299999,30.18,110.970001,34.18,28.440001,30.4,36.299999,29.84
1/5/2018,10.38,125.330002,24.59,16.219999,31.93,22.08,12.31,351.519989,67.404999,32.630001,39.830002,273.420013,54.299999,30.219999,111.089996,34.169998,28.43,30.379999,36.18,29.82
1/8/2018,10.44,125.309998,24.379999,16.15,32.07,22.299999,12.38,353.450012,67.415001,32.59,39.860001,273.920013,54.310001,30.110001,110.970001,34.189999,28.42,30.4,36.169998,29.84
1/9/2018,10.62,124.730003,24.530001,16.030001,32.700001,23.299999,12.57,352.899994,67.5,32.610001,39.799999,274.540009,54.279999,29.99,110.699997,34.139999,28.190001,30.4,35.669998,29.809999
1/10/2018,10.69,125.029999,24.469999,16.02,32.720001,22.99,12.68,351.279999,67.275002,32.540001,39.599998,274.119995,54.220001,30.129999,110.489998,34.139999,28.280001,30.43,35.630001,29.83
1/11/2018,10.71,125.440002,24.41,16.01,32.73,24.4,12.7,356.299988,68.555,32.73,39.869999,276.119995,54.220001,30.18,110.760002,34.139999,28.4,30.43,35.779999,29.82
1/12/2018,10.86,126.959999,24.280001,16.27,32.919998,25.280001,12.87,357.200012,68.760002,33.060001,40.240002,277.920013,54.189999,30.32,110.580002,34.139999,28.469999,30.41,35.830002,29.809999
1/16/2018,10.77,127.169998,24.26,16.25,32.799999,24.6,12.76,354.529999,68.135002,33.049999,40.049999,276.970001,54.240002,30.27,110.610001,34.119999,28.559999,30.389999,35.990002,29.799999
1/17/2018,10.77,126.139999,24.48,16.059999,33.16,25.6,12.78,357.119995,68.779999,33.220001,40.66,279.609985,54.200001,30.34,110.519997,34.040001,28.440001,30.360001,35.919998,29.780001
1/18/2018,10.75,125.860001,24.530001,15.97,33.419998,25.190001,12.76,355.899994,68.275002,33.169998,40.720001,279.140015,54.18,30.379999,110.43,34.02,28.27,30.370001,35.610001,29.77
1/19/2018,10.72,126.419998,24.540001,16.049999,33.110001,24.860001,12.72,359.600006,69.285004,33.299999,41.09,280.410004,54.200001,30.379999,110.459999,33.950001,28.110001,30.360001,35.419998,29.75
1/22/2018,10.77,126.650002,24.639999,16.040001,33.439999,24.85,12.78,361.450012,69.370003,33.470001,41.419998,282.690002,54.240002,30.43,110.550003,33.98,28.120001,30.35,35.439999,29.76
1/23/2018,10.92,127.279999,24.59,16.08,33.900002,25.940001,12.97,362.100006,69.434998,33.560001,41.560001,283.290009,54.279999,30.389999,110.879997,34.02,28.23,30.379999,35.610001,29.77
1/24/2018,11.14,128.830002,25.01,16.559999,34.07,25.719999,13.22,361.179993,69.125,33.68,41.98,283.179993,54.209999,30.74,110.790001,34.02,28.18,30.379999,35.419998,29.76
1/25/2018,11.01,127.970001,25.01,16.309999,33.709999,26.17,13.06,360.929993,69.224998,33.540001,41.869999,283.299988,54.200001,30.76,110.669998,34.060001,28.41,30.379999,35.709999,29.77
1/26/2018,11.16,128.070007,25.120001,16.41,34.139999,26.77,13.24,362.51001,69.5,33.82,42.450001,286.579987,54.189999,30.76,110.760002,34.009998,28.389999,30.35,35.549999,29.74
1/29/2018,11.06,127.349998,25.360001,16.209999,33.91,26.84,13.11,359.429993,69.165001,33.540001,41.860001,284.679993,54.09,30.549999,110.400002,33.970001,28.280001,30.360001,35.360001,29.73
1/30/2018,10.87,126.800003,52.23,16.15,33.080002,26.77,12.9,355.700012,68.605003,33.259998,41.240002,281.76001,54.080002,30.43,109.919998,33.98,28.120001,30.34,35.150002,29.73
1/31/2018,10.96,127.650002,52.23,16.35,33.619999,25.08,12.98,355,68.169998,33.220001,41.560001,281.899994,54.060001,30.58,110.099998,33.970001,28.290001,30.35,35.349998,29.709999
2/1/2018,11.16,128.070007,51.860001,16.25,33.73,24.35,13.24,355.540009,68.459999,33.299999,41.209999,281.579987,53.98,30.549999,109.349998,33.830002,27.93,30.309999,34.75,29.65
2/2/2018,11,126.389999,51.860001,15.66,33.27,24.200001,13.04,348.380005,67.029999,32.57,40.34,275.450012,53.889999,30.209999,108.809998,33.790001,27.67,30.299999,34.43,29.639999
2/5/2018,10.79,126.709999,51.330002,15.74,32.560001,23.24,12.77,335.519989,64.610001,31.290001,39.110001,263.929993,54.060001,30,108.120003,33.880001,27.66,30.35,34.810001,29.719999
2/6/2018,10.72,125.379997,51.73,15.65,32.040001,23.299999,12.7,338.940002,65.135002,31.9,40.130001,269.130005,54.040001,30.200001,108.690002,33.799999,27.58,30.35,34.580002,29.68
2/7/2018,10.49,124.790001,51.73,15.41,31.34,22.799999,12.37,338.519989,65.339996,31.42,38.990002,267.670013,53.970001,29.98,108.269997,33.740002,27.43,30.309999,34.259998,29.65
2/8/2018,10.28,124.980003,52.25,15.46,30.98,22.74,12.09,327.399994,63.799999,30.67,37.66,257.630005,53.939999,29.67,107.489998,33.669998,27.219999,30.299999,34.220001,29.639999
2/9/2018,10.07,124.769997,52.25,15.39,30.26,22.030001,11.86,331.029999,64.035004,30.83,38.240002,261.5,53.990002,29.73,107.040001,33.689999,27.049999,30.290001,33.939999,29.67
2/12/2018,10.11,125.370003,52.785,15.57,29.75,21.67,11.89,334.25,64.735001,31.299999,38.799999,265.339996,53.939999,29.889999,107.760002,33.669998,27.110001,30.280001,34.119999,29.66
2/13/2018,10.15,126.080002,52.785,15.62,29.92,22,11.87,335.23999,64.940002,31.200001,39.060001,266,53.959999,29.9,107.459999,33.630001,27.08,30.26,34.259998,29.68
2/14/2018,10.33,128.229996,52.785,15.91,30.440001,21.99,12.18,341.380005,66.065002,31.76,39.93,269.589996,53.900002,30.219999,107.639999,33.560001,26.91,30.24,33.91,29.6
2/15/2018,10.35,128.380005,52.785,15.91,30.75,21.870001,12.33,345.109985,66.714996,31.99,40.59,273.029999,53.880001,30.43,108.419998,33.580002,27.07,30.24,34.009998,29.610001
2/16/2018,10.42,127.959999,53.110001,15.73,30.969999,21.690001,12.38,345.820007,67.065002,32.07,40.459999,273.109985,54.029999,30.290001,108.959999,33.619999,27.16,30.24,34.169998,29.620001
2/20/2018,10.53,126.239998,52.869999,15.54,30.959999,22.18,12.39,343.410004,66.339996,31.799999,40.040001,271.399994,53.950001,30.190001,108.57,33.580002,27.08,30.209999,34.060001,29.620001
2/21/2018,10.51,125.660004,52.869999,15.54,31.01,22.299999,12.29,342.679993,66.745003,31.67,40.139999,270.049988,53.959999,30.110001,108.150002,33.540001,26.780001,30.219999,33.639999,29.6
2/22/2018,10.65,126.300003,52.869999,15.66,31.43,22.139999,12.59,342.230011,66.540001,31.799999,40.200001,270.399994,54.009998,30.23,108.150002,33.540001,26.91,30.219999,33.77,29.620001
2/23/2018,10.83,126.139999,52.869999,15.59,31.92,22.219999,12.77,346.399994,67.235001,32.09,40.799999,274.709991,54.099998,30.280001,108.779999,33.610001,27.09,30.24,34.009998,29.620001
2/26/2018,10.92,126.449997,53.610001,15.68,32.150002,22.389999,12.86,348.399994,67.75,32.380001,41.18,277.899994,54.110001,30.370001,109.019997,33.66,27.110001,30.26,34.060001,29.65
2/27/2018,10.79,125.129997,53.610001,15.48,31.82,22.389999,12.65,343.320007,66.870003,31.879999,40.040001,274.429993,54.099998,30.1,108.720001,33.560001,27,30.209999,34.02,29.610001
2/28/2018,10.49,125,54.597,15.46,30.889999,22.26,12.37,339.26001,65.599998,31.559999,39.599998,271.649994,54.150002,30.049999,108.629997,33.580002,27.02,30.200001,34.23,29.629999
3/1/2018,10.49,124.720001,55.844002,15.54,30.440001,22.450001,12.35,338.26001,65.260002,31.139999,39.560001,267.700012,54.200001,29.940001,107.669998,33.52,26.9,30.190001,34.389999,29.629999
3/2/2018,10.54,125.389999,55.389999,15.56,30.58,22.58,12.37,341.779999,66.334999,31.25,39.619999,269.079987,54.130001,30.01,108,33.5,26.790001,30.16,34.07,29.610001
3/5/2018,10.66,125.18,55.703999,15.49,31.049999,22.530001,12.59,345.369995,66.815002,31.4,39.759998,272.190002,54.169998,30.07,107.940002,33.490002,26.799999,30.17,33.990002,29.610001
3/6/2018,10.67,126.529999,55.66,15.78,30.959999,22.950001,12.57,349.040009,67.425003,31.610001,39.950001,272.880005,54.110001,30.24,108.089996,33.48,26.85,30.190001,34.029999,29.59
3/7/2018,10.52,125.720001,55.32,15.53,30.809999,23.219999,12.35,349.769989,68.040001,31.6,39.84,272.779999,54.200001,30.129999,107.82,33.459999,26.83,30.18,34.009998,29.6
3/8/2018,10.47,125.419998,55.669998,15.55,30.110001,22.92,12.15,349.130005,68,31.66,39.84,274.100006,54.23,30.02,107.910004,33.470001,26.91,30.18,34.200001,29.610001
3/9/2018,10.68,125.540001,54.738998,15.63,30.43,22.74,12.47,354.910004,69.029999,31.870001,40.599998,278.869995,54.200001,30.16,108.269997,33.459999,26.790001,30.17,33.990002,29.59
3/12/2018,10.66,125.540001,54.738998,15.61,30.42,23.209999,12.37,355.25,69.349998,31.940001,40.720001,278.519989,54.240002,30.129999,108.150002,33.470001,26.85,30.17,34.200001,29.610001
3/13/2018,10.62,125.779999,55,15.61,30.18,23.24,12.24,353.320007,69,31.709999,40.299999,276.720001,54.27,30.120001,107.82,33.439999,26.83,30.190001,34.360001,29.610001
3/14/2018,10.63,125.699997,54.48,15.61,30.84,22.82,12.28,351.5,68.779999,31.82,40.349998,275.299988,54.389999,30.190001,107.699997,33.459999,27,30.200001,34.630001,29.639999
3/15/2018,10.66,124.900002,54.48,15.45,30.82,22.4,12.34,350.130005,68.440002,31.799999,40.220001,275,54.400002,30.02,107.760002,33.470001,26.98,30.17,34.639999,29.620001
3/16/2018,10.79,124.599998,54.48,15.39,31.200001,22.48,12.55,351.570007,68.830002,31.76,40.139999,274.200012,54.43,29.959999,107.910004,33.459999,27.01,30.18,34.52,29.6
3/19/2018,10.73,124.870003,52.743,15.39,30.959999,22.129999,12.55,348.339996,68.095001,31.51,39.689999,270.48999,54.43,29.92,107.550003,33.419998,26.92,30.139999,34.41,29.610001
3/20/2018,10.89,124.309998,52.43,15.28,31.540001,22.290001,12.81,348.630005,68.160004,31.51,40.049999,270.950012,54.459999,29.91,107.699997,33.389999,26.790001,30.120001,34.27,29.58
3/21/2018,11.18,126.480003,52.400002,15.65,32.279999,22.059999,13.18,349.630005,68.5,31.629999,40.259998,270.429993,54.41,30.120001,107.790001,33.360001,26.75,30.15,34.310001,29.610001
3/22/2018,11.01,125.980003,52.68,15.44,32.189999,21.879999,12.95,340.859985,67.120003,31.030001,38.93,263.670013,54.580002,29.99,107.129997,33.400002,26.84,30.129999,34.639999,29.639999
3/23/2018,11.24,127.610001,52.023998,15.58,32.57,21.68,13.28,334.170013,65.595001,30.65,38.360001,258.049988,54.560001,29.950001,106.860001,33.369999,26.719999,30.139999,34.610001,29.66
3/26/2018,11.2,128.279999,52.599998,15.72,32.200001,22.030001,13.21,341.5,67.040001,31.209999,39.490002,265.109985,54.57,30.200001,107.519997,33.389999,26.82,30.139999,34.490002,29.629999
3/27/2018,11.14,127.489998,52.209999,15.57,32.060001,22.360001,13.08,336.380005,65.955002,30.950001,38.799999,260.600006,54.669998,30.18,107.370003,33.48,27,30.16,34.84,29.66
3/28/2018,11.14,125.730003,52.126999,15.36,32.310001,22.299999,13.04,337.079987,66.019997,31.1,38.599998,259.829987,54.669998,30.17,107.309998,33.490002,27.01,30.17,34.91,29.66
3/29/2018,11.17,125.790001,53.450001,15.41,32.299999,22.549999,13.09,341.730011,66.495003,31.43,39.299999,263.149994,54.73,30.379999,107.550003,33.540001,27.27,30.200001,35.099998,29.68
4/2/2018,10.91,127.260002,53.189999,15.65,31.450001,22.040001,12.74,333.640015,65.019997,31.02,38.630001,257.470001,54.700001,30.200001,106.830002,33.48,27.15,30.139999,35.080002,29.66
4/3/2018,11,126.300003,53.500999,15.46,31.549999,22.23,12.81,338.220001,66.114998,31.23,39,260.769989,54.700001,30.209999,107.040001,33.459999,27.02,30.15,34.82,29.629999
4/4/2018,11.03,126.449997,52.830002,15.38,31.48,22.33,12.82,341.130005,66.964996,31.32,39.09,263.559998,54.700001,30.27,107.309998,33.450001,27.040001,30.17,34.759998,29.629999
4/5/2018,11.11,125.800003,53.823002,15.45,31.559999,22.09,12.83,343.75,67.635002,31.52,39.189999,265.640015,54.560001,30.139999,107.400002,33.450001,26.950001,30.18,34.52,29.6
4/6/2018,10.87,126.389999,53.68,15.43,31.09,22.24,12.51,337.029999,66.425003,31.26,38.439999,259.720001,54.68,29.99,107.220001,33.5,27.09,30.18,34.849998,29.65
4/9/2018,11.06,126.82,54.953999,15.56,31.68,22.25,12.77,337.209991,66.25,31.530001,38.439999,261,54.689999,29.92,107.610001,33.529999,27.16,30.190001,34.889999,29.65
4/10/2018,11.28,127.120003,54.860001,15.62,32.59,21.940001,13.25,342.540009,67.589996,31.870001,39.189999,265.149994,54.639999,29.93,108,33.490002,27.17,30.200001,34.869999,29.610001
4/11/2018,11.44,128.110001,54.860001,15.69,32.919998,22.02,13.45,342.149994,67.525002,31.700001,39.209999,263.76001,54.650002,29.99,108,33.5,27.200001,30.190001,34.98,29.620001
4/12/2018,11.45,126.620003,54.618,15.52,32.82,22.190001,13.52,343.51001,67.949997,31.84,39.25,265.929993,54.610001,29.99,108.419998,33.459999,27.1,30.18,34.73,29.58
4/13/2018,11.49,127.449997,54.060001,15.68,32.93,22.57,13.55,342.480011,67.650002,31.85,38.84,265.149994,54.650002,30.01,108.480003,33.450001,27.15,30.16,34.799999,29.59
4/16/2018,11.42,127.629997,53.560001,15.72,32.639999,22.690001,13.38,345.899994,68.489998,31.870001,38.799999,267.329987,54.639999,30.02,108.629997,33.439999,27.139999,30.17,34.799999,29.58
4/17/2018,11.44,127.75,53.400002,15.8,32.59,22.6,13.41,348.570007,69.139999,32.080002,38.830002,270.190002,54.709999,30.030001,108.690002,33.450001,27.18,30.18,34.91,29.58
4/18/2018,11.69,127.849998,53.57,16.18,33.130001,22.610001,13.88,349.75,69.445,32.25,39.150002,270.390015,54.689999,30.16,108.57,33.380001,26.969999,30.15,34.630001,29.549999
4/19/2018,11.68,127.599998,53.57,16.26,33.119999,22.09,13.77,347.929993,68.754997,32.110001,38.93,268.890015,54.540001,29.99,108.269997,33.349998,26.790001,30.15,34.369999,29.540001
4/20/2018,11.71,126.629997,53.169998,16.129999,33.360001,22.559999,13.75,345.829987,68.315002,31.959999,38.540001,266.609985,54.52,29.790001,107.970001,33.310001,26.59,30.15,34.119999,29.52
4/23/2018,11.83,125.620003,52.900002,15.67,34.040001,22.620001,13.92,345.799988,68.394997,31.889999,38.209999,266.570007,54.459999,29.52,107.639999,33.27,26.57,30.129999,34.139999,29.5
4/24/2018,11.66,126.230003,53.419998,15.76,33.400002,22.91,13.68,343.209991,68.07,31.790001,37.950001,262.980011,54.48,29.51,107.459999,33.259998,26.43,30.139999,33.98,29.51
4/25/2018,11.72,125.410004,54.110001,15.61,33.380001,22.93,13.72,343.339996,67.915001,31.719999,37.799999,263.630005,54.43,29.33,107.309998,33.220001,26.26,30.139999,33.75,29.5
4/26/2018,11.79,124.970001,54.02,15.58,33.75,23.049999,13.77,344.649994,68.220001,31.940001,38.16,266.309998,54.540001,29.35,107.669998,33.25,26.42,30.16,33.970001,29.52
4/27/2018,11.74,125.5,54.77,15.57,33.82,22.6,13.73,344.100006,68.080002,31.98,38.369999,266.559998,54.599998,29.549999,107.610001,33.310001,26.549999,30.15,34.23,29.530001
4/30/2018,11.82,124.589996,55.040001,15.38,33.900002,22.559999,13.8,340.51001,67.32,31.870001,38.080002,264.51001,54.599998,29.34,107.610001,33.310001,26.49,30.17,34.310001,29.530001
5/1/2018,11.68,123.709999,55.630001,15.24,33.299999,22.83,13.61,341.709991,67.629997,31.77,37.98,264.980011,54.580002,29.040001,107.099998,33.18,26.280001,30.09,34.09,29.48
5/2/2018,11.7,123.650002,55.650002,15.42,33.049999,22.48,13.67,341.079987,67.809998,31.73,37.790001,263.200012,54.540001,28.85,107.099998,33.18,26.26,30.129999,34.07,29.49
5/3/2018,11.82,124.279999,56.349998,15.46,33.369999,22.309999,13.82,340.589996,67.419998,31.799999,37.549999,262.619995,54.639999,28.870001,107.07,33.200001,26.219999,30.139999,34.23,29.5
5/4/2018,12.06,124.540001,55.540001,15.54,33.700001,22.15,14.09,345.190002,68.099998,31.889999,37.740002,266.019989,54.610001,28.92,107.129997,33.200001,26.23,30.120001,34.259998,29.49
5/7/2018,12.15,124.57,54.43,15.52,33.75,22.299999,14.1,347.070007,68.769997,31.9,37.529999,266.920013,54.650002,28.67,107.220001,33.209999,26.23,30.120001,34.220001,29.5
5/8/2018,12.11,124.589996,54.810001,15.51,33.869999,22.33,14.06,348.230011,69.375,31.9,37.689999,266.920013,54.540001,28.41,107.099998,33.18,26.16,30.129999,34.189999,29.49
5/9/2018,12.34,124.330002,54.529999,15.53,34.619999,22.299999,14.37,349.950012,69.705002,32,37.689999,269.5,54.560001,28.370001,107.25,33.150002,26.129999,30.129999,33.990002,29.49
5/10/2018,12.47,125.18,54.235001,15.74,34.91,22.879999,14.41,352.549988,70.190002,32.220001,38.439999,272.019989,54.549999,28.77,107.489998,33.189999,26.389999,30.139999,34.240002,29.49
5/11/2018,12.39,125,53.560001,15.7,34.779999,22.950001,14.25,352.859985,70.290001,32.290001,38.360001,272.850006,54.549999,28.66,107.43,33.23,26.440001,30.129999,34.290001,29.49
5/14/2018,12.49,124.489998,53.599998,15.56,35.16,23.129999,14.38,352.26001,69.900002,32.34,38.48,272.980011,54.470001,28.51,107.459999,33.200001,26.360001,30.129999,34.139999,29.48
5/15/2018,12.5,122.480003,53.93,15.33,35.16,23.129999,14.4,351.410004,69.919998,32.130001,37.759998,271.100006,54.360001,28.23,106.919998,33.119999,26.07,30.120001,33.759998,29.459999
5/16/2018,12.56,122.290001,53.59,15.41,35.919998,22.950001,14.46,353.850006,70.809998,32.18,38.389999,272.23999,54.360001,28.299999,107.099998,33.080002,26.030001,30.120001,33.610001,29.459999
5/17/2018,12.56,122.360001,53.330002,15.47,35.830002,23.26,14.49,354.579987,71.294998,32.200001,37.709999,272.01001,54.310001,28.09,107.099998,33.080002,25.92,30.129999,33.459999,29.48
5/18/2018,12.49,122.410004,54.284,15.48,35.599998,23.190001,14.43,353.869995,71.445,32.110001,37.34,271.329987,54.34,27.889999,106.980003,33.139999,26.059999,30.139999,33.75,29.48
5/21/2018,12.64,122.480003,54.43,15.54,36.029999,23.129999,14.67,357.339996,72.150002,32.310001,37.639999,273.369995,54.360001,28,107.099998,33.150002,26.09,30.129999,33.779999,29.48
5/22/2018,12.64,122.410004,55.459999,15.58,36.029999,23.719999,14.56,354.880005,71.525002,32.290001,37.779999,272.609985,54.32,28.15,107.160004,33.139999,26.049999,30.139999,33.73,29.49
5/23/2018,12.61,122.540001,55.764999,15.5,35.93,23.92,14.51,355.149994,71.544998,32.009998,37.59,273.359985,54.43,28.17,107.220001,33.240002,26.16,30.18,33.959999,29.51
5/24/2018,12.45,123.589996,56.119999,15.69,35.580002,24.02,14.29,355.369995,71.595001,31.870001,37.48,272.799988,54.43,28.08,107.25,33.27,26.290001,30.190001,34.209999,29.540001
5/25/2018,12.03,123.209999,56.029999,15.53,34.599998,23.969999,13.68,354.420013,71.595001,31.709999,37.490002,272.149994,54.470001,28.07,107.099998,33.330002,26.440001,30.219999,34.459999,29.559999
5/29/2018,11.84,123.190002,55.560001,15.44,34.16,23.469999,13.51,353.179993,71.595001,31.059999,36.77,269.019989,54.349998,27.84,106.620003,33.470001,26.68,30.27,35.18,29.639999
5/30/2018,12.07,123.370003,54.509998,15.55,34.93,23.370001,13.83,358.589996,72.480003,31.51,37.220001,272.609985,54.439999,27.969999,107.010002,33.41,26.52,30.24,34.950001,29.59
5/31/2018,11.92,123.099998,54.549999,15.46,34.529999,23.889999,13.55,354.540009,71.815002,31.35,37.09,270.940002,54.43,27.799999,106.860001,33.360001,26.459999,30.219999,34.900002,29.59
6/1/2018,11.77,122.489998,54.25,15.44,34.139999,24.030001,13.25,356.540009,72.169998,31.59,37.560001,273.600006,54.369999,27.83,106.529999,33.240002,26.34,30.129999,34.610001,29.51
6/4/2018,11.71,122.370003,53.080002,15.45,33.91,23.67,13.12,358.660004,73.025002,31.75,37.990002,274.899994,54.389999,27.870001,106.830002,33.189999,26.23,30.120001,34.369999,29.5
6/5/2018,11.71,122.849998,53.279999,15.52,33.59,23.370001,13.22,359.48999,73.589996,31.690001,37.709999,275.100006,54.369999,27.790001,107.040001,33.220001,26.27,30.129999,34.459999,29.5
6/6/2018,11.73,122.919998,53.199001,15.7,33.220001,23.450001,13.16,362.470001,73.894997,31.98,38.080002,277.399994,54.110001,27.76,107.190002,33.150002,26.07,30.120001,34.200001,29.5
6/7/2018,11.84,122.860001,52.869999,15.72,33.880001,23.709999,13.35,362.609985,73.775002,31.799999,37.669998,277.369995,54.119999,27.530001,107.25,33.220001,26.190001,30.15,34.509998,29.51
6/8/2018,11.8,123.010002,52.700001,15.78,33.799999,23.49,13.27,364.670013,73.949997,31.85,37.700001,278.190002,54.110001,27.700001,107.25,33.200001,26.15,30.139999,34.41,29.52
6/11/2018,11.85,123.230003,51.75,15.94,33.580002,23.83,13.36,364.619995,74.275002,32.060001,37.57,278.559998,54.099998,27.65,107.43,33.18,26.129999,30.139999,34.330002,29.51
6/12/2018,11.9,122.82,53.029999,15.87,33.360001,23.790001,13.4,365.140015,74.264999,31.83,37.549999,278.920013,54.16,27.5,107.550003,33.189999,26.15,30.15,34.349998,29.5
6/13/2018,11.99,123.190002,52.07,16.08,33.950001,23.950001,13.47,362.890015,73.75,31.889999,37.220001,278.029999,54.220001,27.469999,107.550003,33.169998,26.15,30.129999,34.330002,29.48
6/14/2018,11.91,123.379997,50.799999,16.17,33.439999,24.02,13.52,363.850006,74.059998,31.83,37.110001,278.730011,54.389999,27.129999,107.879997,33.209999,26.299999,30.15,34.59,29.5
6/15/2018,11.5,121.339996,50.060001,15.6,32.369999,24.52,13.05,361.98999,74.099998,31.049999,36.919998,277.130005,54.509998,27.16,107.849998,33.200001,26.27,30.129999,34.630001,29.5
6/18/2018,11.7,121.110001,49.549999,15.51,32.799999,24,13.29,362.660004,74.199997,30.85,36.130001,276.559998,54.5,27.059999,107.790001,33.209999,26.129999,30.15,34.599998,29.51
6/19/2018,11.61,120.800003,48.82,15.36,32.630001,23.65,13.14,362.140015,74.32,30.58,35.849998,275.5,54.700001,27.07,107.639999,33.220001,26.139999,30.15,34.790001,29.52
6/20/2018,11.65,120.260002,48.959999,15.34,32.299999,24.030001,13.28,363.920013,74.809998,30.639999,35.950001,275.970001,54.709999,27.049999,107.760002,33.169998,26,30.129999,34.5,29.51
6/21/2018,11.55,120.050003,49.130001,15.36,32.049999,24.1,13.31,361.369995,74.089996,30.41,35.439999,274.23999,54.73,27.040001,107.550003,33.18,25.92,30.15,34.669998,29.52
6/22/2018,11.98,120.339996,49.310001,15.5,33.029999,23.870001,14.02,361.679993,74.25,30.73,35.73,274.73999,54.740002,27.15,107.580002,33.18,25.959999,30.139999,34.68,29.530001
6/25/2018,11.93,119.889999,48.033001,15.37,32.740002,23.74,13.77,356.519989,72.910004,30.290001,35.34,271,54.650002,27.110001,107.339996,33.18,25.879999,30.17,34.779999,29.540001
6/26/2018,12.15,119.260002,48.009998,15.33,33.07,23.83,14.27,357.070007,73.459999,30.360001,35.139999,271.600006,54.650002,27.040001,107.339996,33.200001,25.98,30.15,34.799999,29.540001
6/27/2018,12.31,118.580002,48.099998,15.12,33.77,24.200001,14.65,353.170013,72.309998,30.07,34.419998,269.350006,54.759998,26.82,107.07,33.290001,26.139999,30.16,35.139999,29.559999
6/28/2018,12.34,118.220001,47.349998,15.07,33.900002,23.93,14.86,354.600006,72.480003,30.18,34.650002,270.890015,54.639999,26.950001,106.68,33.25,26.110001,30.16,35.139999,29.540001
6/29/2018,12.46,118.650002,48.119999,15.15,34.509998,23.700001,15.06,355.019989,72.300003,30.4,35.34,271.279999,54.709999,26.959999,106.440002,33.290001,26.120001,30.16,35.029999,29.559999
7/2/2018,12.18,117.459999,46.73,14.91,33.830002,23.23,14.96,355.059998,73.059998,30.08,34.900002,271.859985,54.720001,26.690001,105.93,33.169998,26.049999,30.110001,34.93,29.49
7/3/2018,12.09,118.650002,47.380001,15.03,33.779999,23.440001,14.92,355.98999,73.139999,30.139999,35.02,270.899994,54.73,26.84,105.989998,33.23,26.200001,30.129999,35.099998,29.51
7/5/2018,12.3,119.050003,47.796001,15.1,34.299999,22.959999,14.78,359.170013,74,30.379999,35.110001,273.109985,54.799999,26.969999,106.410004,33.209999,26.33,30.129999,35.16,29.5
7/6/2018,12.36,118.860001,48.919998,15.08,33.91,23.16,14.96,361.769989,74.57,30.559999,35.369999,275.420013,54.799999,27.139999,106.68,33.25,26.389999,30.129999,35.299999,29.51
7/9/2018,12.48,119.150002,47.860001,15.17,34.610001,22.959999,15.03,365.390015,75.129997,30.83,35.990002,277.899994,54.84,27.23,106.860001,33.259998,26.42,30.139999,35.09,29.51
7/10/2018,12.52,118.93,47.150002,15.12,34.68,22.58,15.07,365.339996,74.839996,30.85,35.939999,278.899994,54.810001,27.379999,106.860001,33.240002,26.41,30.139999,35.099998,29.49
7/11/2018,11.93,117.639999,45.880001,14.86,33.330002,22.9,14.31,362.109985,74.190002,30.280001,35.290001,276.859985,54.849998,27.08,106.769997,33.279999,26.459999,30.139999,35.23,29.5
7/12/2018,12.13,118.129997,46.362999,15,33.299999,22.709999,14.39,363.209991,74.379997,30.540001,35.84,279.369995,54.889999,27.15,107.07,33.299999,26.540001,30.139999,35.189999,29.5
7/13/2018,12.21,117.610001,46.34,14.88,33.759998,22.41,14.47,363.079987,74.300003,30.610001,35.790001,279.589996,54.91,27.129999,107.07,33.349998,26.6,30.15,35.279999,29.49
7/16/2018,11.75,117.550003,46.310001,14.85,32.310001,22.41,13.94,361.170013,74.040001,30.58,35.57,279.339996,54.889999,27.190001,106.980003,33.299999,26.52,30.15,35.150002,29.5
7/17/2018,11.81,116.279999,47.119999,14.67,32.490002,22.200001,13.95,362.820007,74.470001,30.66,35.869999,280.470001,54.93,27.209999,107.07,33.279999,26.48,30.139999,35.099998,29.5
7/18/2018,11.92,116.309998,46.905998,14.63,32.950001,22.15,14.1,364.049988,74.82,30.700001,35.799999,281.059998,54.919998,27.15,107.160004,33.290001,26.450001,30.16,34.970001,29.5
7/19/2018,11.9,115.809998,47.619999,14.42,33.040001,22.440001,14.13,365.619995,75.330002,30.59,35.32,280,54.990002,26.99,107.099998,33.330002,26.51,30.16,35.169998,29.52
7/20/2018,11.97,116.559998,48.209999,14.59,33.209999,22.379999,14.15,363.399994,75.040001,30.76,35.84,279.679993,54.889999,27.219999,107.129997,33.310001,26.290001,30.18,34.759998,29.51
7/23/2018,12.07,116,48.220001,14.47,33.560001,22.09,14.09,363.429993,75.059998,30.709999,35.700001,280.200012,54.73,27.200001,107.129997,33.240002,26.129999,30.16,34.369999,29.5
7/24/2018,12.12,116.040001,48.220001,14.58,33.610001,22.32,14.23,360.730011,74.419998,30.879999,36.23,281.609985,54.75,27.209999,107.339996,33.290001,26.290001,30.16,34.470001,29.49
7/25/2018,12.28,116.68,49.450001,14.68,34.119999,22.6,14.42,361.899994,74.459999,31.139999,36.779999,284.01001,54.75,27.51,107.519997,33.299999,26.370001,30.17,34.41,29.49
7/26/2018,12.35,115.769997,49.369999,14.49,34.529999,22.620001,14.47,363.420013,75.290001,30.950001,36.41,283.339996,54.669998,27.32,107.580002,33.299999,26.389999,30.15,34.349998,29.49
7/27/2018,12.24,115.830002,49.307999,14.57,34.540001,22.809999,14.32,359.399994,74,31.07,36.549999,281.420013,54.709999,27.42,107.519997,33.299999,26.42,30.15,34.41,29.49
7/30/2018,12.38,115.650002,50.299999,14.58,34.470001,22.959999,14.54,357.76001,73.720001,31.059999,36.52,279.950012,54.669998,27.450001,107.610001,33.310001,26.32,30.190001,34.279999,29.5
7/31/2018,12.21,115.989998,51.139999,14.61,33.959999,22.809999,14.28,361.070007,74.57,31.049999,36.630001,281.329987,54.740002,27.42,107.82,33.349998,26.469999,30.190001,34.459999,29.49
8/1/2018,11.99,115.139999,50.66,14.48,33.34,22.66,14.09,359.920013,74.529999,30.940001,36.439999,280.859985,54.549999,27.27,107.43,33.220001,26.27,30.139999,34.119999,29.440001
8/2/2018,12.17,114.519997,51.299999,14.43,33.73,23.08,14.36,362.929993,75.150002,30.76,36.09,282.390015,54.48,27.1,107.459999,33.240002,26.290001,30.139999,34.150002,29.459999
8/3/2018,12.15,114.919998,50.945,14.5,33.810001,23.34,14.27,363.959991,74.940002,30.799999,36.139999,283.600006,54.57,27.190001,107.610001,33.279999,26.4,30.190001,34.299999,29.459999
8/6/2018,12.21,114.330002,51.299999,14.4,33.73,23.43,14.31,365.75,75.480003,30.65,35.970001,284.640015,54.610001,27.09,107.669998,33.34,26.4,30.17,34.349998,29.469999
8/7/2018,12.31,114.589996,51.346001,14.43,34.310001,23.74,14.36,366.690002,75.610001,30.85,36.259998,285.579987,54.630001,27.18,107.790001,33.310001,26.32,30.17,34.189999,29.450001
8/8/2018,11.96,114.910004,51.346001,14.5,33,24.129999,13.9,365.679993,75.489998,30.860001,36.200001,285.459991,54.619999,27.120001,107.790001,33.299999,26.26,30.16,34.220001,29.459999
8/9/2018,11.94,114.739998,51.23,14.52,32.669998,24.209999,13.88,365.369995,75.589996,30.76,36.150002,285.070007,54.68,26.889999,107.610001,33.310001,26.34,30.17,34.470001,29.469999
8/10/2018,12.11,114.690002,49.369999,14.41,33.310001,24.129999,14.08,363.299988,75.449997,30.219999,35.48,283.160004,54.73,26.34,107.43,33.349998,26.34,30.18,34.73,29.5
8/13/2018,12.07,112.959999,49.169998,14.1,33.049999,24.040001,14.01,361.450012,75.089996,30.049999,35.009998,282.100006,54.73,26.07,107.400002,33.349998,26.290001,30.190001,34.68,29.49
8/14/2018,12.05,113.07,49.41,14.17,33.27,24.219999,13.99,364.790009,76.110001,30.110001,35.139999,283.899994,54.740002,26.33,107.550003,33.369999,26.35,30.209999,34.59,29.5
8/15/2018,11.7,111.190002,49.220001,13.57,32.66,24.139999,13.51,361.380005,75.239998,29.67,34.080002,281.779999,54.720001,26.120001,107.309998,33.389999,26.41,30.200001,34.779999,29.51
8/16/2018,11.79,111.099998,50.250999,13.77,32.459999,23.860001,13.63,364.369995,75.790001,29.879999,34.259998,284.059998,54.75,26.25,107.489998,33.419998,26.48,30.23,34.779999,29.51
8/17/2018,11.83,112.129997,50.57,13.92,32.299999,24.18,13.69,366.220001,76.300003,30.059999,34.650002,285.059998,54.75,26.280001,107.580002,33.419998,26.540001,30.219999,34.810001,29.51
8/20/2018,11.86,112.690002,49.889999,13.88,32.82,24.15,13.76,367.589996,76.540001,30.17,34.77,285.670013,54.779999,26.290001,107.669998,33.48,26.620001,30.24,35.040001,29.530001
8/21/2018,11.9,113.019997,49.509998,13.89,32.790001,24.379999,13.83,370.540009,77.470001,30.389999,35.110001,286.339996,54.799999,26.34,107.879997,33.459999,26.57,30.219999,34.950001,29.530001
8/22/2018,12.3,113.269997,48.950001,13.88,33.75,24.18,14.27,370.48999,77.650002,30.49,35.389999,286.170013,54.790001,26.41,107.910004,33.459999,26.549999,30.23,35.07,29.530001
8/23/2018,12.31,112.199997,48.158001,13.65,33.639999,24.23,14.27,369.200012,77.379997,30.299999,34.889999,285.790009,54.82,26.129999,107.849998,33.459999,26.58,30.25,35.139999,29.540001
8/24/2018,12.4,114.160004,47.919998,13.92,33.950001,23.879999,14.43,370.570007,77.68,30.5,35.43,287.51001,54.740002,26.389999,108.029999,33.48,26.610001,30.25,35.169998,29.530001
8/27/2018,12.49,114.589996,47.536999,13.99,34.189999,23.52,14.5,372.359985,77.779999,30.9,35.900002,289.779999,54.689999,26.48,108.089996,33.490002,26.549999,30.219999,34.98,29.52
8/28/2018,12.44,113.68,46.84,13.84,33.950001,23.35,14.43,372.420013,77.779999,30.85,35.740002,289.920013,54.689999,26.309999,108.089996,33.419998,26.469999,30.209999,34.790001,29.51
8/29/2018,12.63,114.199997,47.400002,13.87,34.459999,23.549999,14.66,373.519989,77.870003,30.99,35.91,291.480011,54.66,26.200001,108.029999,33.400002,26.43,30.219999,34.830002,29.51
8/30/2018,12.68,113.639999,47.119999,13.7,34.48,23.65,14.75,371.660004,77.739998,30.73,35.049999,290.299988,54.700001,25.940001,107.910004,33.439999,26.41,30.24,34.900002,29.530001
8/31/2018,12.64,113.510002,48.150002,13.65,34.259998,23.950001,14.71,372.48999,78.120003,30.530001,35.220001,290.309998,54.720001,25.940001,108,33.41,26.34,30.26,34.830002,29.52
9/4/2018,12.59,112.93,47.900002,13.31,34.169998,23.110001,14.58,371.660004,77.739998,30.25,34.389999,289.809998,54.689999,25.549999,107.400002,33.310001,26.16,30.18,34.549999,29.459999
9/5/2018,12.51,113.32,47.654999,13.35,33.77,22.93,14.49,371.480011,77.709999,29.99,34.040001,289.029999,54.669998,25.51,107.279999,33.310001,26.129999,30.17,34.48,29.48
9/6/2018,12.36,113.540001,47.091999,13.31,33.299999,22.809999,14.3,370.279999,77.150002,29.9,34,288.160004,54.720001,25.620001,107.279999,33.369999,26.24,30.190001,34.599998,29.49
9/7/2018,12.4,113.230003,47.299999,13.32,33.970001,22.799999,14.28,369.459991,76.870003,29.68,33.919998,287.600006,54.700001,25.65,107.279999,33.290001,26.09,30.17,34.310001,29.459999
9/10/2018,12.38,113.150002,47.419998,13.31,33.73,23.02,14.21,370.279999,77.040001,29.82,33.540001,288.100006,54.709999,25.6,107.489998,33.290001,26.219999,30.17,34.43,29.459999
9/11/2018,12.68,113.220001,47.32,13.28,34.669998,23.209999,14.6,370.899994,76.970001,29.870001,33.470001,289.049988,54.669998,25.6,107.519997,33.240002,26.15,30.16,34.189999,29.440001
9/12/2018,12.83,114.169998,46.279999,13.39,34.990002,23.209999,14.78,371.149994,76.889999,30.02,33.73,289.119995,54.689999,25.76,107.760002,33.279999,26.26,30.16,34.25,29.450001
9/13/2018,12.63,113.760002,45.900002,13.35,34.349998,23.059999,14.49,371.929993,76.730003,30.200001,34.080002,290.829987,54.639999,25.84,107.940002,33.299999,26.299999,30.17,34.299999,29.440001
9/14/2018,12.63,113.019997,46.23,13.23,33.900002,22.690001,14.5,373.410004,77.370003,30.24,34.130001,290.880005,54.619999,25.82,108.059998,33.25,26.299999,30.16,34.150002,29.43
9/17/2018,12.63,113.610001,46.220001,13.31,33.959999,22.959999,14.47,369.839996,76.550003,30.26,33.900002,289.339996,54.639999,25.809999,107.940002,33.259998,26.290001,30.16,34.150002,29.43
9/18/2018,12.8,113.440002,45.59,13.31,34.450001,23.84,14.69,371.450012,76.709999,30.57,34.169998,290.910004,54.630001,25.870001,107.940002,33.240002,26.09,30.17,33.810001,29.42
9/19/2018,12.94,113.879997,45.82,13.4,34.73,23.77,14.94,370.26001,76.230003,30.700001,34.599998,291.220001,54.580002,25.99,107.730003,33.209999,25.99,30.15,33.610001,29.43
9/20/2018,12.86,114.269997,46.950001,13.45,34.560001,24.370001,14.8,373.049988,76.860001,31.049999,34.91,293.579987,54.59,26.190001,107.879997,33.23,26.16,30.15,33.759998,29.43
9/21/2018,12.9,113.489998,46.740002,13.44,34.57,24.59,14.96,370.950012,76.419998,31.040001,35.029999,291.98999,54.599998,26.18,107.940002,33.25,26.129999,30.17,33.75,29.43
9/24/2018,13.22,113.470001,47.349998,13.41,35.400002,25.08,15.25,369.619995,75.730003,30.879999,34.639999,291.019989,54.5,26.190001,107.82,33.209999,26.059999,30.16,33.68,29.43
9/25/2018,13.27,113.650002,47,13.59,35.5,25.200001,15.27,369.279999,75.760002,31.049999,34.799999,290.75,54.459999,26.139999,107.849998,33.189999,26.049999,30.16,33.639999,29.42
9/26/2018,13.16,113.050003,47.560001,13.49,35.349998,24.629999,15.11,365.880005,75.150002,31.040001,34.77,289.880005,54.560001,26.27,107.879997,33.23,26.190001,30.17,33.849998,29.440001
9/27/2018,13.28,112.050003,47.279999,13.41,35.779999,25.24,15.26,366.140015,75.190002,30.969999,35,290.690002,54.57,26.35,108.089996,33.259998,26.219999,30.200001,33.889999,29.440001
9/28/2018,13.48,112.760002,47.220001,13.73,36.139999,24.83,15.52,367.459991,75.470001,30.77,34.830002,290.720001,54.540001,26.309999,108.150002,33.299999,26.17,30.18,33.799999,29.450001
10/1/2018,13.9,112.57,47.16,13.62,36.91,25.709999,15.95,364.519989,74.300003,30.85,34.830002,291.730011,54.389999,26.17,107.970001,33.169998,26.01,30.129999,33.450001,29.4
10/2/2018,13.83,113.870003,47.970001,13.79,36.709999,26.110001,15.87,363.140015,73.529999,30.639999,34.470001,291.559998,54.459999,26.24,107.82,33.189999,26.09,30.139999,33.700001,29.4
10/3/2018,14.02,113.419998,47.970001,13.78,36.91,26.85,16.08,364.549988,74.199997,30.620001,34.27,291.720001,54.310001,26.09,107.639999,33.09,25.82,30.1,33.09,29.360001
10/4/2018,13.75,113.480003,47.797001,13.71,36.400002,26.32,15.74,360.570007,73.32,30.219999,33.490002,289.440002,54.220001,25.85,107.160004,33.02,25.690001,30.09,32.900002,29.370001
10/5/2018,13.72,113.800003,48.099998,13.75,36.080002,26.059999,15.69,357.869995,72.529999,30.07,33.290001,287.820007,54.130001,25.950001,106.650002,33.009998,25.52,30.09,32.610001,29.360001
10/8/2018,13.69,112.540001,47.799999,13.53,36.110001,27.07,15.68,357.970001,72.470001,29.93,33.470001,287.820007,54.169998,25.959999,106.410004,33,25.48,30.110001,32.48,29.370001
10/9/2018,13.81,112.599998,47.599998,13.53,35.939999,27.110001,15.82,356,72.160004,29.83,33.259998,287.399994,54.16,26.09,106.529999,33,25.610001,30.09,32.830002,29.360001
10/10/2018,13.46,112.879997,47.169998,13.45,34.919998,26.98,15.38,346.790009,70.220001,29.16,32.34,278.299988,54.139999,25.879999,105.690002,32.990002,25.51,30.1,32.75,29.379999
10/11/2018,13.07,115.779999,47.470001,13.67,33.369999,26.629999,14.95,339.5,68.720001,28.77,32.060001,272.170013,54.209999,26.07,105.959999,33.040001,25.68,30.110001,33.139999,29.4
10/12/2018,13.21,115.230003,48.160999,13.74,33.75,26.059999,15.12,340.230011,68.639999,28.870001,32.959999,275.950012,54.240002,26.1,106.5,33.049999,25.66,30.120001,33.009998,29.379999
10/15/2018,13.23,116,48.900002,13.8,33.610001,26.879999,15.13,341.790009,68.949997,28.84,32.669998,274.399994,54.259998,26.26,106.260002,33.040001,25.59,30.120001,33,29.4
10/16/2018,13.3,115.800003,48.691002,13.78,34.23,26.799999,15.19,349.070007,70.809998,29.32,33.490002,280.399994,54.330002,26.459999,106.709999,33.060001,25.68,30.1,33.07,29.4
10/17/2018,13.03,115.790001,48.32,13.74,33.310001,27.469999,14.82,347.980011,70.400002,29.139999,33.049999,280.450012,54.369999,26.41,106.589996,33,25.549999,30.09,32.869999,29.389999
10/18/2018,12.79,115.919998,47.852001,13.7,32.799999,26.620001,14.56,342.970001,69.089996,28.67,32.240002,276.399994,54.389999,26.27,106.110001,33.009998,25.469999,30.09,32.889999,29.4
10/19/2018,12.94,116.010002,47.471001,13.74,33.16,26.809999,14.72,340.799988,68.419998,28.85,32.5,276.25,54.400002,26.32,106.110001,32.990002,25.440001,30.09,32.790001,29.370001
10/22/2018,12.97,115.709999,47.549999,13.68,33.119999,26.049999,14.74,339,68.349998,28.690001,32.810001,275.01001,54.41,26.34,106.139999,32.990002,25.4,30.08,32.77,29.389999
10/23/2018,12.39,116.389999,47.720001,13.83,31.790001,26.66,14.04,335.570007,67.849998,28.42,32.52,273.609985,54.439999,26.34,106.080002,33,25.379999,30.1,32.849998,29.41
10/24/2018,12.38,116.660004,47.099998,13.79,31.15,26.379999,14.05,325.470001,65.5,27.610001,31.530001,265.320007,54.52,26.059999,105.599998,33.060001,25.440001,30.129999,33.080002,29.450001
10/25/2018,12.5,116.400002,46.34,13.74,31.290001,26.27,14.21,330.309998,66.870003,27.870001,32.080002,270.079987,54.580002,26.200001,105.75,33.029999,25.4,30.120001,32.959999,29.440001
10/26/2018,12.62,116.769997,47.063,13.81,31.49,26.360001,14.33,326.630005,66.269997,27.66,31.809999,265.329987,54.689999,26.27,105.269997,33.110001,25.469999,30.129999,33.150002,29.450001
10/29/2018,12.45,116.309998,46.93,13.59,31.360001,25.92,14.11,325.279999,66.120003,27.59,31.290001,263.859985,54.689999,26.07,105.269997,33.099998,25.389999,30.129999,33.110001,29.450001
10/30/2018,12.35,115.800003,46.619999,13.61,31.219999,26.059999,14.03,331.01001,67.57,27.870001,31.85,267.769989,54.619999,26.120001,105.330002,33.029999,25.26,30.120001,32.950001,29.440001
10/31/2018,12.17,115.150002,46.619999,13.41,30.309999,26.700001,13.79,332.149994,67.540001,28.059999,32.25,270.630005,54.529999,25.99,105.480003,33,25.15,30.1,32.759998,29.43
11/1/2018,11.86,116.629997,47.419998,13.83,29.82,26.4,13.46,338.720001,68.82,28.469999,33.380001,273.51001,54.52,26.200001,105.360001,32.93,25.129999,30.059999,32.73,29.389999
11/2/2018,11.76,116.650002,47.84,13.86,29.469999,26.75,13.31,339.079987,69.209999,28.48,33.529999,271.890015,54.470001,26.27,105.419998,32.860001,24.959999,30.02,32.310001,29.360001
11/5/2018,11.71,116.370003,47.887001,13.76,29.15,28.93,13.3,340.76001,69.269997,28.530001,33.630001,273.390015,54.48,26.32,105.510002,32.889999,25.01,30.02,32.470001,29.35
11/6/2018,11.62,116.040001,47.887001,13.65,29.34,28.76,13.18,342.720001,69.669998,28.68,33.529999,275.119995,54.490002,26.33,105.720001,32.91,25.16,30.040001,32.439999,29.34
11/7/2018,11.54,116.029999,47.759998,13.67,28.51,28.68,13.06,347.850006,70.559998,29.040001,34.130001,281.01001,54.470001,26.49,106.230003,32.93,25.280001,30.049999,32.48,29.34
11/8/2018,11.37,115.779999,47.66,13.56,28.49,28.940001,12.84,346.51001,70.360001,28.75,33.240002,280.5,54.400002,26.200001,106.080002,32.880001,25.200001,30.030001,32.450001,29.35
11/9/2018,11.22,114.480003,47.66,13.32,28.08,30.24,12.7,342.859985,69.209999,28.549999,32.790001,277.76001,54.509998,26.16,105.419998,32.91,25.25,30.030001,32.68,29.360001
11/12/2018,11.04,113.660004,47.759998,13.17,28.01,31.559999,12.48,337.470001,67.970001,28.08,32.259998,272.570007,54.509998,25.940001,104.760002,32.900002,25.24,30.040001,32.93,29.389999
11/13/2018,10.36,113.699997,47.349998,13.15,26.68,33.07,11.69,337.480011,67.779999,28.18,32.619999,272.059998,54.509998,25.93,104.610001,32.91,25.120001,30.049999,32.880001,29.4
11/14/2018,10.59,114.639999,47.369999,13.28,27.08,39.32,11.95,335.440002,67.330002,28.17,32.889999,270.200012,54.540001,26.08,104.370003,32.91,24.940001,30.07,32.919998,29.4
11/15/2018,10.6,114.769997,47.459999,13.42,26.969999,31.799999,11.98,339.559998,68.150002,28.32,33.529999,273.019989,54.549999,26.25,104.309998,32.880001,24.889999,30.059999,32.919998,29.42
11/16/2018,10.66,115.620003,47.459999,13.53,27.4,35.43,12.07,339.769989,68.360001,28.389999,33.720001,273.730011,54.529999,26.469999,103.830002,32.950001,24.98,30.08,33.07,29.440001
11/19/2018,10.7,115.669998,46.630001,13.55,27.389999,37.200001,12.14,335.109985,67.269997,28.139999,33.279999,269.100006,54.540001,26.370001,103.709999,32.91,24.950001,30.07,33.18,29.459999
11/20/2018,9.97,115.669998,46.860001,13.45,25.889999,36.68,11.27,329.369995,66.059998,27.65,32.580002,264.119995,54.580002,26.27,103.230003,32.869999,24.950001,30.059999,33.200001,29.459999
11/21/2018,10.19,115.860001,46.742001,13.6,26.030001,36.299999,11.52,333,66.669998,27.99,33.189999,265.019989,54.59,26.389999,103.68,32.900002,25.01,30.059999,33.169998,29.459999
11/23/2018,9.59,115.769997,46.700001,13.42,24.450001,36.380001,10.83,332.480011,66.690002,27.809999,32.740002,263.25,54.650002,26.33,103.199997,32.889999,25.02,30.059999,33.200001,29.459999
11/26/2018,9.69,115.639999,46.384998,13.39,24.860001,34.560001,10.94,336.769989,67.309998,28.219999,33.09,267.5,54.669998,26.17,103.650002,32.889999,25.030001,30.07,33.139999,29.459999
11/27/2018,9.68,114.949997,46.384998,13.29,24.610001,34.139999,10.95,334.029999,66.779999,28.120001,33.32,268.399994,54.720001,26.209999,103.650002,32.869999,24.959999,30.049999,33.189999,29.459999
11/28/2018,9.45,115.379997,46.384998,13.43,24.049999,37.740002,10.66,340.670013,68.410004,28.540001,34.130001,274.579987,54.689999,26.43,104.43,32.900002,24.969999,30.08,33.029999,29.469999
11/29/2018,9.6,115.739998,46.384998,13.43,24.93,37.09,10.87,340.380005,68.07,28.42,33.869999,273.980011,54.73,26.549999,104.489998,32.849998,24.9,30.059999,33.139999,29.48
11/30/2018,9.48,115.540001,47.529999,13.32,24.469999,37.32,10.73,342.73999,68.589996,28.309999,33.880001,275.649994,54.759998,26.51,104.190002,32.860001,24.9,30.08,33.259998,29.48
12/3/2018,9.97,116.410004,47.939999,13.49,25.200001,35.139999,11.27,345.26001,68.989998,28.709999,34.48,279.299988,54.82,26.530001,104.43,32.84,24.93,30.01,33.41,29.4
12/4/2018,9.91,117.120003,47.939999,13.62,25.110001,36.32,11.18,333.049988,65.849998,28,33.830002,270.25,54.93,26.360001,103.889999,32.779999,25.059999,29.99,33.950001,29.43
12/6/2018,9.71,117.139999,47.922001,13.6,25.18,35.349998,10.94,331.48999,65.650002,27.709999,33.630001,269.839996,54.950001,26.42,103.440002,32.82,25.07,30.040001,34.080002,29.459999
12/7/2018,9.85,118.089996,48.610001,13.73,25.809999,36.52,11.11,324.540009,64.459999,27.41,33,263.570007,54.98,26.290001,103.349998,32.860001,25.139999,30.02,34.130001,29.48
12/10/2018,9.54,117.68,48.324001,13.65,24.809999,36.490002,10.75,322.619995,63.93,27.23,32.610001,264.070007,55.029999,26.16,103.260002,32.900002,25.26,30.030001,34.290001,29.48
12/11/2018,9.69,117.540001,48.400002,13.66,25.139999,35.330002,10.95,321.630005,63.93,27.27,32.849998,264.130005,55.060001,26.18,103.529999,32.880001,25.35,30.030001,34.25,29.459999
12/12/2018,9.58,117.790001,48.567001,13.82,24.860001,33.240002,10.82,324.059998,64.580002,27.65,33.330002,265.459991,54.970001,26.299999,103.830002,32.889999,25.34,30.030001,34.110001,29.459999
12/13/2018,9.95,117.529999,48.619999,13.86,25.959999,33.439999,11.21,320.660004,63.560001,27.620001,33.439999,265.369995,54.959999,26.27,104.099998,32.93,25.41,30.059999,34.049999,29.48
12/14/2018,9.62,117.059998,48.415001,13.7,25.139999,30.75,10.82,316.269989,62.599998,27.24,33.040001,260.470001,55.040001,26.139999,103.650002,32.939999,25.389999,30.08,34.150002,29.48
12/17/2018,9.27,117.870003,48.595001,13.77,24.41,28.709999,10.45,309.399994,61.130001,27.01,32.619999,255.360001,55.09,26.26,102.959999,32.970001,25.450001,30.08,34.34,29.530001
12/18/2018,8.72,118.150002,48.584999,13.75,23.450001,30.74,9.79,309.350006,61.279999,27.040001,32.84,255.080002,55.189999,26.32,102.660004,33.040001,25.540001,30.139999,34.540001,29.549999
12/19/2018,8.91,117.43,48.080002,13.69,23.68,30.139999,10.02,304.119995,59.869999,26.75,32.360001,251.259995,55.279999,26.129999,101.220001,32.919998,25.51,30.030001,34.91,29.48
12/20/2018,8.63,119.239998,47.84,13.85,22.98,30.1,9.72,300.200012,58.939999,26.629999,32.630001,247.169998,55.310001,26.299999,100.199997,32.889999,25.280001,30.040001,34.779999,29.49
12/21/2018,8.5,118.720001,47.395,13.74,22.690001,30.25,9.57,292.880005,57.709999,26.17,32.209999,240.699997,55.09,26.139999,99.599998,32.880001,25.309999,30.030001,34.75,29.5
12/24/2018,8.12,120.019997,47.375,13.87,22.18,29.309999,9.29,284.959991,56.32,25.639999,31.559999,234.339996,54.139999,26.18,98.849998,32.869999,25.200001,30.030001,34.919998,29.530001
12/26/2018,8.66,119.660004,46.800999,14.11,23.35,28.23,9.9,298.029999,59.009998,26.24,32.139999,246.179993,54.09,26.209999,100.529999,32.84,25.139999,30.049999,34.57,29.52
12/27/2018,8.43,120.57,46.986,14.3,22.82,28.860001,9.62,299.779999,59.330002,26.24,32.18,248.070007,54.119999,26.379999,100.470001,32.880001,25.129999,30.08,34.59,29.540001
12/28/2018,8.32,121.059998,47.182999,14.42,22.59,27.4,9.53,299.359985,59.66,26.379999,32.459999,247.75,54.16,26.450001,100.620003,32.98,25.309999,30.1,34.849998,29.559999
12/31/2018,8.47,121.25,46.896,14.52,22.91,24.709999,9.66,302.670013,59.970001,26.450001,32.360001,249.919998,54.25,26.52,100.769997,33.040001,25.379999,30.139999,35.040001,29.58
1/2/2019,8.63,121.330002,47.271,14.56,23.209999,24.49,9.85,301.589996,60.189999,26.41,32.48,250.179993,54.32,26.6,100.650002,33.07,25.48,30.139999,35.169998,29.59
1/3/2019,8.7,122.43,47.741001,14.75,23.57,24.209999,9.95,296.630005,59.07,26.18,32,244.210007,54.32,26.639999,100.68,33.16,25.440001,30.17,35.59,29.65
1/4/2019,8.91,121.440002,48.145,14.73,23.700001,25.09,10.18,306.350006,61.169998,27,33.040001,252.389999,54.27,26.93,102.330002,33.07,25.43,30.120001,35.16,29.6
1/7/2019,9,121.860001,48.140999,14.67,23.58,24.379999,10.29,309.76001,62.040001,27.110001,33.080002,254.380005,54.139999,26.98,103.470001,33.049999,25.469999,30.139999,35.080002,29.58
1/8/2019,9.19,121.529999,48.041,14.69,23.809999,24.74,10.5,314.950012,63,27.280001,33.240002,256.769989,54.099998,26.940001,104.190002,33.049999,25.540001,30.139999,35,29.559999
1/9/2019,9.65,122.309998,48.169998,14.78,24.959999,24.889999,11.05,318.059998,63.619999,27.639999,33.759998,257.970001,54.130001,27.110001,104.339996,33.130001,25.75,30.16,34.91,29.559999
1/10/2019,9.69,121.589996,47.467999,14.6,24.93,24.75,11.1,320.619995,63.830002,27.709999,33.93,258.880005,54.150002,27.120001,104.849998,33.16,25.52,30.16,34.700001,29.58
1/11/2019,9.53,121.800003,47.813999,14.64,24.59,26.09,10.9,320.76001,64,27.58,33.740002,258.980011,54.209999,27.07,104.489998,33.220001,25.6,30.17,34.82,29.59
1/14/2019,9.35,122.089996,47.618999,14.66,23.940001,29.75,10.69,318.980011,63.43,27.440001,33.549999,257.399994,54.209999,27.110001,104.190002,33.169998,25.49,30.18,34.700001,29.6
1/15/2019,9.6,121.879997,46.970001,14.6,24.68,28.719999,11,320.950012,63.889999,27.6,33.720001,260.350006,54.299999,27.1,104.459999,33.209999,25.469999,30.18,34.599998,29.6
1/16/2019,9.65,122.269997,47.129002,14.63,24.73,28.219999,11.06,323.160004,64.389999,27.68,34.07,260.980011,54.369999,27.16,104.669998,33.220001,25.530001,30.200001,34.619999,29.58
1/17/2019,9.64,122.110001,47.75,14.57,24.959999,28.27,11.03,326.399994,65,27.77,34.25,262.959991,54.389999,27.120001,104.940002,33.220001,25.58,30.190001,34.630001,29.59
1/18/2019,9.89,121.019997,47.988998,14.37,25.299999,28.41,11.31,330.790009,65.669998,28.07,34.400002,266.459991,54.369999,27.059999,105.209999,33.27,25.620001,30.219999,34.450001,29.549999
1/22/2019,9.73,121.449997,47.933998,14.39,24.58,26.65,11.12,325.679993,64.540001,27.65,33.849998,262.859985,54.470001,26.92,104.610001,33.290001,25.629999,30.26,34.689999,29.59
1/23/2019,9.65,121.279999,48.174999,14.42,24.309999,26.309999,11.05,325.160004,64.410004,27.77,34.169998,263.410004,54.509998,27.1,104.790001,33.349998,25.74,30.27,34.669998,29.59
1/24/2019,9.77,121.089996,48.008999,14.36,24.35,26.959999,11.17,327.299988,64.790001,27.85,34.400002,263.549988,54.650002,27.07,104.910004,33.43,25.85,30.290001,34.900002,29.610001
1/25/2019,9.84,122.860001,48.226002,14.74,24.33,27.4,11.25,330.98999,65.540001,28.190001,34.68,265.779999,54.630001,27.219999,105.150002,33.43,25.799999,30.280001,34.73,29.59
1/28/2019,9.58,123.290001,48.130001,14.79,23.450001,25.73,10.95,330.470001,65.129997,28.030001,34.360001,263.76001,54.580002,27.17,105,33.400002,25.83,30.290001,34.700001,29.59
1/29/2019,9.77,123.980003,47.869999,14.88,23.719999,25.85,11.16,330.48999,65.099998,28.15,34.389999,263.410004,54.700001,27.290001,104.970001,33.5,25.91,30.32,34.849998,29.610001
1/30/2019,9.96,124.690002,48.125,15.05,24.41,25.559999,11.4,332.570007,65.769997,28.450001,35.060001,267.579987,54.73,27.5,105.779999,33.57,26.01,30.35,34.84,29.639999
1/31/2019,9.92,124.75,47.762001,15.05,24.049999,25.280001,11.35,333.790009,66.300003,28.459999,35.450001,269.929993,54.790001,27.77,106.050003,33.720001,26.35,30.41,35.139999,29.68
2/1/2019,10.16,124.5,48.124001,14.92,24.799999,24.43,11.63,334.850006,66.25,28.450001,35.240002,270.059998,54.73,27.559999,105.510002,33.57,26.15,30.32,34.84,29.58
2/4/2019,10.08,123.959999,48.263,14.88,24.959999,23.790001,11.5,338.160004,67.019997,28.530001,35.299999,271.959991,54.709999,27.530001,105.75,33.529999,26.09,30.33,34.68,29.58
2/5/2019,9.91,124.279999,48.355,14.87,24.73,23.959999,11.29,339.529999,67.169998,28.75,35.650002,273.100006,54.779999,27.620001,106.110001,33.57,26.26,30.290001,34.849998,29.59
2/6/2019,9.93,123.440002,48.252998,14.68,25.200001,23.870001,11.32,339.179993,67.080002,28.610001,35.18,272.73999,54.779999,27.48,106.139999,33.580002,26.190001,30.33,34.849998,29.59
2/7/2019,9.75,123.739998,47.634998,14.77,24.690001,22.950001,11.07,337.660004,66.419998,28.26,34.91,270.140015,54.830002,27.459999,105.690002,33.549999,26.15,30.33,35.09,29.620001
2/8/2019,9.76,124.209999,47.676998,14.83,25,23.27,11.08,337.410004,66.410004,28.08,34.700001,270.470001,54.889999,27.41,105.690002,33.619999,26.27,30.34,35.240002,29.610001
2/11/2019,9.71,123.599998,47.459999,14.72,24.6,23.610001,11.01,339.5,67,28.049999,34.599998,270.619995,54.849998,27.24,105.720001,33.599998,26.23,30.34,35.119999,29.620001
2/12/2019,9.83,123.860001,47.896,14.73,24.809999,23.809999,11.16,342.950012,67.870003,28.34,34.950001,274.100006,54.830002,27.360001,106.260002,33.580002,26.219999,30.34,35.009998,29.610001
2/13/2019,9.96,123.370003,48,14.59,25.41,23.17,11.34,344.829987,68.120003,28.370001,34.619999,274.98999,54.849998,27.18,106.139999,33.57,26.16,30.35,34.900002,29.59
2/14/2019,10.02,124.059998,47.293999,14.65,26.200001,22.99,11.48,344.619995,68.269997,28.360001,34.759998,274.380005,54.93,27.219999,106.169998,33.619999,26.17,30.370001,35.099998,29.610001
2/15/2019,10.28,124.800003,47.273998,14.82,27.07,23.389999,11.71,348.890015,69.290001,28.75,34.720001,277.369995,54.900002,27.33,106.5,33.639999,26.280001,30.35,35.139999,29.610001
2/19/2019,10.31,126.699997,46.488998,15.02,27,23.709999,11.78,349.170013,69.690002,28.93,34.959999,277.850006,54.950001,27.34,106.529999,33.68,26.32,30.35,35.220001,29.620001
2/20/2019,10.34,126.480003,46.354,15.07,27.360001,23.58,11.93,350.790009,70.150002,29.07,35.110001,278.410004,54.970001,27.309999,106.68,33.639999,26.25,30.370001,35.139999,29.629999
2/21/2019,10.33,125.050003,46.881001,14.83,27.41,24.01,11.88,349.609985,69.809998,28.969999,35.060001,277.420013,54.959999,27.280001,106.589996,33.610001,26.129999,30.370001,34.849998,29.620001
2/22/2019,10.36,125.5,46.849998,14.95,27.33,24.02,11.95,352.26001,70.150002,29.07,35.490002,279.140015,55.029999,27.360001,106.769997,33.700001,26.25,30.4,35.029999,29.639999
2/25/2019,10.08,125.370003,46.294998,14.9,26.469999,24.77,11.57,352.230011,69.989998,29.15,35.759998,279.519989,55,27.4,106.860001,33.720001,26.24,30.4,34.93,29.620001
2/26/2019,10.2,125.580002,45.904999,14.94,26.83,24.450001,11.63,349.26001,69.32,29.290001,35.709999,279.320007,55.009998,27.440001,107.07,33.73,26.299999,30.4,35.099998,29.65
2/27/2019,10.35,124.690002,45.810001,14.75,27.25,24.73,11.89,349.640015,69.410004,29.200001,35.43,279.200012,54.900002,27.440001,107.07,33.709999,26.1,30.41,34.740002,29.629999
2/28/2019,10.34,123.989998,45.389999,14.63,27.24,24.73,11.95,348.220001,69.190002,29.09,35.119999,278.679993,54.849998,27.34,107.07,33.68,26.09,30.42,34.59,29.639999
3/1/2019,10.15,121.879997,45.348,14.2,26.860001,25.08,11.66,350.850006,69.540001,29.209999,35.150002,280.420013,54.759998,27.15,106.769997,33.57,25.91,30.309999,34.209999,29.540001
3/4/2019,10.28,121.559998,45.610001,14.15,27.209999,25.139999,11.8,349.220001,68.849998,29.1,35.209999,279.399994,54.830002,27.18,106.650002,33.619999,26.01,30.32,34.48,29.57
3/5/2019,10.31,121.720001,45.792999,14.2,27.43,25.43,11.82,347.75,68.599998,29.15,35.619999,279.019989,54.91,27.190001,106.650002,33.630001,26.1,30.34,34.549999,29.559999
3/6/2019,10.27,121.610001,45.099998,14.15,27.74,25.1,11.75,343.070007,67.25,29.040001,35.41,277.329987,55.049999,27.07,106.440002,33.66,26.09,30.370001,34.689999,29.59
3/7/2019,10.3,121.510002,44.5,14.09,27.93,25.27,11.81,340.190002,66.510002,28.68,34.810001,275.01001,55.220001,26.82,106.379997,33.720001,26.16,30.389999,34.889999,29.620001
3/8/2019,10.24,122.839996,44.325001,14.41,28.030001,25.23,11.73,339.220001,66.419998,28.65,34.669998,274.459991,55.27,26.93,106.199997,33.73,26.18,30.379999,35.029999,29.620001
3/11/2019,10.31,122.239998,43.895,14.37,28.389999,24.48,11.86,343.709991,67.470001,28.91,35.240002,278.440002,55.209999,26.99,106.500107,33.759998,26.219999,30.4,34.93,29.620001
3/12/2019,10.32,122.980003,44.769001,14.48,28.25,24.639999,11.89,344.200012,67.379997,28.93,35.43,279.48999,55.240002,27.01,106.710106,33.799999,26.360001,30.42,35.150002,29.639999
3/13/2019,10.47,123.839996,44.735001,14.51,29.07,24.879999,12.19,345.73999,67.669998,29.15,35.470001,281.339996,55.25,27.02,107.010109,33.779999,26.27,30.41,35.099998,29.639999
3/14/2019,10.46,122.410004,44.925999,14.24,28.74,25.08,12.22,345.320007,67.349998,29.110001,35.360001,281.160004,55.259998,26.940001,106.950104,33.77,26.15,30.41,34.860001,29.639999
3/15/2019,10.44,122.970001,45.443001,14.33,28.700001,24.639999,12.2,344.75,67.379997,29.389999,35.790001,281.309998,55.299999,27.049999,106.98011,33.82,26.299999,30.43,35.080002,29.65
3/18/2019,10.49,123.040001,45.290001,14.39,29.120001,25.059999,12.31,347.369995,67.739998,29.51,36.110001,282.329987,55.330002,27.16,107.040108,33.830002,26.309999,30.42,35.049999,29.639999
3/19/2019,10.44,123.379997,45.181,14.4,29.379999,25.16,12.28,345.600006,67.239998,29.57,36.169998,282.399994,55.360001,27.200001,107.130104,33.84,26.280001,30.43,35.009998,29.629999
3/20/2019,10.58,124.18,45.418999,14.54,29.540001,24.969999,12.5,342.709991,66.790001,29.57,36.279999,281.549988,55.400002,27.49,107.490105,33.98,26.530001,30.48,35.360001,29.690001
3/21/2019,10.52,123.68,45.82,14.5,29.719999,24.860001,12.44,347.420013,67.559998,29.6,36.259998,284.730011,55.560001,27.450001,107.490105,33.970001,26.58,30.48,35.419998,29.690001
3/22/2019,10.4,123.970001,45.73,14.45,29.450001,24.41,12.23,337.339996,65.129997,29.030001,35.23,279.25,55.709999,26.969999,107.130104,34.09,26.85,30.52,35.950001,29.73
3/25/2019,10.45,124.919998,45.935001,14.56,29.549999,24.389999,12.25,338.140015,65.459999,29.059999,35.360001,279.040009,55.799999,27.200001,107.130104,34.16,26.959999,30.549999,36.040001,29.77
3/26/2019,10.49,124.300003,45.674999,14.47,29.83,24.18,12.47,341.480011,66.07,29.209999,35.470001,281.119995,55.709999,27.110001,107.340111,34.18,26.959999,30.559999,35.98,29.77
3/27/2019,10.42,123.650002,45.34,14.32,29.299999,23.969999,12.34,341.23999,65.989998,29.15,35.07,279.649994,55.810001,26.84,107.400108,34.200001,27.07,30.559999,36.32,29.780001
3/28/2019,10.44,121.900002,45.192001,14.07,29.18,23.91,12.35,344.100006,66.68,29.120001,35.360001,280.709991,55.849998,26.950001,107.610107,34.18,27.120001,30.57,36.419998,29.790001
3/29/2019,10.51,122.010002,44.27,14.18,29.379999,23.48,12.5,345.399994,66.669998,29.209999,35.759998,282.480011,55.77,26.91,107.91011,34.169998,27.129999,30.549999,36.389999,29.76
4/1/2019,10.68,121.529999,44.779999,14.15,29.74,23.780001,12.82,350,67.550003,29.610001,36.27,285.829987,55.599998,26.959999,107.490105,34,26.83,30.450001,35.799999,29.67
4/2/2019,10.74,121.980003,44.821999,14.16,30.17,23.67,13.01,348.589996,67.230003,29.620001,36.139999,285.970001,55.630001,26.93,107.520111,34.009998,26.870001,30.459999,35.869999,29.690001
4/3/2019,10.76,121.800003,45.046001,14.2,30.57,23.5,12.99,350.450012,67.489998,29.860001,36.330002,286.420013,55.57,27.02,107.55011,33.990002,26.799999,30.459999,35.549999,29.68
4/4/2019,10.73,122.110001,45.240002,14.22,30.290001,23.25,12.92,352.26001,67.970001,29.75,36.439999,287.179993,55.580002,27.02,107.760109,34.009998,26.860001,30.440001,35.669998,29.68
4/5/2019,10.81,121.980003,44.900002,14.17,30.860001,23.5,13.15,354.98999,68.580002,29.780001,36.650002,288.570007,55.610001,27.08,107.91011,34,26.9,30.440001,35.700001,29.68
4/8/2019,10.87,122.510002,44.82,14.31,31.16,23.85,13.4,354.970001,68.5,29.83,36.709999,288.790009,55.619999,27.07,107.880112,34.040001,26.9,30.450001,35.580002,29.66
4/9/2019,10.84,123.150002,44.720001,14.28,31.35,23.83,13.33,351.049988,67.660004,29.67,36.689999,287.309998,55.669998,27.110001,107.880112,34.040001,26.99,30.459999,35.720001,29.68
4/10/2019,10.98,123.529999,44.830002,14.28,32.209999,23.74,13.41,354.25,68.660004,29.77,36.84,288.290009,55.73,27.24,108.270111,34.139999,27.110001,30.48,35.790001,29.700001
4/11/2019,10.91,121.949997,44.75,14.02,31.799999,23.530001,13.27,355.299988,68.57,29.709999,36.48,288.209991,55.740002,27.09,108.510109,34.110001,27.08,30.48,35.599998,29.68
4/12/2019,10.97,121.830002,44.687,14.05,31.75,23.35,13.3,357.950012,68.870003,29.940001,36.669998,290.160004,55.610001,27.190001,108.66011,34.009998,27.08,30.459999,35.349998,29.66
4/15/2019,10.97,121.599998,44.790001,14.06,31.459999,22.799999,13.24,357.440002,68.599998,29.940001,36.5,289.970001,55.52,27.16,108.540108,34.060001,27.09,30.450001,35.43,29.66
4/16/2019,11.01,120.510002,44.063999,14.07,31.74,22.66,13.37,357.709991,68.919998,29.99,36.77,290.160004,55.540001,27.040001,108.570107,34.009998,26.93,30.43,35.23,29.66
4/17/2019,10.97,120.279999,43.931,14.05,31.870001,22.09,13.28,355.049988,68.489998,30.040001,36.84,289.450012,55.439999,27.129999,108.330109,34,26.9,30.450001,35.220001,29.67
4/18/2019,10.94,120.370003,43.860001,14.06,32.240002,21.940001,13.32,355.73999,68.370003,30,36.860001,290.019989,55.59,27.129999,108.420105,34.049999,26.969999,30.469999,35.419998,29.68
4/22/2019,11.08,120.370003,43.439999,14.08,33,22.15,13.67,354.600006,68.019997,29.959999,36.68,290.269989,55.57,27.1,108.270111,34.009998,26.9,30.469999,35.23,29.68
4/23/2019,11.17,120.120003,43.07,13.91,33,21.65,13.79,358.950012,69,30.01,36.759998,292.880005,55.599998,27.030001,108.570107,34.080002,26.99,30.48,35.310001,29.690001
4/24/2019,11.16,120.470001,42.549999,14,32.91,21.639999,13.68,360.209991,69.169998,29.76,36.369999,292.230011,55.73,26.709999,108.48011,34.139999,27.17,30.51,35.59,29.73
4/25/2019,11.1,120.57,42.783001,14,32.849998,21.959999,13.53,356,68.440002,29.719999,36.349998,292.049988,55.700001,26.67,108.510109,34.130001,27.16,30.51,35.529999,29.73
4/26/2019,10.78,121.370003,42.950001,14.1,32.259998,22.379999,13.09,359.380005,69.07,29.85,36.41,293.410004,55.779999,26.67,108.750107,34.209999,27.27,30.530001,35.66,29.75
4/29/2019,10.89,120.830002,42.615002,13.99,32.220001,22.469999,13.23,359.76001,69.43,29.959999,36.459999,293.869995,55.759998,26.65,108.750107,34.16,27.120001,30.540001,35.450001,29.74
4/30/2019,10.92,121.199997,42.490002,14.02,32.810001,22.33,13.29,359.100006,69.209999,30,36.459999,294.019989,55.810001,26.709999,108.810112,34.209999,27.190001,30.559999,35.630001,29.76
5/1/2019,10.92,120.400002,42.830002,13.75,32.700001,22.620001,13.22,354.950012,68.599998,29.84,36.25,291.809998,55.759998,26.52,107.940109,34.07,27.110001,30.469999,35.66,29.68
5/2/2019,10.61,119.940002,42.91,13.71,31.99,22.389999,12.82,355.829987,68.800003,29.77,36.290001,291.179993,55.709999,26.389999,108.000107,34.02,26.889999,30.43,35.52,29.67
5/3/2019,10.66,120.650002,42.75,13.96,32.099998,22.190001,12.87,361.019989,70.32,30.040001,36.709999,294.029999,55.75,26.6,108.270111,34.040001,27.030001,30.459999,35.599998,29.67
5/6/2019,10.8,120.809998,42.345001,13.98,31.75,21.91,13.07,360.299988,70.269997,29.74,36,292.820007,55.73,26.469999,108.300003,34.119999,27.139999,30.459999,35.720001,29.68
5/7/2019,10.52,121.209999,42.509998,13.98,30.790001,22,12.73,353.209991,69.010002,29.27,35.349998,287.929993,55.790001,26.290001,107.669998,34.139999,27.15,30.469999,35.970001,29.709999
5/8/2019,10.66,120.910004,42.145,13.89,31.280001,22.559999,12.89,352.119995,68.480003,29.309999,35.32,287.529999,55.830002,26.389999,107.690002,34.09,26.99,30.469999,35.830002,29.700001
5/9/2019,10.61,121.199997,41.16,13.83,31.24,22.42,12.81,351.170013,68.43,29.1,34.849998,286.660004,55.830002,26.35,107.5,34.119999,27.02,30.48,35.950001,29.719999
5/10/2019,10.64,121.43,40.970001,13.84,31.549999,22.709999,12.84,352.440002,68.510002,29.309999,35.029999,288.100006,55.810001,26.469999,107.75,34.119999,27.040001,30.49,35.91,29.719999
5/13/2019,10.52,122.669998,41.389999,13.84,31.01,22.709999,12.68,342.089996,66.470001,28.620001,33.970001,280.859985,55.869999,26.26,106.830002,34.150002,27.08,30.51,36.200001,29.76
5/14/2019,10.72,122.459999,42.727001,13.86,31.32,22.959999,12.87,345.429993,67.190002,28.92,34.459999,283.399994,55.91,26.33,107.059998,34.18,27.059999,30.51,36.080002,29.76
5/15/2019,10.83,122.389999,42.790001,13.85,32.009998,22.559999,12.97,346.51001,67.279999,29.030001,34.43,285.059998,55.98,26.370001,107.139999,34.200001,27.190001,30.52,36.32,29.780001
5/16/2019,10.9,121.510002,43.834999,13.65,32.759998,22.860001,13.14,348.679993,67.540001,29.209999,34.419998,287.700012,56.009998,26.379999,107.43,34.200001,27.17,30.51,36.189999,29.77
5/17/2019,10.84,120.650002,43.458,13.52,32.34,22.75,13.08,344.410004,66.489998,29.02,33.82,285.839996,56.040001,26.120001,107.400002,34.18,27.190001,30.52,36.279999,29.77
5/20/2019,10.9,120.639999,44.389999,13.55,32.040001,23.049999,13.15,341.98999,65.970001,28.93,33.779999,283.950012,55.959999,26.209999,107.330002,34.16,27.110001,30.52,36.189999,29.76
5/21/2019,10.9,120.360001,44.387001,13.53,32.130001,22.67,13.13,346.48999,66.82,29.110001,34.150002,286.51001,55.959999,26.32,107.599998,34.139999,27.110001,30.5,36.139999,29.74
5/22/2019,10.58,120.239998,44.435001,13.54,31.57,21.98,12.74,343.570007,66.169998,28.98,34,285.630005,56.049999,26.309999,107.690002,34.189999,27.18,30.5,36.349998,29.76
5/23/2019,10.07,121.169998,43.955002,13.68,30.48,22.18,12.09,338.059998,64.660004,28.690001,33.560001,282.140015,56.119999,26.299999,107.199997,34.259998,27.190001,30.530001,36.75,29.82
5/24/2019,10.25,121.300003,45.305,13.65,30.950001,22.32,12.23,339.950012,65.260002,29,33.669998,282.779999,56.200001,26.49,107.059998,34.25,27.309999,30.540001,36.779999,29.799999
5/28/2019,10.3,120.830002,46.935001,13.46,31.01,22.120001,12.23,336.119995,64.800003,28.75,33.68,280.149994,56.240002,26.379999,107.019997,34.32,27.370001,30.549999,37.049999,29.83
5/29/2019,10.26,120.870003,46.691002,13.52,30.92,22.440001,12.24,334.25,64.269997,28.57,33.939999,278.269989,56.330002,26.440001,106.720001,34.299999,27.4,30.58,37.139999,29.83
5/30/2019,9.88,121.690002,48.500999,13.6,29.860001,21.92,11.76,333.51001,64.129997,28.690001,34.099998,279.029999,56.349998,26.48,106.919998,34.369999,27.58,30.6,37.450001,29.860001
5/31/2019,9.35,123.330002,47.743999,13.65,28.360001,21.049999,11.1,330.130005,63.23,28.440001,34.23,275.269989,56.470001,26.59,106.150002,34.470001,27.709999,30.65,37.919998,29.92
6/3/2019,9.28,125.110001,47.890999,13.87,27.9,20.59,10.99,332.570007,63.610001,28.610001,34.470001,274.570007,56.459999,26.690001,105.760002,34.459999,27.68,30.620001,38.080002,29.92
6/4/2019,9.4,125.150002,47.654999,13.89,27.75,20.74,11.16,341.019989,65.349998,28.950001,34.549999,280.529999,56.52,26.75,106.720001,34.439999,27.58,30.620001,37.669998,29.9
6/5/2019,9.09,125.470001,46.514999,13.88,27.299999,20.360001,10.77,342.059998,65.129997,28.93,34.32,282.959991,56.610001,26.73,106.989998,34.48,27.540001,30.629999,37.459999,29.92
6/6/2019,9.34,125.879997,47.334999,13.92,27.75,20.01,11.06,343.51001,65.010002,29.049999,34.400002,284.799988,56.669998,26.790001,107.260002,34.490002,27.620001,30.610001,37.560001,29.91
6/7/2019,9.51,126.589996,46.689999,14.06,27.950001,20.049999,11.23,345.160004,65.400002,29.379999,34.619999,287.649994,56.82,26.879999,107.610001,34.560001,27.809999,30.629999,37.889999,29.92
6/10/2019,9.46,125.330002,46.759998,13.78,27.950001,20.200001,11.11,347.160004,65.870003,29.469999,34.93,288.970001,56.709999,27.02,107.75,34.509998,27.709999,30.629999,37.560001,29.9
6/11/2019,9.5,125.18,47.451,13.81,28.24,20.52,11.11,347.410004,65.739998,29.65,35.200001,288.899994,56.73,27.08,107.919998,34.490002,27.74,30.610001,37.59,29.889999
6/12/2019,9.14,125.830002,48.144001,13.84,27.07,20.35,10.64,347.049988,65.57,29.42,34.84,288.390015,56.77,27.07,107.660004,34.540001,27.74,30.639999,37.610001,29.92
6/13/2019,9.3,126.599998,48.904999,13.96,27.74,19.959999,10.88,349.269989,66.32,29.450001,34.91,289.579987,56.84,27.110001,107.879997,34.610001,27.84,30.67,37.740002,29.950001
6/14/2019,9.34,126.559998,49.740002,13.91,27.860001,20.440001,10.94,346.880005,65.760002,29.25,34.580002,289.26001,56.919998,26.99,107.790001,34.59,27.889999,30.66,37.82,29.940001
6/17/2019,9.24,126.480003,50.049999,13.9,27.4,20.299999,10.81,346.959991,65.75,29.27,34.599998,289.369995,56.900002,26.969999,107.639999,34.599998,27.92,30.67,37.880001,29.93
6/18/2019,9.53,127.120003,49.627998,14.05,27.85,19.879999,11.25,350.929993,66.639999,29.65,35.400002,292.399994,57.150002,27.209999,108.309998,34.689999,28.190001,30.66,38.049999,29.940001
6/19/2019,9.57,127.889999,48.889999,14.17,28.17,19.5,11.33,351.970001,66.75,29.83,35.57,293.059998,57.200001,27.52,108.860001,34.82,28.4,30.75,38.099998,29.99
6/20/2019,9.93,131.110001,49.639999,14.45,28.870001,18.799999,11.85,354.309998,67.300003,30.139999,36.119999,295.859985,57.25,27.690001,109.459999,34.860001,28.6,30.76,38.209999,30.01
6/21/2019,10.03,131.979996,48.970001,14.36,29.76,18.690001,11.97,350.709991,66.68,30,35.950001,294,57.18,27.67,109.190002,34.810001,28.5,30.76,37.84,29.99
6/24/2019,10.05,133.940002,49.610001,14.46,29.75,19.59,12.01,347.910004,65.769997,29.49,35.610001,293.640015,57.240002,27.709999,109.080002,34.889999,28.620001,30.77,38.099998,30
6/25/2019,10.06,134.199997,49.375,14.38,30.24,19.469999,12,346.019989,65.440002,29.299999,35.27,290.76001,57.299999,27.68,108.68,34.869999,28.52,30.77,38.23,30.02
6/26/2019,10.26,132.970001,49.32,14.32,31.450001,19.530001,12.29,345.410004,65.480003,29.34,35.580002,290.470001,57.209999,27.709999,108.599998,34.82,28.450001,30.74,37.970001,29.99
6/27/2019,10.26,132.839996,48.919998,14.28,31.290001,19.92,12.29,349.920013,66.75,29.43,35.75,291.5,57.25,27.790001,108.870003,34.900002,28.67,30.780001,38.23,30.01
6/28/2019,10.04,133.199997,47.804001,14.33,30.85,19.889999,12.04,354.589996,67.629997,29.59,35.790001,293,57.299999,27.82,108.940002,34.93,28.75,30.780001,38.16,30
7/1/2019,10.24,130.619995,46.724998,14.18,31.540001,19.450001,12.28,355.279999,67.779999,29.74,36.32,295.660004,57.299999,27.719999,108.419998,34.860001,28.77,30.690001,38.049999,29.940001
7/2/2019,9.84,133.410004,46.544998,14.29,30.700001,19.26,11.7,354.359985,67.379997,29.83,36.169998,296.429993,57.41,27.76,108.629997,34.91,28.879999,30.73,38.310001,29.950001
7/3/2019,9.94,133.630005,47.612,14.32,31.290001,19.58,11.77,357.570007,67.809998,29.98,36.259998,298.799988,57.630001,27.82,109.010002,34.950001,29.08,30.700001,38.560001,29.959999
7/5/2019,10.07,132.139999,47.59,14.06,31.530001,20.68,11.95,357.890015,68.07,29.77,36.009998,298.459991,57.560001,27.709999,108.610001,34.799999,28.709999,30.68,38.110001,29.9
7/8/2019,10.05,131.289993,47.549999,14.05,31.07,20.629999,11.93,354.5,67.339996,29.58,35.82,296.820007,57.560001,27.700001,108.43,34.759998,28.700001,30.66,38.150002,29.879999
7/9/2019,10.14,131.75,47.155998,14.14,31.58,20.780001,12.04,354.570007,67.220001,29.469999,35.77,297.190002,57.540001,27.709999,108.290001,34.740002,28.66,30.67,38.139999,29.879999
7/10/2019,10.48,133.830002,47.529999,14.26,32.849998,21.040001,12.53,354.200012,67.360001,29.549999,35.939999,298.609985,57.43,27.85,108.599998,34.799999,28.549999,30.700001,37.93,29.93
7/11/2019,10.49,132.699997,48.43,14.17,32.630001,20.67,12.55,353.399994,67.059998,29.549999,35.880001,299.309998,57.32,27.83,108.389999,34.73,28.360001,30.690001,37.43,29.92
7/12/2019,10.47,133.529999,49.290001,14.26,32.330002,21.09,12.52,357.079987,67.68,29.58,35.93,300.649994,57.220001,27.879999,108.480003,34.740002,28.370001,30.700001,37.48,29.92
7/15/2019,10.29,133.529999,48.115002,14.42,31.49,20.68,12.3,355.23999,67.269997,29.620001,36.040001,300.75,57.400002,27.950001,108.629997,34.790001,28.459999,30.709999,37.700001,29.93
7/16/2019,10.13,132.399994,47.557999,14.54,31.200001,19.969999,12.07,355.459991,67.370003,29.48,36.029999,299.779999,57.43,27.84,108.379997,34.75,28.360001,30.700001,37.580002,29.92
7/17/2019,9.93,134.580002,47.314999,14.94,30.790001,19.870001,11.75,352.730011,66.849998,29.440001,35.939999,297.73999,57.549999,27.85,108.339996,34.82,28.620001,30.709999,37.98,29.940001
7/18/2019,9.78,136.479996,46.701,15.29,30.23,19.68,11.56,353.859985,66.93,29.540001,36.119999,298.829987,57.700001,28.15,108.32,34.900002,28.639999,30.76,37.990002,29.98
7/19/2019,9.91,134.470001,47.509998,15.17,30.4,19.41,11.67,352.76001,66.800003,29.450001,35.93,297.170013,57.68,28.02,108.110001,34.849998,28.6,30.73,37.91,29.950001
7/22/2019,9.92,134.449997,46.512001,15.35,30.17,19.889999,11.68,352.549988,66.639999,29.52,35.889999,297.899994,57.700001,28.120001,108.470001,34.900002,28.709999,30.74,37.959999,29.950001
7/23/2019,10.03,133.690002,46.615002,15.34,30.549999,19.709999,11.81,356.380005,67.269997,29.68,35.900002,300.029999,57.75,28,108.669998,34.900002,28.719999,30.75,37.77,29.940001
7/24/2019,9.85,134.369995,46.789001,15.52,30.34,19.200001,11.59,361.470001,68.43,29.68,35.91,301.440002,57.849998,28.02,108.739998,34.93,28.860001,30.75,37.919998,29.93
7/25/2019,9.88,133.419998,46.533001,15.36,30.6,19.26,11.6,357.869995,67.699997,29.41,35.759998,300,57.849998,27.969999,108.660004,34.860001,28.75,30.719999,37.740002,29.93
7/26/2019,9.94,133.639999,46.230999,15.31,30.66,18.780001,11.65,361.369995,68.389999,29.5,35.810001,302.01001,57.830002,28,108.900002,34.880001,28.76,30.74,37.84,29.92
7/29/2019,10.03,134.529999,46.546001,15.4,30.559999,18.4,11.82,359.630005,68.019997,29.5,35.799999,301.459991,57.919998,27.950001,108.760002,34.900002,28.83,30.76,37.84,29.940001
7/30/2019,10.21,134.979996,46.029999,15.5,31.040001,18.540001,12.08,362.01001,68.760002,29.200001,35.439999,300.720001,57.889999,27.950001,108.779999,34.900002,28.77,30.74,37.939999,29.940001
7/31/2019,10.17,133.210007,45.014999,15.21,31.059999,19.440001,12.04,357.920013,68.43,29,35.16,297.429993,57.959999,27.82,108.589996,34.880001,28.91,30.73,38.23,29.91
8/1/2019,9.57,136.410004,44.314999,15.34,29.6,18.85,11.31,352.399994,67.309998,28.91,34.5,294.839996,58.049999,27.559999,108.099998,34.990002,29.17,30.76,38.869999,29.959999
8/2/2019,9.69,135.889999,44.875,15.19,29.75,18.6,11.48,348.73999,66.610001,28.639999,34.130001,292.619995,58.169998,27.48,107.889999,34.990002,29.299999,30.75,39.220001,29.959999
8/5/2019,9.58,137.789993,45.198002,15.33,28.9,18.1,11.37,338.859985,64.699997,27.950001,33.040001,283.820007,58.27,27.280001,106.709999,35.07,29.280001,30.82,39.889999,30.040001
8/6/2019,9.41,138.910004,44.904999,15.38,28.379999,18.290001,11.14,343.140015,65.410004,28.110001,33.43,287.799988,58.360001,27.440001,107.370003,35.119999,29.540001,30.790001,40.189999,30.040001
8/7/2019,9.12,141.020004,45.27,15.97,27.73,18.129999,10.84,343.779999,65.489998,28.27,33.619999,287.970001,58.599998,27.440001,107.389999,35.119999,29.58,30.799999,40.23,30.040001
8/8/2019,9.17,141.729996,45.75,15.89,27.73,18.43,10.96,351.179993,66.970001,28.549999,34.029999,293.619995,58.41,27.719999,107.709999,35.119999,29.68,30.77,40.299999,30.040001
8/9/2019,9.37,141.259995,45.880001,15.89,27.959999,18.440001,11.28,346.420013,66.150002,28.41,33.720001,291.619995,58.459999,27.629999,107.599998,35.07,29.58,30.77,40.220001,30.02
8/12/2019,9.44,142.630005,43.625,15.98,27.969999,18.34,11.36,341.309998,65.410004,28.120001,33.360001,288.070007,58.52,27.469999,107.32,35.150002,29.870001,30.790001,41.040001,30.049999
8/13/2019,9.88,141.779999,43.23,15.87,29.190001,18.690001,11.87,345.369995,66.059998,28.4,33.66,292.549988,58.669998,27.57,107.690002,35.080002,29.860001,30.75,40.900002,30.01
8/14/2019,9.53,142.75,42.919998,16.08,28.049999,18.719999,11.44,335,64.139999,27.629999,32.709999,283.899994,58.799999,27.24,106.760002,35.16,30.120001,30.76,41.799999,30.059999
8/15/2019,9.38,143.699997,42.775002,16.129999,27.629999,19.280001,11.35,334.51001,63.900002,27.719999,33,284.649994,59.169998,27.43,107.139999,35.279999,30.27,30.83,42.259998,30.110001
8/16/2019,9.41,142.779999,43.362,16.02,27.540001,19.1,11.4,341.679993,65.339996,28,33.34,288.850006,59.080002,27.52,107.480003,35.25,30.26,30.84,41.900002,30.1
8/19/2019,9.57,141.110001,42.77,15.79,28.059999,19.1,11.66,344.859985,66.029999,28.15,33.509998,292.329987,58.900002,27.379999,107.839996,35.240002,30.09,30.84,41.360001,30.07
8/20/2019,9.59,142.210007,42.463001,16.049999,28.280001,19.24,11.63,342.149994,65.400002,28.07,33.5,290.089996,58.98,27.469999,107.889999,35.310001,30.35,30.85,41.75,30.1
8/21/2019,9.64,141.759995,42.645,16.049999,28.65,18.9,11.61,344.089996,65.919998,28.299999,33.759998,292.450012,58.889999,27.51,108.360001,35.349998,30.450001,30.84,41.5,30.07
8/22/2019,9.57,141.399994,42.650002,15.97,28.299999,18.719999,11.53,344.359985,65.779999,28.219999,33.41,292.359985,58.779999,27.41,108.57,35.310001,30.24,30.84,41.23,30.049999
8/23/2019,9.32,144.169998,42.352001,16.35,27.889999,18.700001,11.19,334.980011,63.709999,27.860001,32.869999,284.850006,58.889999,27.309999,108.019997,35.380001,30.440001,30.870001,41.869999,30.110001
8/26/2019,9.28,144.190002,42.544998,16.52,27.780001,19.309999,11.18,338.01001,64.410004,28.1,33.169998,288,58.880001,27.24,108.57,35.380001,30.42,30.879999,41.73,30.1
8/27/2019,9.51,145.570007,42.375,17.030001,28.16,19.059999,11.42,334.130005,63.599998,28.08,33.18,286.869995,59.060001,27.1,108.550003,35.450001,30.67,30.889999,42.330002,30.110001
8/28/2019,9.64,145.160004,42.724998,17.17,28.860001,19.35,11.64,337.320007,64.349998,28.09,33.220001,288.890015,59.169998,27.049999,108.82,35.459999,30.709999,30.889999,42.380001,30.110001
8/29/2019,9.71,144.119995,42.654999,17.07,28.85,19.83,11.78,342.5,65.410004,28.33,33.599998,292.579987,59.16,27.129999,108.93,35.43,30.629999,30.870001,42.23,30.1
8/30/2019,9.45,143.75,42.380001,17.15,27.950001,19.77,11.46,343.140015,65.260002,28.450001,33.830002,292.450012,59.130001,27.129999,108.809998,35.41,30.549999,30.879999,42.279999,30.110001
9/3/2019,9.31,145.75,41.794998,17.889999,26.93,20.309999,11.22,339.029999,64.419998,28.35,33.630001,290.73999,59.220001,26.959999,108,35.360001,30.450001,30.82,42.220001,30.08
9/4/2019,9.73,146.660004,41.919998,18.34,28.09,21.110001,11.71,343.170013,65.019997,28.719999,34.139999,294.040009,59.029999,27.33,108.25,35.450001,30.469999,30.85,42.25,30.1
9/5/2019,9.72,143.139999,41.924999,17.41,28.33,21.139999,11.7,349.100006,66.290001,28.940001,34.490002,297.820007,58.810001,27.25,108.639999,35.310001,30.139999,30.799999,41.560001,30.040001
9/6/2019,9.79,141.919998,41.597,16.870001,28.82,21.58,11.77,348.820007,66.169998,29.02,34.610001,298.049988,58.880001,27.41,108.830002,35.330002,30.309999,30.82,41.799999,30.040001
9/9/2019,9.99,141.389999,41.794998,16.83,29.15,22.48,12.08,351.690002,67.080002,29.1,34.68,298.200012,58.73,27.309999,108.949997,35.240002,29.969999,30.809999,41.080002,30.02
9/10/2019,9.92,140.179993,42.603001,16.85,29.139999,22.4,11.98,353.75,67.889999,29.16,34.669998,298.130005,58.470001,27.280001,108.900002,35.110001,29.57,30.75,40.400002,29.959999
9/11/2019,9.71,141.029999,42.244999,16.950001,28.92,22.1,11.68,358.480011,69.309998,29.35,34.959999,300.25,58.549999,27.309999,108.900002,35.09,29.549999,30.75,40.32,29.969999
9/12/2019,9.56,141.320007,43.285,16.92,28.540001,22.299999,11.47,358.290009,69.360001,29.51,35.240002,301.290009,58.5,27.52,108.940002,35.02,29.48,30.74,40.09,29.950001
9/13/2019,9.54,140.149994,43.382999,16.309999,28.51,22.73,11.44,358.51001,69.470001,29.66,35.360001,301.089996,58.16,27.450001,108.760002,34.900002,29.049999,30.690001,39.220001,29.889999
9/16/2019,10.36,141.320007,43.717999,16.74,31.51,23.27,12.83,358.920013,69.68,29.450001,35.150002,300.160004,58.32,27.32,109.110001,35,29.27,30.74,39.709999,29.93
9/17/2019,10,141.600006,43.326,16.860001,30.51,23.030001,12.29,357.630005,69.529999,29.559999,35.130001,300.920013,58.360001,27.370001,109.190002,35.009998,29.4,30.76,39.939999,29.940001
9/18/2019,9.93,140.710007,43.514999,16.549999,30.219999,22.76,12.1,356.779999,69.059998,29.5,35.02,301.100006,58.549999,27.35,109.150002,35.07,29.559999,30.74,40.09,29.940001
9/19/2019,10.04,141.279999,43.560001,16.620001,30.83,22.07,12.19,356.109985,68.690002,29.620001,34.779999,301.079987,58.529999,27.290001,109.019997,35.080002,29.6,30.780001,40.220001,29.940001
9/20/2019,10.06,142.949997,43.23,16.799999,30.67,21.91,12.2,353.529999,68.440002,29.549999,34.900002,298.279999,58.66,27.23,109.150002,35.18,29.969999,30.790001,40.700001,29.969999
9/23/2019,10.09,143.75,43.389999,17.51,30.700001,21.91,12.21,354.399994,68.309998,29.5,35,298.209991,58.84,27.25,109.110001,35.220001,29.959999,30.82,40.740002,29.99
9/24/2019,9.82,144.509995,43.389999,17.440001,29.969999,21.59,11.9,350.359985,67.440002,29.4,34.66,295.869995,58.93,27.32,108.989998,35.279999,30.129999,30.83,41.240002,30.02
9/25/2019,9.77,141.830002,43.355,16.709999,29.700001,21.549999,11.8,354.450012,68.290001,29.33,34.709999,297.619995,58.84,27.24,108.919998,35.16,29.84,30.82,40.610001,29.98
9/26/2019,9.78,141.789993,43.419998,16.67,30.030001,20.950001,11.8,352.329987,67.599998,29.41,34.639999,297,58.849998,27.209999,108.830002,35.23,29.92,30.809999,40.880001,29.99
9/27/2019,9.69,141.059998,43.330002,16.360001,29.790001,20.540001,11.66,349.920013,67.18,29.26,34.299999,295.399994,58.880001,27.15,108.68,35.240002,29.950001,30.84,40.959999,30.01
9/30/2019,9.46,138.869995,44.57,15.92,29.18,19.93,11.34,352.470001,67.209999,29.360001,34.279999,296.769989,58.830002,27.209999,108.739998,35.279999,30.09,30.85,41.029999,30.02
10/1/2019,9.35,139.630005,44.955002,16.15,29.27,19.65,11.19,345.75,65.949997,29.1,34.09,293.23999,58.68,27.030001,108,35.25,30.040001,30.82,41.130001,30.01
10/2/2019,9.2,141.259995,44.555,16.43,28.700001,19.360001,10.98,341.230011,65.260002,28.52,33.869999,288.059998,58.68,27.129999,107.400002,35.290001,29.98,30.83,41.23,30.049999
10/3/2019,9.17,141.899994,44.549999,16.43,28.85,20,10.93,343.26001,65.349998,28.709999,34.27,290.420013,58.900002,27.32,107.339996,35.389999,30.08,30.879999,41.610001,30.1
10/4/2019,9.29,141.899994,44.549999,16.41,29.18,20.1,11.04,346.519989,66.059998,28.959999,34.41,294.350006,58.91,27.48,107.690002,35.419998,30.34,30.889999,41.869999,30.09
10/7/2019,9.31,140.690002,44.605,16.299999,29.219999,19.73,11.04,344.869995,65.879997,28.91,34.119999,293.079987,58.759998,27.299999,107.639999,35.349998,30.1,30.879999,41.529999,30.049999
10/8/2019,9.22,141.919998,45.255001,16.610001,29.23,19.620001,10.89,338.730011,64.800003,28.6,33.84,288.529999,58.82,27.280001,107.209999,35.380001,30.040001,30.879999,41.669998,30.08
10/9/2019,9.29,142.050003,45.275002,16.6,29.41,19.17,10.99,341.019989,65.07,28.84,34.09,291.269989,58.810001,27.34,107.419998,35.330002,30.02,30.860001,41.389999,30.059999
10/10/2019,9.47,140.809998,44.435001,16.370001,30,18.879999,11.19,343.140015,65.190002,29.040001,34.459999,293.23999,58.540001,27.379999,107.690002,35.259998,29.74,30.860001,40.810001,30.040001
10/11/2019,9.68,140.029999,45.852001,16.370001,30.459999,19.030001,11.42,349.029999,66.449997,29.49,34.91,296.279999,58.32,27.469999,108.080002,35.16,29.690001,30.799999,40.34,29.99
10/14/2019,9.52,140.589996,46.044998,16.49,29.950001,19.57,11.18,347.570007,66.18,29.41,34.790001,295.950012,58.459999,27.389999,108.199997,35.240002,29.84,30.83,40.619999,30.040001
10/15/2019,9.4,139.610001,45.599998,16.27,30.07,20.030001,11.06,350.309998,66.940002,29.73,35.09,298.880005,58.349998,27.360001,108.379997,35.16,29.68,30.809999,40.139999,29.99
10/16/2019,9.48,140.410004,45.59,16.26,30.139999,19.639999,11.14,350.01001,67.089996,29.76,35.18,298.399994,58.240002,27.35,108.349998,35.23,29.700001,30.82,40.169998,30.02
10/17/2019,9.57,140.610001,45.985001,16.4,30.129999,19.860001,11.28,352.899994,67.82,29.83,35.349998,299.279999,58.380001,27.440001,108.459999,35.220001,29.719999,30.85,40.080002,30.01
10/18/2019,9.5,140.460007,46.043999,16.41,30,20.07,11.22,352.619995,67.510002,29.799999,35.240002,297.970001,58.27,27.549999,108.470001,35.259998,29.799999,30.860001,40.080002,30.030001
10/21/2019,9.5,139.789993,45.626999,16.41,29.83,19.41,11.21,354.559998,68.07,30,35.459999,299.98999,58.150002,27.5,108.529999,35.209999,29.690001,30.85,39.77,30.01
10/22/2019,9.63,140.199997,45.625999,16.370001,29.91,19.370001,11.34,354.48999,68.239998,29.940001,35.540001,299.01001,58.290001,27.620001,108.559998,35.25,29.77,30.84,40.009998,30.02
10/23/2019,9.88,140.529999,45.735001,16.389999,30.75,19.23,11.65,354.859985,68.5,30.059999,35.48,299.880005,58.330002,27.700001,108.660004,35.25,29.83,30.85,40.060001,30.02
10/24/2019,9.95,141.529999,45.529999,16.65,31,19.5,11.73,354.940002,68.360001,30.120001,35.599998,300.369995,58.400002,27.690001,108.75,35.290001,29.879999,30.870001,39.990002,30.030001
10/25/2019,10.02,141.860001,45.349998,16.889999,31.139999,19.48,11.83,356.75,68.75,30.15,35.830002,301.600006,58.27,27.74,108.860001,35.240002,29.809999,30.85,39.790001,30
10/28/2019,9.88,140.639999,45.130001,16.68,31.23,20.26,11.65,358.880005,69.400002,30.290001,35.970001,303.299988,58.119999,27.790001,108.940002,35.200001,29.700001,30.84,39.459999,29.99
10/29/2019,9.85,140.25,45.130001,16.65,31.33,20.74,11.58,359.829987,69.660004,30.25,35.82,303.209991,58.16,27.719999,108.699997,35.189999,29.58,30.83,39.490002,30
10/30/2019,9.7,141.020004,45.271,16.73,30.74,21.25,11.47,358.790009,69.309998,30.389999,35.98,304.140015,58.279999,27.77,108.559998,35.23,29.76,30.870001,40.040001,30.02
10/31/2019,9.58,142.429993,45.231998,16.92,30.42,20.809999,11.3,356.230011,68.550003,30.299999,35.689999,303.329987,58.490002,27.76,108.190002,35.369999,30.030001,30.889999,40.540001,30.07
11/1/2019,9.92,142.559998,45.395,16.92,31.540001,21.35,11.69,361.350006,69.639999,30.559999,36.200001,306.140015,58.32,27.77,108.239998,35.290001,29.969999,30.809999,40.349998,29.99
11/4/2019,10.01,142.149994,45.119999,16.85,31.77,22.27,11.81,363.350006,70.269997,30.74,36.48,307.369995,58.169998,27.690001,108.410004,35.209999,29.73,30.799999,39.830002,29.98
11/5/2019,10.09,139.850006,45.095001,16.440001,31.889999,22.690001,11.93,364.230011,70.32,30.719999,36.68,307.029999,58.07,27.74,108.32,35.099998,29.49,30.790001,39.41,29.959999
11/6/2019,9.96,140.449997,44.884998,16.469999,31.030001,22.35,11.81,362.700012,69.980003,30.709999,36.580002,307.100006,58.119999,27.65,108.150002,35.209999,29.690001,30.809999,39.619999,29.98
11/7/2019,10.02,138.270004,44.759998,16,31.18,22.049999,11.88,363.170013,70.160004,30.799999,36.84,308.179993,57.810001,27.540001,108.129997,35.110001,29.389999,30.780001,38.950001,29.940001
11/8/2019,10.12,137.389999,44.674,15.7,31.17,22.049999,11.99,364.220001,70.279999,30.76,36.490002,308.940002,57.82,27.49,108.199997,35.060001,29.299999,30.799999,38.759998,29.93
11/11/2019,10.05,137.059998,44.235001,15.75,30.75,20.83,11.89,363.480011,69.989998,30.75,36.310001,308.350006,57.82,27.459999,108.110001,35.07,29.33,30.790001,38.810001,29.940001
11/12/2019,10.06,137.429993,44.674999,15.72,30.77,20.73,11.87,362.850006,70.029999,30.75,35.950001,309,57.82,27.290001,108.150002,35.09,29.360001,30.809999,38.970001,29.950001
11/13/2019,10.13,137.979996,44.375,15.83,31.27,21.059999,11.96,362.130005,69.629997,30.65,35.799999,309.100006,57.950001,27.219999,108.029999,35.139999,29.459999,30.83,39.189999,29.969999
11/14/2019,10.07,138.559998,44.365002,15.9,30.91,20.83,11.91,362.98999,69.529999,30.6,35.759998,309.549988,58.07,27.24,107.959999,35.209999,29.709999,30.84,39.610001,30
11/15/2019,10.2,138.210007,44.365002,15.85,31.16,21.030001,12.08,364.809998,69.82,30.790001,36.029999,311.790009,58.049999,27.370001,108.190002,35.18,29.700001,30.84,39.540001,29.99
11/18/2019,10.05,138.619995,43.904999,15.92,30.84,20.1,11.9,364.190002,69.589996,30.809999,35.939999,312.019989,58.029999,27.360001,108.089996,35.220001,29.780001,30.84,39.650002,30
11/19/2019,9.79,138.690002,44.165001,16.02,30.540001,19.75,11.57,364.970001,69.690002,30.77,36.09,311.929993,58.080002,27.33,107.739998,35.25,29.92,30.85,39.950001,30
11/20/2019,10.07,138.759995,44.165001,16.040001,31.549999,20.059999,11.9,363.820007,69.260002,30.59,36.02,310.769989,58.18,27.290001,107.57,35.290001,30.040001,30.870001,40.400002,30.02
11/21/2019,10.3,138,43.825001,15.99,32.32,20.18,12.2,361.230011,68.910004,30.559999,36.049999,310.269989,58.09,27.280001,107.57,35.240002,29.889999,30.85,40.139999,30.01
11/22/2019,10.24,137.740005,43.825001,15.9,31.969999,20.73,12.11,362.109985,69.129997,30.629999,35.98,310.959991,58.169998,27.26,107.919998,35.259998,29.99,30.84,40.139999,29.99
11/25/2019,10.24,137.080002,44.205002,15.78,31.98,19.83,12.11,366.609985,70.839996,30.860001,36.240002,313.369995,58.18,27.209999,108.220001,35.299999,30.15,30.85,40.27,30
11/26/2019,10.33,137.740005,43.935001,15.99,32.52,19.440001,12.19,367.980011,70.790001,30.879999,36.130001,314.079987,58.259998,27.200001,108.389999,35.32,30.280001,30.85,40.5,30.01
11/27/2019,10.29,137.009995,43.595001,15.84,32.080002,19.200001,12.14,370.51001,71.099998,30.93,36.23,315.480011,58.259998,27.139999,108.550003,35.330002,30.299999,30.85,40.369999,29.98
11/29/2019,9.85,137.860001,44.119999,15.92,30.65,17.83,11.62,366.640015,70.629997,30.719999,35.830002,314.309998,58.16,27.17,108.339996,35.330002,30.219999,30.85,40.279999,29.99
12/2/2019,9.92,137.789993,43.994999,15.8,30.049999,17.959999,11.67,364.149994,69.830002,30.530001,35.77,311.640015,57.959999,27.07,107.760002,35.18,29.85,30.780001,39.73,29.950001
12/3/2019,9.98,139.110001,43.800999,16.049999,30.01,18.68,11.76,362.089996,69.529999,30.440001,35.639999,309.549988,58.139999,27.09,107.669998,35.330002,30.24,30.83,40.5,29.99
12/4/2019,10.33,138.919998,43.790001,15.76,30.690001,18.51,12.19,365.079987,70.110001,30.700001,35.959999,311.459991,58.060001,27.15,108.010002,35.279999,30.139999,30.84,40.110001,29.959999
12/5/2019,10.34,139,43.764999,15.85,31.02,18.52,12.19,365.609985,70.290001,30.65,36.099998,312.019989,57.900002,27.23,108.110001,35.259998,30.1,30.799999,39.959999,29.959999
12/6/2019,10.43,137.619995,43.77,15.48,31.42,18.030001,12.32,369.209991,71.279999,30.940001,36.32,314.869995,57.93,27.27,108.260002,35.209999,30.1,30.799999,39.720001,29.950001
12/9/2019,10.43,137.580002,43.849998,15.5,31.610001,17.299999,12.33,367.51001,71.139999,30.799999,36.189999,313.880005,57.990002,27.32,108.279999,35.25,30.1,30.790001,39.799999,29.950001
12/10/2019,10.49,137.970001,43.970001,15.57,31.66,17.370001,12.39,367.299988,71.029999,30.82,36.279999,313.529999,58,27.32,108.559998,35.209999,30.08,30.799999,39.82,29.940001
12/11/2019,10.4,138.919998,43.549999,15.75,31.200001,17.219999,12.3,367.899994,71.110001,30.98,36.709999,314.420013,58.099998,27.48,108.800003,35.279999,30.280001,30.799999,40.099998,29.959999
12/12/2019,10.49,138.429993,44.196999,15.85,31.290001,17.92,12.37,371.859985,71.839996,31.209999,37.259998,317.130005,57.959999,27.559999,109.07,35.189999,30.09,30.780001,39.459999,29.93
12/13/2019,10.56,139.050003,44.52,15.84,31.709999,17.68,12.49,369.839996,71.400002,31.360001,37.209999,317.320007,58.099998,27.620001,109.169998,35.310001,30.35,30.83,39.93,29.969999
12/16/2019,10.67,139.039993,45.439999,15.91,31.83,18.030001,12.59,372.089996,71.809998,31.66,37.509998,319.5,58.07,27.73,109.419998,35.290001,30.25,30.809999,39.57,29.950001
12/17/2019,10.76,139.009995,45.744999,15.88,32.209999,17.790001,12.72,373.380005,72.360001,31.58,37.75,319.570007,58.09,27.690001,109.75,35.27,30.219999,30.83,39.509998,29.959999
12/18/2019,10.79,139.020004,45.490002,15.9,32.310001,17.530001,12.74,373.549988,72.629997,31.530001,37.970001,319.589996,58.040001,27.68,109.949997,35.259998,30.1,30.83,39.200001,29.959999
12/19/2019,10.83,139.380005,45.375,15.94,32.66,17.6,12.78,375.190002,72.75,31.52,37.970001,320.899994,57.919998,27.709999,109.949997,35.299999,30.200001,30.85,39.259998,29.969999
12/20/2019,10.72,139.520004,45.445,16.040001,32.540001,17.84,12.63,375.559998,72.82,31.6,38.029999,320.730011,57.970001,27.59,109.279999,35.209999,30.139999,30.77,39.240002,29.92
12/23/2019,10.62,139.949997,45.48,16.280001,32.75,17.17,12.7,375.23999,72.550003,31.23,37.32,321.220001,56.639999,27.6,109.339996,35.200001,30.129999,30.77,39.16,29.91
12/24/2019,10.66,141.270004,45.549,16.58,32.950001,17.02,12.77,375.26001,72.720001,31.219999,37.360001,321.230011,56.669998,27.66,109.43,35.23,30.18,30.780001,39.290001,29.92
12/26/2019,10.76,142.380005,45.790001,16.73,33.48,17.49,12.89,376.089996,72.709999,31.34,37.59,322.940002,56.709999,27.74,109.599998,35.25,30.25,30.790001,39.389999,29.92
12/27/2019,10.77,142.330002,45.965,16.58,33.279999,17.34,12.91,375.359985,72.309998,31.42,37.66,322.859985,56.709999,27.790001,109.550003,35.310001,30.309999,30.809999,39.419998,29.950001
12/30/2019,10.76,142.630005,46.014999,16.74,32.98,16.9,12.89,375.01001,72.290001,31.200001,37.509998,321.079987,56.599998,27.84,109.459999,35.32,30.299999,30.809999,39.310001,29.950001
12/31/2019,10.67,142.899994,46.150002,16.68,32.360001,16.860001,12.81,375.380005,72.449997,31.35,37.59,321.859985,56.580002,27.91,109.540001,35.310001,30.110001,30.84,38.869999,29.959999
1/2/2020,10.69,143.949997,46.375,16.809999,32.529999,16.469999,12.81,375.929993,72.510002,31.6,38.369999,324.869995,56.73,27.940001,109.980003,35.310001,30.25,30.84,39.349998,29.969999
1/3/2020,11.01,145.860001,45.75,16.84,33.439999,16.389999,13.18,373.970001,72.5,31.25,37.740002,322.410004,56.889999,27.85,109.900002,35.41,30.389999,30.860001,39.93,30
1/6/2020,10.99,147.389999,45.68,16.940001,33.330002,16.59,13.16,373.959991,72.360001,31.379999,37.66,323.640015,56.849998,27.809999,109.830002,35.389999,30.290001,30.860001,39.709999,29.98
1/7/2020,10.96,147.970001,45.618999,17.17,32.860001,16.620001,13.13,372.929993,72.019997,31.290001,37.610001,322.730011,56.810001,27.780001,109.75,35.369999,30.1,30.84,39.540001,29.99
1/8/2020,10.56,146.860001,45.84,16.93,31.91,16.629999,12.66,373.600006,72.220001,31.34,37.75,324.450012,56.700001,27.85,109.839996,35.330002,30.030001,30.85,39.27,29.959999
1/9/2020,10.46,146.029999,45.900002,16.719999,31.65,16.67,12.49,374.679993,72.139999,31.43,38.040001,326.649994,56.709999,27.860001,110.089996,35.380001,30.25,30.860001,39.389999,29.98
1/10/2020,10.38,146.910004,46.095001,16.889999,31.73,17.040001,12.41,373.529999,71.75,31.35,38.150002,325.709991,56.810001,27.9,110.129997,35.400002,30.43,30.870001,39.73,29.98
1/13/2020,10.21,145.820007,46.084999,16.780001,31.719999,16.940001,12.2,376.429993,72.379997,31.540001,38.650002,327.950012,56.689999,27.91,110.169998,35.400002,30.280001,30.860001,39.619999,29.98
1/14/2020,10.26,145.690002,46.294998,16.620001,31.68,16.85,12.28,377.519989,72.639999,31.57,38.450001,327.450012,56.720001,27.92,110.120003,35.400002,30.34,30.860001,39.810001,29.98
1/15/2020,10.18,146.539993,46.043999,16.809999,31.469999,16.43,12.18,378.029999,72.879997,31.530001,38.200001,328.190002,56.84,27.91,110.169998,35.439999,30.52,30.85,40.09,29.99
1/16/2020,10.27,146.309998,45.259998,16.77,31.67,16.08,12.29,382.23999,73.900002,31.690001,38.43,330.920013,56.84,27.879999,110.239998,35.450001,30.5,30.879999,39.939999,29.99
1/17/2020,10.32,146.580002,46.070999,16.82,31.43,15.54,12.33,381.450012,73.830002,31.780001,38.57,331.950012,56.810001,27.9,110.169998,35.43,30.540001,30.860001,39.639999,29.98
1/21/2020,10.23,146.740005,46.064999,16.639999,31.27,14.87,12.24,379.339996,73.139999,31.540001,37.650002,331.299988,56.939999,27.799999,109.910004,35.52,30.76,30.91,40.049999,30.02
1/22/2020,9.96,146.789993,45.900002,16.66,30.219999,14.91,11.9,379.070007,73.059998,31.6,37.869999,331.339996,57,27.91,110.080002,35.549999,30.85,30.91,40.189999,30.02
1/23/2020,9.76,147.119995,46.051998,16.610001,29.799999,14.94,11.66,379.920013,73.260002,31.540001,37.619999,331.720001,57.169998,27.84,109.730003,35.57,30.879999,30.93,40.439999,30.040001
1/24/2020,9.56,147.979996,45.462002,16.91,29.030001,14.61,11.43,375.899994,72.18,31.379999,37.310001,328.769989,57.259998,27.889999,109.300003,35.580002,30.969999,30.93,40.779999,30.049999
