DATES,USGG2YR_Index,USGG10YR_Index,USGG30YR_Index,VIX_Index,MOVE_Index,AAIIBULL_Index,AAIIBEAR_Index,SPX_Index_14DRSI,SPX_Index_30DRSI,TED_G_Index,BAA10YB_Index
9/2/1998,4.929,5.068,5.333,36.76,105.16,23,45,30.84,38.46,70.375,170.2
9/3/1998,4.904,5.028,5.303,41.43,104.88,23,40,29.75,37.65,75.575,174.2
9/4/1998,4.902,5.013,5.288,43.31,102.65,23,40,28.63,36.84,73.775,175.7
9/7/1998,4.902,5.011,5.284,43.31,102.65,23,40,28.63,36.84,73.875,175.9
9/8/1998,4.918,5.061,5.363,37.9,90.66,23,40,42.39,44.2,72.875,170.9
9/9/1998,4.759,4.921,5.262,39.66,94.23,23,40,39.53,42.42,72.694,184.9
9/10/1998,4.6,4.781,5.204,45.29,109.19,29,40,35.63,39.92,78.75,198.9
9/11/1998,4.69,4.83,5.229,43.74,120.14,29,40,42.42,43.73,64.3,194
9/14/1998,4.698,4.857,5.23,38.57,110.04,29,40,46.75,46.26,66.5,191.3
9/15/1998,4.731,4.887,5.26,36.58,116.1,29,40,48.36,47.21,71.3,188.3
9/16/1998,4.738,4.871,5.221,35.94,109.74,29,40,49.96,48.13,78.6,189.9
9/17/1998,4.662,4.776,5.179,39.23,120.18,34,31,44.86,45.33,82.8,199.4
9/18/1998,4.609,4.695,5.147,38.63,127.03,34,31,45.14,45.48,89.2,207.5
9/21/1998,4.634,4.674,5.125,38.58,122.71,34,31,46.04,45.96,84.1,209.6
9/22/1998,4.642,4.709,5.152,36.62,117.4,34,31,47.46,46.69,70.3,206.1
9/23/1998,4.564,4.668,5.168,32.47,118.09,34,31,55.44,51.05,81.7,210.2
9/24/1998,4.434,4.63,5.164,34.66,122.12,34,28,50.18,48.43,84.85,214
9/25/1998,4.397,4.56,5.109,34.55,128.16,34,28,50.62,48.66,81.85,221
9/28/1998,4.43,4.589,5.141,34.87,124.81,34,28,51.51,49.13,88.15,218.1
9/29/1998,4.446,4.566,5.094,36.08,113.56,34,28,51.59,49.17,91.95,220.4
9/30/1998,4.273,4.42,4.978,40.95,124.22,34,28,44.09,45.55,95.15,185
10/1/1998,4.15,4.298,4.882,43.48,141.17,32,33,38.35,42.46,107.65,197.2
10/2/1998,4.165,4.28,4.84,40.47,136.03,32,33,42.61,44.52,111.85,199
10/5/1998,4.024,4.162,4.716,42.81,144.74,32,33,40.03,43.13,120.25,210.8
10/6/1998,4.073,4.197,4.735,41.2,141.68,32,33,39.31,42.74,116.531,207.3
10/7/1998,4.138,4.401,4.86,43.51,157.12,32,33,36.8,41.39,124.809,186.9
10/8/1998,4.129,4.56,4.999,45.74,195,25,32,34.86,40.32,144.875,171
10/9/1998,4.194,4.784,5.115,42.2,186,25,32,42.14,43.66,145.075,148.6
10/12/1998,4.185,4.78,5.117,40.07,179.12,25,32,45.64,45.35,145.075,149
10/13/1998,4.109,4.722,5.089,40.23,167.29,25,32,45,45.04,146.566,154.8
10/14/1998,4.093,4.609,5.031,38.96,163.7,25,32,47.9,46.42,134.006,166.1
10/15/1998,3.817,4.399,4.967,33.34,167.99,25,41,57.37,51.34,143.828,187.1
10/16/1998,3.865,4.444,4.978,34.82,158,25,41,59.07,52.31,160.391,182.6
10/19/1998,3.889,4.471,4.983,33.13,148.11,25,41,60.22,52.95,140,179.9
10/20/1998,3.988,4.575,5.069,33.11,146,25,41,60.53,53.12,119.944,169.5
10/21/1998,4.055,4.571,5.071,33.21,145,25,41,61.76,53.79,121.013,169.9
10/22/1998,4.139,4.615,5.137,31.53,138,32,33,63.52,54.75,123.738,165.5
10/23/1998,4.179,4.703,5.178,32.27,135,32,33,60.78,53.7,123.322,156.7
10/26/1998,4.187,4.671,5.107,32.38,132,32,33,61.16,53.89,112.922,159.9
10/27/1998,4.093,4.604,5.089,32.95,135.26,32,33,58.56,52.93,106.703,166.6
10/28/1998,4.067,4.557,5.12,32.42,136.13,32,33,59.29,53.27,96.169,171.3
10/29/1998,3.996,4.499,5.078,29.5,123.14,43,21,63.77,55.43,91.038,177.1
10/30/1998,4.12,4.605,5.157,28.05,121.06,43,21,66.6,56.91,90.153,210.5
11/2/1998,4.277,4.764,5.244,27.26,125.43,43,21,69.22,58.36,86.531,194.6
11/3/1998,4.236,4.736,5.215,27.76,125.53,43,21,68.88,58.24,82.556,197.4
11/4/1998,4.444,4.885,5.325,27.37,132.84,43,21,70.5,59.12,76.601,182.5
11/5/1998,4.487,4.848,5.355,26.01,130.05,38,20,73.39,60.8,81.888,186.2
11/6/1998,4.589,4.94,5.387,25.7,135.66,38,20,74.65,61.56,74.475,177
11/9/1998,4.556,4.86,5.289,28.09,138.61,38,20,69.31,59.74,78.107,185
11/10/1998,4.499,4.826,5.289,28.17,139.23,38,20,68.36,59.41,84.372,188.4
11/11/1998,4.499,4.824,5.288,28.47,139.23,38,20,64.79,58.17,84.231,188.6
11/12/1998,4.467,4.78,5.249,29.28,135.68,50,14,63.18,57.61,93.934,193
11/13/1998,4.51,4.81,5.25,29.03,130.29,50,14,65.44,58.62,93.934,190
11/16/1998,4.57,4.864,5.288,28.9,126.93,50,14,68.1,59.87,89.288,184.6
11/17/1998,4.562,4.872,5.294,27.95,109.94,50,14,68.97,60.29,100.607,183.8
11/18/1998,4.614,4.844,5.249,27.13,100.64,50,14,70.28,60.92,81.6,186.6
11/19/1998,4.658,4.848,5.243,25.5,97.17,40,18,72.27,61.91,80.6,186.2
11/20/1998,4.643,4.814,5.218,22.47,92.17,40,18,74.72,63.21,79.8,189.6
11/23/1998,4.67,4.854,5.252,21.84,89.44,40,18,79.18,65.92,66.4,185.6
11/24/1998,4.679,4.832,5.217,23.28,87.11,40,18,76.12,64.87,65,187.8
11/25/1998,4.646,4.832,5.187,22.15,87.3,40,18,76.84,65.29,69.2,187.8
11/26/1998,4.646,4.83,5.186,22.15,87.3,48,17,76.84,65.29,70.5,188
11/27/1998,4.621,4.808,5.159,22.09,87.3,48,17,77.85,65.89,73.725,190.2
11/30/1998,4.505,4.714,5.063,26.01,87.22,48,17,62.45,60.25,79.966,185.6
12/1/1998,4.439,4.649,5.036,24.97,88.99,48,17,65.44,61.63,79.072,192.1
12/2/1998,4.364,4.59,5.023,25.43,97.21,48,17,63.55,60.87,80.031,198
12/3/1998,4.306,4.539,5.003,28.7,103.11,49,21,54.67,57.07,81.825,203.1
12/4/1998,4.454,4.627,5.04,25.31,96.25,49,21,61.9,60.3,74.544,194.3
12/7/1998,4.52,4.664,5.034,24.9,94.45,49,21,64.41,61.53,74.559,190.6
12/8/1998,4.428,4.593,4.993,25.58,94.64,49,21,61.88,60.41,81.975,197.7
12/9/1998,4.42,4.568,4.982,25.66,102.75,49,21,62.41,60.66,82.825,200.2
12/10/1998,4.386,4.523,4.955,26.81,104.91,44,26,55.15,57.42,76.375,204.7
12/11/1998,4.452,4.615,5.024,27.72,107.65,44,26,55.58,57.6,71.663,195.5
12/14/1998,4.401,4.572,4.99,31.31,108.05,44,26,46.99,53.43,72.684,199.8
12/15/1998,4.46,4.621,5.025,29.42,110.96,44,26,53.6,56.24,73.338,194.9
12/16/1998,4.333,4.54,4.994,29.96,111.22,44,26,53.31,56.09,80.309,203
12/17/1998,4.425,4.577,5.012,27.96,112.77,41,25,58.31,58.33,75.694,199.3
12/18/1998,4.45,4.562,4.998,25.04,109.24,41,25,60.35,59.28,73.975,200.8
12/21/1998,4.534,4.638,5.06,23.86,104.92,41,25,63.86,60.99,73.35,193.2
12/22/1998,4.577,4.7,5.138,22.78,106.17,41,25,64.03,61.07,75.4,187
12/23/1998,4.696,4.797,5.177,20.21,106.6,41,25,69.31,63.8,67.1,177.3
12/24/1998,4.757,4.85,5.213,21.48,114,34,32,68.33,63.38,72.838,172
12/25/1998,4.765,4.848,5.216,21.48,114,34,32,68.33,63.38,72.938,172.2
12/28/1998,4.697,4.753,5.152,23.5,116.39,34,32,67.97,63.23,76.038,181.7
12/29/1998,4.645,4.678,5.1,22.18,118.4,34,32,71.34,64.99,69.063,189.2
12/30/1998,4.538,4.642,5.087,23.34,116.71,34,32,66.76,63.1,53.909,192.8
12/31/1998,4.529,4.648,5.095,24.42,121.13,41,22,65.52,62.59,61.363,195.2
1/1/1999,4.554,4.654,5.095,24.42,121.13,41,22,65.52,62.59,60.363,194.6
1/4/1999,4.562,4.675,5.151,26.17,118.19,41,22,64.98,62.37,58.831,192.5
1/5/1999,4.629,4.743,5.208,24.46,115.74,41,22,69.06,64.29,57.431,185.7
1/6/1999,4.579,4.707,5.163,23.34,115.47,41,22,74.36,67.15,60.631,189.3
1/7/1999,4.629,4.771,5.224,24.37,111.37,38,23,73.09,66.63,62.45,182.9
1/8/1999,4.721,4.87,5.273,23.28,106.82,38,23,74.07,67.17,56.481,173
1/11/1999,4.772,4.925,5.306,25.46,109.38,38,23,68.43,64.88,54.116,167.5
1/12/1999,4.654,4.816,5.22,28.1,107.35,38,23,58.06,60.27,58.431,178.4
1/13/1999,4.553,4.705,5.132,30.11,112.72,38,23,56.14,59.35,60.716,189.5
1/14/1999,4.443,4.61,5.057,32.98,114.69,51,21,48.62,55.56,58.2,199
1/15/1999,4.56,4.685,5.107,29.24,112.85,51,21,57.25,59.32,53.884,191.5
1/18/1999,4.56,4.673,5.115,29.24,112.85,51,21,57.25,59.32,54.219,192.7
1/19/1999,4.628,4.713,5.149,29.24,109.62,51,21,59.32,60.3,59.2,188.7
1/20/1999,4.637,4.747,5.168,28.6,100.89,51,21,60.41,60.82,59.909,185.3
1/21/1999,4.594,4.679,5.131,30.92,99.15,56,20,53.26,57.25,69.278,192.1
1/22/1999,4.551,4.623,5.082,31.95,104.19,56,20,50.29,55.67,63.013,197.7
1/25/1999,4.585,4.661,5.116,31.13,104.35,56,20,52.79,56.76,54.588,193.9
1/26/1999,4.619,4.693,5.129,29.23,99.47,56,20,57.59,58.92,50.328,190.7
1/27/1999,4.593,4.673,5.127,29.73,96.93,56,20,54.61,57.44,54.669,192.7
1/28/1999,4.558,4.659,5.107,28.11,92.08,47,20,60.02,59.97,48.469,194.1
1/29/1999,4.57,4.651,5.086,26.25,87.16,47,20,63.07,61.49,51.753,181.9
2/1/1999,4.645,4.753,5.183,27.67,86.88,47,20,60.75,60.39,44.538,171.7
2/2/1999,4.704,4.798,5.239,28.16,91.69,47,20,57,58.58,44.559,167.2
2/3/1999,4.704,4.826,5.254,27.88,95.7,47,20,59.47,59.72,49.844,164.4
2/4/1999,4.754,4.877,5.288,29.48,95.68,48,14,51.96,55.99,49.594,159.3
2/5/1999,4.797,4.941,5.349,29.67,94.82,48,14,49.38,54.63,48.85,152.9
2/8/1999,4.78,4.92,5.341,30.27,92,48,14,50.65,55.17,49.6,155
2/9/1999,4.747,4.881,5.302,31.36,91.62,48,14,43.25,51.17,49.3,158.9
2/10/1999,4.789,4.93,5.366,30.45,89.55,48,14,45.55,52.13,53.5,154
2/11/1999,4.815,4.92,5.366,27.42,86.18,48,17,53.83,55.84,49.4,155
2/12/1999,4.91,5.053,5.422,29.76,92.04,48,17,47.7,52.54,47.6,141.7
2/15/1999,4.911,5.059,5.427,29.76,92.04,48,17,47.7,52.54,45.6,141.1
2/16/1999,4.894,5.013,5.341,29.65,93.01,48,17,50.67,53.92,48.7,145.7
2/17/1999,4.868,4.97,5.308,30.65,92.5,48,17,46.36,51.56,48.3,150
2/18/1999,4.929,5.053,5.378,30.45,88.94,37,24,49.78,53.14,46.3,141.7
2/19/1999,4.948,5.074,5.387,29.3,89.57,37,24,50.28,53.37,44.4,139.6
2/22/1999,4.888,5.014,5.355,25.87,89.16,37,24,57.92,57.07,40.3,145.6
2/23/1999,5,5.11,5.43,26.49,84.23,37,24,57.64,56.93,33.8,136
2/24/1999,5.07,5.175,5.508,27.21,86.19,37,24,52.6,54.44,35.275,129.5
2/25/1999,5.184,5.349,5.653,28.01,105.45,37,24,50.37,53.3,39,112.1
2/26/1999,5.138,5.287,5.576,27.88,101.44,37,24,48.59,52.4,35.625,167.3
3/1/1999,5.196,5.39,5.67,28.37,105.94,37,24,48,52.1,33.75,157
3/2/1999,5.129,5.32,5.614,29.22,104.7,37,24,45.1,50.65,39.191,164
3/3/1999,5.171,5.384,5.696,29.04,109.65,37,24,45.83,50.94,44.1,157.6
3/4/1999,5.197,5.419,5.701,26.67,110.02,36,19,51.76,53.4,43.1,154.1
3/5/1999,5.113,5.314,5.596,24.08,97.14,36,19,59.1,56.81,43.3,164.6
3/8/1999,5.088,5.263,5.588,24.54,95.94,36,19,60.72,57.62,39.3,169.7
3/9/1999,5.004,5.172,5.531,25.02,95.72,36,19,59.7,57.18,48.1,178.8
3/10/1999,5.029,5.191,5.555,24.79,92.13,36,19,61.39,57.98,44.1,176.9
3/11/1999,5.037,5.2,5.563,24.37,87.25,37,21,63.9,59.21,41.1,176
3/12/1999,4.986,5.147,5.526,24.84,85.28,37,21,62.65,58.71,41.3,181.3
3/15/1999,4.986,5.147,5.521,25.24,82.21,37,21,65.62,60.15,42.4,181.3
3/16/1999,4.961,5.107,5.476,25.15,83.05,37,21,65.23,60,47.2,185.3
3/17/1999,4.986,5.122,5.507,25.57,84.15,37,21,61.42,58.52,49.4,183.8
3/18/1999,4.969,5.103,5.488,24.13,81.36,48,21,66.09,60.71,51.5,185.7
3/19/1999,5.028,5.184,5.56,24.32,81.15,48,21,59.01,57.8,50.6,177.6
3/22/1999,5.054,5.199,5.568,25,81.67,48,21,58.12,57.43,49.6,176.1
3/23/1999,4.977,5.156,5.541,27.27,82.57,48,21,46.6,52.07,52.4,180.4
3/24/1999,4.985,5.156,5.531,26.6,83.77,48,21,48.62,52.91,52.5,180.4
3/25/1999,5.021,5.214,5.585,24.33,83.1,38,29,54.77,55.59,50.5,174.6
3/26/1999,4.979,5.199,5.589,24.04,90.1,38,29,52.5,54.51,50.6,176.1
3/29/1999,5.004,5.259,5.64,23.54,88.67,38,29,59.4,57.73,50.7,170.1
3/30/1999,4.954,5.191,5.58,22.73,86.75,38,29,56.36,56.31,53.5,176.9
3/31/1999,4.987,5.242,5.625,23.26,85.17,38,29,51.99,54.21,52.5,159.8
4/1/1999,5.004,5.279,5.671,22.06,86.65,40,25,53.96,55.09,58.9,156.1
4/2/1999,4.946,5.187,5.596,22.06,79.45,40,25,53.96,55.09,61,165.3
4/5/1999,4.937,5.19,5.588,22.19,79.7,40,25,60.45,58.22,61.1,165
4/6/1999,4.904,5.124,5.519,22.65,78.5,40,25,59.39,57.73,60.7,171.6
4/7/1999,4.904,5.122,5.503,22.81,79.75,40,25,61.43,58.73,58.7,171.8
4/8/1999,4.862,5.036,5.443,22.59,80.26,36,26,65.01,60.56,60.8,180.4
4/9/1999,4.87,5.053,5.46,21.77,78.4,36,26,65.89,61.02,65.1,178.7
4/12/1999,4.904,5.051,5.452,21.93,75.6,36,26,67.92,62.09,68.3,178.9
4/13/1999,4.921,5.103,5.49,22.73,76.02,36,26,64.38,60.61,73.2,173.7
4/14/1999,4.938,5.127,5.507,24.94,77.12,36,26,56.67,57.2,72.2,171.3
4/15/1999,4.955,5.169,5.526,23.93,78.05,41,28,54.83,56.34,68.1,167.1
4/16/1999,4.997,5.221,5.573,23.9,81.29,41,28,53.53,55.74,69.3,161.9
4/19/1999,4.929,5.149,5.519,26.42,79.85,41,28,44.79,51.42,68.3,169.1
4/20/1999,4.929,5.136,5.507,25.02,81.19,41,28,49.78,53.53,61.8,170.4
4/21/1999,4.989,5.181,5.524,23.31,81.47,41,28,57.25,56.99,66,165.9
4/22/1999,5.023,5.247,5.603,22.62,82.04,38,30,61.88,59.36,61.65,159.3
4/23/1999,5.032,5.252,5.597,22.76,79.88,38,30,61.26,59.07,58.4,158.8
4/26/1999,5.007,5.222,5.575,23.53,80.66,38,30,61.92,59.4,54.425,161.8
4/27/1999,4.998,5.205,5.538,23.36,80.91,38,30,62.52,59.7,52.025,163.5
4/28/1999,5.033,5.263,5.583,24.4,82.09,38,30,58.27,57.83,63.525,157.7
4/29/1999,4.954,5.216,5.53,25.06,78.08,41,27,55.5,56.58,50,162.4
4/30/1999,5.054,5.348,5.662,25.07,84.85,41,27,52.94,55.4,45.375,152.2
5/3/1999,5.058,5.359,5.655,24.15,85.69,41,27,58.22,57.71,41.275,151.1
5/4/1999,5.088,5.405,5.713,25.62,86.83,41,27,51.05,54.33,40,146.5
5/5/1999,5.088,5.394,5.706,25.19,95.79,41,27,55.08,56.13,41.1,147.6
5/6/1999,5.172,5.511,5.791,27.44,97.32,54,14,50.6,53.94,40.1,135.9
5/7/1999,5.172,5.542,5.813,25.36,90.57,54,14,54.02,55.46,40.3,132.8
5/10/1999,5.139,5.534,5.79,26.62,89.86,54,14,52.6,54.78,42.4,133.6
5/11/1999,5.173,5.578,5.835,25.62,90.42,54,14,56.6,56.58,42.1,129.2
5/12/1999,5.173,5.57,5.828,26.13,94.26,54,14,58.66,57.54,42.1,130
5/13/1999,5.113,5.412,5.75,25.02,90.24,43,26,59.54,57.94,43.2,145.8
5/14/1999,5.293,5.628,5.922,26.86,94.43,43,26,49.98,53.51,35.1,124.2
5/17/1999,5.267,5.636,5.892,27.28,100.1,43,26,50.47,53.72,38.95,123.4
5/18/1999,5.345,5.661,5.89,27.26,94.52,43,26,48.61,52.83,37.8,120.9
5/19/1999,5.337,5.595,5.803,25.08,94.56,43,26,51.98,54.22,45,127.5
5/20/1999,5.337,5.591,5.827,24.46,91.92,43,26,50.22,53.41,45.85,127.9
5/21/1999,5.261,5.504,5.751,24.4,96.93,43,26,47.49,52.14,47.175,136.6
5/24/1999,5.244,5.479,5.757,27.62,94.87,43,26,40.87,48.82,44.05,139.1
5/25/1999,5.261,5.473,5.748,28.9,95.78,43,26,35.81,45.97,40.488,139.7
5/26/1999,5.339,5.551,5.804,27.57,96.54,43,26,42.79,48.8,41.15,131.9
5/27/1999,5.43,5.626,5.852,28.12,105.98,38,20,37.73,45.94,42.125,124.4
5/28/1999,5.413,5.62,5.828,25.39,104.78,38,20,43.98,48.66,42.825,160
5/31/1999,5.413,5.622,5.828,25.39,104.78,38,20,43.98,48.66,43.925,159.8
6/1/1999,5.523,5.758,5.924,26.62,114.05,38,20,42.28,47.74,41.075,146.2
6/2/1999,5.523,5.781,5.934,26.21,120.15,38,20,42.45,47.82,37.05,143.9
6/3/1999,5.531,5.803,5.963,26.2,115.26,32,32,44.01,48.47,48.425,141.7
6/4/1999,5.541,5.807,5.963,23.43,107.4,32,32,52.3,52.15,56.05,141.3
6/7/1999,5.541,5.792,5.966,23.78,106.54,32,32,54.06,52.98,60.375,142.8
6/8/1999,5.558,5.824,5.994,24.02,109.28,32,32,49.11,50.66,48.325,139.6
6/9/1999,5.61,5.888,6.026,23.9,112.36,32,32,49.49,50.83,50.9,133.2
6/10/1999,5.653,5.931,6.063,25.32,117.61,32,28,45.11,48.74,44.1,128.9
6/11/1999,5.697,6.033,6.159,25.9,121.36,32,28,42.75,47.56,40.875,118.7
6/14/1999,5.646,5.966,6.1,26.51,116.37,32,28,42.88,47.61,49.4,125.4
6/15/1999,5.638,5.977,6.111,25.91,118.8,32,28,45.46,48.65,43,124.3
6/16/1999,5.578,5.925,6.066,22.4,108.66,32,28,54.49,52.6,53.525,129.5
6/17/1999,5.484,5.788,5.963,21.95,98.86,38,27,56.98,53.79,55.375,143.2
6/18/1999,5.553,5.827,5.972,21.75,90.9,38,27,57.75,54.16,51.6,139.3
6/21/1999,5.588,5.885,6.019,21.81,94.61,38,27,59.4,54.94,50.975,133.5
6/22/1999,5.632,5.923,6.057,21.7,99.26,38,27,54.53,52.95,45.075,129.7
6/23/1999,5.711,6.029,6.147,21.32,107.44,38,27,53.52,52.53,50.15,119.1
6/24/1999,5.717,6.029,6.161,23.06,109.65,30,31,47.67,50,54.775,119.1
6/25/1999,5.721,6.014,6.15,21.76,108.58,30,31,47.52,49.93,50.55,120.6
6/28/1999,5.671,5.943,6.094,22.63,105.98,30,31,53.03,52.22,54.15,127.7
6/29/1999,5.679,5.926,6.068,22.51,109.2,30,31,58.86,54.88,52.775,129.4
6/30/1999,5.512,5.78,5.963,21.09,102.05,30,31,63.95,57.48,58.85,162
7/1/1999,5.578,5.84,6.011,19.69,103.94,35,27,65.73,58.44,64.95,156
7/2/1999,5.577,5.828,5.998,18.66,99.85,35,27,67.85,59.62,63.8,157.2
7/5/1999,5.568,5.819,5.996,18.66,99.85,35,27,67.85,59.62,63.9,158.1
7/6/1999,5.601,5.868,6.037,20.73,96.16,35,27,66.51,59.1,68.1,153.2
7/7/1999,5.61,5.892,6.048,20.35,101.14,35,27,68.19,60,64.6,150.8
7/8/1999,5.559,5.826,5.991,20.24,103.69,43,21,67.51,59.75,64.6,157.4
7/9/1999,5.575,5.826,5.999,17.96,103.68,43,21,69.53,60.8,62.7,157.4
7/12/1999,5.507,5.726,5.907,19.73,105.52,43,21,67.4,60.03,60.7,167.4
7/13/1999,5.489,5.705,5.91,19.95,107.12,43,21,64.58,59.01,61.6,169.5
7/14/1999,5.531,5.732,5.914,19.71,105.17,43,21,65.86,59.6,61.7,166.8
7/15/1999,5.531,5.724,5.918,18.68,101.56,54,18,68.87,61.05,60.7,167.6
7/16/1999,5.461,5.667,5.884,17.42,99.18,54,18,71.07,62.17,65.1,173.3
7/19/1999,5.444,5.662,5.901,19.07,100.89,54,18,65.06,60,70.175,173.8
7/20/1999,5.401,5.633,5.886,21.79,101.73,54,18,52.06,54.58,69.575,176.7
7/21/1999,5.417,5.656,5.904,21.46,100.68,54,18,52.78,54.89,73.125,174.4
7/22/1999,5.511,5.779,5.971,23.05,96.25,55,22,46.43,51.9,68.65,162.1
7/23/1999,5.553,5.835,6.025,23.32,103.57,55,22,45.14,51.27,64.8,156.5
7/26/1999,5.561,5.842,6.028,24.98,107.4,55,22,42.26,49.83,60.825,155.8
7/27/1999,5.544,5.807,6.01,23.23,106.12,55,22,48.11,52.11,60.65,159.3
7/28/1999,5.552,5.795,6.009,22.85,104.28,55,22,49.06,52.49,61.75,160.5
7/29/1999,5.609,5.872,6.071,24.52,106.2,42,20,41.35,48.69,59.65,152.8
7/30/1999,5.622,5.903,6.103,24.64,106.97,42,20,38.09,46.92,59.75,168.7
8/2/1999,5.647,5.916,6.121,25.59,106.19,42,20,37.92,46.82,57.775,167.4
8/3/1999,5.655,5.957,6.164,26.27,108.06,42,20,36.34,45.97,54.9,163.3
8/4/1999,5.613,5.938,6.107,27.4,112.94,42,20,32.21,43.61,61.575,165.2
8/5/1999,5.521,5.86,6.039,27.01,113.29,30,24,36.1,45.06,66.75,173
8/6/1999,5.681,6.038,6.176,26.6,114.26,30,24,32.85,43.22,57.3,155.2
8/9/1999,5.775,6.129,6.233,27.66,119.66,30,24,32.27,42.89,53.5,146.1
8/10/1999,5.775,6.149,6.242,28.45,115.36,30,24,28.67,40.73,51.7,144.1
8/11/1999,5.725,6.092,6.207,25.39,111.05,30,24,37.99,44.35,57,149.8
8/12/1999,5.759,6.082,6.277,25.03,108.19,30,30,37.03,43.84,69.75,150.8
8/13/1999,5.708,5.979,6.103,22.31,102.46,30,30,48.06,48.63,75.3,161.1
8/16/1999,5.717,5.964,6.087,23.07,105.76,30,30,49.07,49.1,73.55,162.6
8/17/1999,5.666,5.881,6.008,21.67,100.73,30,30,53.29,51.1,65.65,170.9
8/18/1999,5.631,5.875,5.995,23.3,104.25,30,30,49.55,49.4,71.2,171.5
8/19/1999,5.631,5.895,6.031,24.39,108.53,31,23,46.67,48.05,73.425,169.5
8/20/1999,5.606,5.876,5.985,22.95,107.66,31,23,50.99,50.04,65.2,171.4
8/23/1999,5.649,5.889,5.983,22.55,103.77,31,23,57.69,53.39,58.563,170.1
8/24/1999,5.597,5.816,5.931,22.4,96.63,31,23,58.54,53.83,52.513,177.4
8/25/1999,5.528,5.719,5.857,20.96,96.73,31,23,62.99,56.24,58.063,187.1
8/26/1999,5.58,5.768,5.901,21.21,101.94,35,25,55.99,53.14,56.75,182.2
8/27/1999,5.655,5.864,5.976,21.83,102.63,35,25,51.69,51.11,51.75,172.6
8/30/1999,5.731,5.955,6.06,24.63,105.78,35,25,45.11,47.79,51.85,163.5
8/31/1999,5.722,5.97,6.059,24.45,109.1,35,25,44.2,47.31,55.3,182
9/1/1999,5.723,5.976,6.078,22.93,108.26,35,25,47.54,48.86,58.75,181.4
9/2/1999,5.723,6.008,6.134,24.53,110.02,44,18,44.34,47.25,60.825,178.2
9/3/1999,5.622,5.888,6.018,20.98,99.05,44,18,54.8,52.43,61.65,190.2
9/6/1999,5.622,5.892,6.024,20.98,99.05,44,18,54.8,52.43,59.875,189.8
9/7/1999,5.664,5.938,6.073,23.44,100.83,44,18,52.89,51.5,70.65,185.2
9/8/1999,5.656,5.926,6.068,23.82,109.96,44,18,51.11,50.63,71.175,186.4
9/9/1999,5.682,5.964,6.093,23.01,109.43,37,25,52.08,51.11,70.425,182.6
9/10/1999,5.639,5.898,6.041,22.03,105.22,37,25,53.21,51.65,78.05,189.2
9/13/1999,5.639,5.898,6.052,22.89,103.66,37,25,50.78,50.55,75.8,189.2
9/14/1999,5.682,5.959,6.119,23.77,103.65,37,25,48.3,49.42,72,183.1
9/15/1999,5.631,5.919,6.104,24.56,99.82,37,25,43.01,46.88,79.3,187.1
9/16/1999,5.614,5.898,6.076,25.25,97.3,36,21,43.2,46.96,82.85,189.2
9/17/1999,5.606,5.871,6.056,23.3,95.3,36,21,49.15,49.52,86.15,191.9
9/20/1999,5.64,5.906,6.071,24.03,92.67,36,21,49.18,49.54,83.925,188.4
9/21/1999,5.649,5.925,6.089,25.65,94.68,36,21,40.98,45.65,72.375,186.5
9/22/1999,5.64,5.908,6.085,25.19,96.57,36,21,42.07,46.11,71.5,188.2
9/23/1999,5.537,5.791,5.989,27.84,94.8,36,28,34.93,42.31,69.625,199.9
9/24/1999,5.537,5.773,5.973,27.79,98.64,36,28,34.29,41.95,73.4,201.7
9/27/1999,5.58,5.82,6.011,26.4,96.42,36,28,36.71,42.93,70.9,197
9/28/1999,5.641,5.906,6.086,26.06,100.76,36,28,36.44,42.79,64.575,188.4
9/29/1999,5.676,5.957,6.125,26.49,103.66,36,28,33.17,41.06,125.875,183.3
9/30/1999,5.596,5.877,6.051,25.41,104.59,35,23,39.25,43.51,123.275,185.3
10/1/1999,5.696,5.974,6.134,24.93,107.58,35,23,39.3,43.53,122.6,175.6
10/4/1999,5.671,5.931,6.087,24.46,104.36,35,23,47.68,47.1,129.575,179.9
10/5/1999,5.772,6.033,6.177,24.79,101.72,35,23,46.65,46.65,129.1,169.7
10/6/1999,5.798,6.039,6.18,22.06,113.95,35,23,54.52,50.32,135.675,169.1
10/7/1999,5.798,6.039,6.183,23.58,107.07,34,28,51.86,49.19,136.925,169.1
10/8/1999,5.781,6.033,6.195,20.49,99.36,34,28,57.18,51.84,138.225,169.7
10/11/1999,5.782,6.037,6.197,20.63,99.36,34,28,56.88,51.72,138.075,169.3
10/12/1999,5.782,6.048,6.224,22.84,102.72,34,28,49.3,48.46,135.075,168.2
10/13/1999,5.842,6.108,6.278,25.96,103.36,34,28,41.84,44.84,119.05,162.2
10/14/1999,5.893,6.17,6.325,26.05,104.23,42,19,41.32,44.57,115.825,156
10/15/1999,5.799,6.067,6.257,28.75,104.87,42,19,33.68,40.37,114.55,166.3
10/18/1999,5.86,6.144,6.32,28.19,107.44,42,19,36.06,41.43,109.95,158.6
10/19/1999,5.895,6.179,6.351,26.56,103.16,42,19,38.59,42.57,106.663,155.1
10/20/1999,5.895,6.173,6.335,23.9,97.13,42,19,47.38,46.75,108.95,155.7
10/21/1999,5.913,6.19,6.356,24.02,99.99,38,25,45.91,46.03,110.05,154
10/22/1999,5.922,6.194,6.351,21.64,96.85,38,25,50.97,48.57,117.175,153.6
10/25/1999,5.949,6.205,6.35,23.6,101.56,38,25,48.79,47.54,118.75,152.5
10/26/1999,5.984,6.238,6.384,24.26,100.33,38,25,45.7,46.07,106.975,149.2
10/27/1999,5.941,6.201,6.331,24.2,101.28,38,25,50,48.16,107.825,152.9
10/28/1999,5.875,6.121,6.252,21.34,93.67,38,24,60.42,53.89,109.4,160.9
10/29/1999,5.787,6.024,6.163,22.2,94.14,38,24,64.04,56.14,109.7,176.6
11/1/1999,5.82,6.048,6.179,22.09,94.25,38,24,61.44,54.95,104.225,174.2
11/2/1999,5.803,6.018,6.139,23.1,93.78,38,24,59.55,54.09,104.975,177.2
11/3/1999,5.795,5.994,6.132,23.16,102.5,38,24,61.01,54.91,106.7,179.6
11/4/1999,5.752,5.958,6.103,23,102.81,43,22,62.56,55.79,106.65,183.2
11/5/1999,5.718,5.926,6.056,21.66,96.51,43,22,64.07,56.65,100.9,186.4
11/8/1999,5.717,5.937,6.053,21.87,94.64,43,22,65.42,57.41,90.925,185.3
11/9/1999,5.751,5.956,6.071,22.7,92.56,43,22,61.15,55.65,87.775,183.4
11/10/1999,5.801,5.977,6.09,22.26,91.36,43,22,62.97,56.61,86.875,181.3
11/11/1999,5.792,5.984,6.088,22.07,91.36,48,26,64.7,57.54,87.7,180.6
11/12/1999,5.766,5.928,6.036,21.65,93.22,48,26,67.68,59.19,84.825,186.2
11/15/1999,5.766,5.92,6.024,22.74,91.13,48,26,66.99,58.92,82.6,187
11/16/1999,5.835,5.958,6.063,20.73,84.35,48,26,71.8,61.71,78,183.2
11/17/1999,5.878,6.033,6.132,20.96,83.15,48,26,67.91,60.17,87.425,175.7
11/18/1999,5.886,6.052,6.168,19.76,81.6,46,22,70.52,61.67,87.775,173.8
11/19/1999,5.903,6.057,6.162,19.11,82.1,46,22,69.27,61.18,87.725,173.3
11/22/1999,5.938,6.085,6.19,19.98,83.2,46,22,68.79,61,87.888,170.5
11/23/1999,5.938,6.078,6.196,21,79.85,46,22,61.78,58.24,83.225,171.2
11/24/1999,5.954,6.078,6.211,20.26,82.86,46,22,64.74,59.68,81.225,171.2
11/25/1999,5.955,6.078,6.211,20.26,82.86,55,17,64.74,59.68,83.025,171.2
11/26/1999,5.98,6.117,6.232,22.33,82.86,55,17,64.54,59.6,82.025,167.3
11/29/1999,6.048,6.207,6.308,23.57,81.88,55,17,60.7,58.09,78.3,158.3
11/30/1999,6.014,6.191,6.293,24.18,82.64,55,17,53.36,54.98,81.4,170.9
12/1/1999,6.039,6.2,6.294,22.23,86.93,55,17,56.02,56.11,85.225,170
12/2/1999,6.056,6.233,6.321,21.77,90.99,62,13,59.25,57.53,87.425,166.7
12/3/1999,5.972,6.161,6.252,19.32,85.81,62,13,65.15,60.37,87.875,173.9
12/6/1999,5.955,6.139,6.238,20.58,81.5,62,13,61.23,58.7,88.6,176.1
12/7/1999,5.929,6.1,6.2,21.09,79.75,62,13,56.06,56.41,91.3,180
12/8/1999,5.963,6.135,6.229,21.25,84.63,62,13,54.22,55.57,90.4,176.5
12/9/1999,5.946,6.126,6.215,21.19,86.47,62,11,55.48,56.11,86.3,177.4
12/10/1999,5.912,6.072,6.166,21.48,87.67,62,11,58.1,57.25,84.525,182.8
12/13/1999,5.955,6.1,6.202,21.72,83.16,62,11,57.36,56.94,75.225,180
12/14/1999,6.067,6.216,6.306,23.06,85.22,62,11,52.58,54.9,73.6,168.4
12/15/1999,6.075,6.236,6.325,22.03,89.13,62,11,55.91,56.26,80.9,166.4
12/16/1999,6.144,6.305,6.391,21.91,94.87,54,20,57.64,56.99,74.7,159.5
12/17/1999,6.145,6.283,6.374,21.35,93.14,54,20,58.36,57.29,70.95,161.7
12/20/1999,6.189,6.354,6.443,23.78,96.08,54,20,56.99,56.75,64.75,154.6
12/21/1999,6.207,6.376,6.461,22.66,89.67,54,20,62,58.83,59.2,152.4
12/22/1999,6.207,6.372,6.451,22.43,89.18,54,20,62.82,59.19,66.1,152.8
12/23/1999,6.23,6.415,6.489,21.12,86.57,52,17,68.79,62,72.825,148.5
12/24/1999,6.23,6.408,6.486,21.12,86.57,52,17,68.79,62,73.175,149.2
12/27/1999,6.205,6.401,6.465,23.07,89.55,52,17,68.13,61.75,74.275,149.9
12/28/1999,6.213,6.413,6.474,22.97,92.69,52,17,68.28,61.82,80.975,148.7
12/29/1999,6.197,6.384,6.443,23.09,95.02,52,17,69.83,62.57,79.775,151.6
12/30/1999,6.163,6.366,6.418,24.76,95.02,60,15,70.11,62.7,81.725,153.4
12/31/1999,6.214,6.442,6.478,24.64,98.89,60,15,71.44,63.32,67.325,164.8
1/3/2000,6.384,6.592,6.622,24.21,102.95,60,15,62.64,60.25,59.025,149.8
1/4/2000,6.299,6.497,6.537,27.01,101.3,60,15,41.01,50.24,59.55,159.3
1/5/2000,6.358,6.594,6.621,26.41,106.69,60,15,42.05,50.65,60.5,149.6
1/6/2000,6.299,6.524,6.553,25.73,105.21,75,13.33,42.59,50.86,64.7,156.6
1/7/2000,6.308,6.515,6.546,21.72,97.81,75,13.33,55.36,56.27,65,157.5
1/10/2000,6.359,6.552,6.584,21.71,97.13,75,13.33,59.48,58.29,63.625,153.8
1/11/2000,6.428,6.657,6.671,22.5,101.03,75,13.33,53.23,55.18,60.4,143.3
1/12/2000,6.472,6.703,6.719,22.84,104.11,75,13.33,51.31,54.19,59.338,138.7
1/13/2000,6.394,6.63,6.653,21.71,100.44,59.26,18.52,56.03,56.42,63.7,146
1/14/2000,6.43,6.679,6.697,19.66,94.61,59.26,18.52,59.76,58.29,64,141.1
1/17/2000,6.43,6.681,6.689,19.66,94.61,59.26,18.52,59.76,58.29,63.725,140.9
1/18/2000,6.465,6.748,6.747,21.5,95.91,59.26,18.52,56.43,56.67,65.7,134.2
1/19/2000,6.448,6.732,6.717,21.72,96.67,59.26,18.52,56.63,56.76,71.15,135.8
1/20/2000,6.492,6.788,6.747,21.75,95.25,57.14,17.86,53.1,55.07,58.4,130.2
1/21/2000,6.458,6.765,6.695,20.82,96.6,57.14,17.86,51.68,54.38,57.6,132.5
1/24/2000,6.406,6.685,6.65,24.07,94.16,57.14,17.86,40.65,48.49,58.8,140.5
1/25/2000,6.432,6.692,6.634,23.02,96.28,57.14,17.86,43.43,49.69,47.8,139.8
1/26/2000,6.442,6.664,6.571,23.03,95.45,57.14,17.86,41.95,48.87,47.9,142.6
1/27/2000,6.506,6.692,6.519,23.54,95.03,53.7,20.37,40.57,48.1,43.8,139.8
1/28/2000,6.557,6.658,6.452,26.14,102.58,53.7,20.37,32.54,43.21,42.875,143.2
1/31/2000,6.591,6.665,6.491,24.95,106.26,53.7,20.37,43.33,48.09,38.55,155.5
2/1/2000,6.574,6.619,6.423,23.45,104.72,53.7,20.37,47.25,50,38.325,160.1
2/2/2000,6.592,6.573,6.284,23.12,109.22,53.7,20.37,47.21,49.98,45.5,164.7
2/3/2000,6.523,6.489,6.136,22.01,119.13,51.11,24.44,51.38,52.01,48.55,173.1
2/4/2000,6.618,6.549,6.271,21.54,118.86,51.11,24.44,51.22,51.93,42.8,167.1
2/7/2000,6.67,6.639,6.342,22.79,120.42,51.11,24.44,51.18,51.91,48.1,158.1
2/8/2000,6.678,6.613,6.231,21.25,112.84,51.11,24.44,55.95,54.18,42.3,160.7
2/9/2000,6.653,6.66,6.314,22.9,109.04,51.11,24.44,47.38,49.99,46.6,156
2/10/2000,6.662,6.671,6.429,23.07,106.33,41.86,27.91,48.82,50.67,44.475,154.9
2/11/2000,6.645,6.604,6.269,24.42,106.07,41.86,27.91,41.7,46.88,46.525,161.6
2/14/2000,6.619,6.554,6.227,24.38,102.76,41.86,27.91,42.55,47.27,47.1,166.6
2/15/2000,6.628,6.552,6.246,22.92,104.86,41.86,27.91,46.21,48.92,35,166.8
2/16/2000,6.611,6.545,6.265,23.51,104.31,41.86,27.91,42.73,47.11,36.2,167.5
2/17/2000,6.672,6.567,6.218,23.17,100.77,27.27,24.24,42.92,47.19,35.2,165.3
2/18/2000,6.638,6.489,6.158,26,101.13,27.27,24.24,34.19,42.29,36.5,173.1
2/21/2000,6.638,6.493,6.159,26,101.13,27.27,24.24,34.19,42.29,34.5,172.7
2/22/2000,6.551,6.361,6.086,25.86,106.35,27.27,24.24,36.21,43.17,34.6,185.9
2/23/2000,6.621,6.422,6.126,23.89,106.18,27.27,24.24,39.02,44.4,28.8,179.8
2/24/2000,6.521,6.365,6.137,24.38,111.35,41.38,31.03,37.5,43.57,30.9,185.5
2/25/2000,6.395,6.326,6.129,25.2,111.68,41.38,31.03,33.61,41.35,33.525,189.4
2/28/2000,6.513,6.422,6.187,24.68,108.61,41.38,31.03,38.63,43.52,27.325,179.8
2/29/2000,6.521,6.409,6.14,23.37,106.64,41.38,31.03,44.31,46.11,32.775,176.1
3/1/2000,6.504,6.386,6.158,21.64,104.14,41.38,31.03,47.92,47.83,34,178.4
3/2/2000,6.513,6.384,6.132,21.06,99.68,36.67,23.33,48.64,48.17,35.975,178.6
3/3/2000,6.495,6.388,6.132,19.21,94.85,36.67,23.33,55.68,51.68,30.1,178.2
3/6/2000,6.529,6.411,6.143,21.5,92.06,36.67,23.33,50.79,49.42,30.2,175.9
3/7/2000,6.486,6.373,6.145,24.31,97.13,36.67,23.33,42.72,45.33,29.288,179.7
3/8/2000,6.495,6.379,6.161,23.82,103.67,36.67,23.33,45.61,46.75,30.8,179.1
3/9/2000,6.477,6.343,6.152,22.21,103.49,58.33,16.67,53.58,50.9,30.8,182.7
3/10/2000,6.537,6.383,6.176,21.24,100.52,58.33,16.67,52.02,50.14,25.175,178.7
3/13/2000,6.511,6.37,6.17,22.85,101.36,58.33,16.67,49.36,48.82,28,180
3/14/2000,6.468,6.292,6.09,24.41,104.39,58.33,16.67,44.16,46.15,27.4,187.8
3/15/2000,6.494,6.291,6.079,22.34,105.54,58.33,16.67,51.57,49.97,30.85,187.9
3/16/2000,6.485,6.245,6.043,20.77,103.72,50,26.67,62.38,56.41,32.825,192.5
3/17/2000,6.485,6.194,6,22.37,101.67,50,26.67,63.18,56.93,33.9,197.6
3/20/2000,6.51,6.183,6.004,22.96,97.1,50,26.67,61.35,56.03,32.775,198.7
3/21/2000,6.502,6.135,5.969,21.7,95.1,50,26.67,66.35,59.2,32.325,203.5
3/22/2000,6.475,6.112,5.958,21.49,93.95,50,26.67,67.18,59.74,32.925,205.8
3/23/2000,6.501,6.078,5.907,22.26,101.83,65.71,20,70.3,61.83,36.35,209.2
3/24/2000,6.624,6.191,5.986,23.31,102.31,65.71,20,70.32,61.84,35.3,197.9
3/27/2000,6.615,6.185,5.978,24.53,101.49,65.71,20,69.29,61.38,43.1,198.5
3/28/2000,6.598,6.151,5.977,24.86,104.08,65.71,20,64.72,59.34,39.4,201.9
3/29/2000,6.589,6.147,5.974,24.1,106.47,65.71,20,64.84,59.41,39.5,202.3
3/30/2000,6.484,6.055,5.878,25.47,109.42,38.89,50,59.09,56.83,40.6,211.5
3/31/2000,6.479,6.004,5.828,24.11,106.45,38.89,50,61.01,57.81,41.9,226.6
4/3/2000,6.419,5.965,5.812,24.03,102.95,38.89,50,62.34,58.49,44.1,230.5
4/4/2000,6.308,5.895,5.773,27.12,110.61,38.89,50,59.05,57.05,41.4,237.5
4/5/2000,6.3,5.872,5.778,28.41,114.76,38.89,50,56.93,56.12,39.625,239.8
4/6/2000,6.393,5.934,5.794,27.15,109.66,45.83,20.83,59.87,57.48,36.625,233.6
4/7/2000,6.366,5.853,5.709,24.39,106.93,45.83,20.83,62.81,58.91,38.8,241.7
4/10/2000,6.263,5.771,5.668,25.99,103.57,45.83,20.83,59.12,57.33,43.1,249.9
4/11/2000,6.331,5.882,5.77,27.25,108.52,45.83,20.83,57.93,56.82,43.6,238.8
4/12/2000,6.357,5.935,5.813,28.98,111.73,45.83,20.83,48.77,52.63,46.175,233.5
4/13/2000,6.348,5.906,5.792,29.4,109.46,51.85,29.63,42.94,49.62,46.025,236.4
4/14/2000,6.235,5.85,5.776,33.49,123.75,51.85,29.63,30.55,41.81,50.425,242
4/17/2000,6.316,6.038,5.932,28.95,120.51,51.85,29.63,40.44,46.47,47.55,223.2
4/18/2000,6.329,6.059,5.91,26.12,114.7,51.85,29.63,47.63,50.16,47.95,221.1
4/19/2000,6.32,5.992,5.847,27.02,107.49,51.85,29.63,45.55,48.93,49.8,227.8
4/20/2000,6.362,5.994,5.83,25.85,104.44,63.73,22.55,46.8,49.57,52.013,227.6
4/21/2000,6.362,5.987,5.827,25.85,104.44,63.73,22.55,46.8,49.57,52.113,228.3
4/24/2000,6.388,6.017,5.875,27.37,103.99,63.73,22.55,46.05,49.15,55.313,225.3
4/25/2000,6.484,6.128,5.936,25.24,108.67,63.73,22.55,54.15,53.32,52.075,214.2
4/26/2000,6.501,6.13,5.944,26.97,110.51,63.73,22.55,51.28,51.8,62.6,214
4/27/2000,6.613,6.223,5.985,26.19,106.22,61.29,14.52,51.94,52.14,64.325,204.7
4/28/2000,6.676,6.212,5.96,26.2,103.83,61.29,14.52,49.65,50.97,67.35,239.8
5/1/2000,6.719,6.278,5.988,25.88,103.12,61.29,14.52,52.5,52.37,66.35,233.2
5/2/2000,6.711,6.299,6.011,28.5,102.55,61.29,14.52,48.41,50.3,65.075,231.1
5/3/2000,6.746,6.401,6.116,31.63,112.98,61.29,14.52,43.25,47.55,67.3,220.9
5/4/2000,6.754,6.427,6.155,30.77,110.82,34.78,34.78,42.38,47.07,73.65,218.3
5/5/2000,6.824,6.505,6.188,27.53,108.99,34.78,34.78,47.12,49.25,70.5,210.5
5/8/2000,6.851,6.56,6.243,28.2,110.73,34.78,34.78,45.64,48.49,65.2,205
5/9/2000,6.843,6.529,6.213,28.93,112.67,34.78,34.78,43.54,47.42,58.075,208.1
5/10/2000,6.791,6.42,6.149,29.87,117.07,34.78,34.78,38.88,44.93,55.2,219
5/11/2000,6.809,6.409,6.146,27.76,112.89,30.23,25.58,44.34,47.36,70,220.1
5/12/2000,6.897,6.512,6.201,26.05,110.17,30.23,25.58,47.04,48.61,60.175,209.8
5/15/2000,6.845,6.446,6.154,24.86,110.52,30.23,25.58,52.92,51.45,68.1,216.4
5/16/2000,6.872,6.424,6.113,24.34,98.96,30.23,25.58,55.25,52.63,55.025,218.6
5/17/2000,6.899,6.496,6.184,23.98,101.45,30.23,25.58,51.59,50.92,75.575,211.4
5/18/2000,6.908,6.54,6.227,23.96,105.6,35.29,41.18,49.53,49.95,92.375,207
5/19/2000,6.84,6.494,6.206,25.44,108.89,35.29,41.18,44.12,47.28,94.9,211.6
5/22/2000,6.814,6.439,6.185,26,105.15,35.29,41.18,43.08,46.75,95,217.1
5/23/2000,6.788,6.435,6.16,25.87,103.02,35.29,41.18,38.82,44.51,88.2,217.5
5/24/2000,6.832,6.47,6.193,24.32,102.78,35.29,41.18,44.37,46.97,91.4,214
5/25/2000,6.71,6.394,6.106,24.58,99.64,34.92,36.51,41.55,45.52,97.45,221.6
5/26/2000,6.672,6.331,6.059,24.47,103.78,34.92,36.51,40.98,45.23,99.825,227.9
5/29/2000,6.672,6.326,6.06,24.47,103.78,34.92,36.51,40.98,45.23,102.025,228.4
5/30/2000,6.731,6.376,6.092,23.62,105.47,34.92,36.51,50.19,49.44,107.6,223.4
5/31/2000,6.672,6.272,6.008,23.65,103.1,34.92,36.51,49.84,49.28,124.35,249.8
6/1/2000,6.587,6.191,5.943,22.36,101.26,41.67,37.5,54.98,51.79,116.775,257.9
6/2/2000,6.51,6.152,5.945,21.48,98.23,41.67,37.5,59.48,54.16,98.625,261.8
6/5/2000,6.492,6.122,5.915,22.71,96.08,41.67,37.5,57.39,53.25,91.75,264.8
6/6/2000,6.492,6.122,5.908,23.05,99.32,41.67,37.5,55.26,52.32,80.5,264.8
6/7/2000,6.534,6.141,5.907,22.48,104.65,41.67,37.5,57.6,53.48,90.75,262.9
6/8/2000,6.543,6.124,5.886,22.77,104.83,61.54,23.08,55.36,52.53,90.1,264.6
6/9/2000,6.542,6.126,5.895,22.14,102.64,61.54,23.08,54.26,52.06,90.3,264.4
6/12/2000,6.499,6.071,5.871,22.32,98.27,61.54,23.08,51.68,50.98,96.6,269.9
6/13/2000,6.481,6.116,5.949,21.67,97.43,61.54,23.08,56.45,53.14,90.3,265.4
6/14/2000,6.412,6.041,5.91,21.48,98.75,61.54,23.08,56.67,53.24,98.05,272.9
6/15/2000,6.42,6.05,5.923,20.68,92.95,43.75,18.75,58.32,54,92.45,272
6/16/2000,6.35,5.971,5.869,20.5,92.95,43.75,18.75,54.42,52.47,94.6,279.9
6/19/2000,6.384,5.999,5.891,20.63,92.82,43.75,18.75,58.89,54.48,97.588,277.1
6/20/2000,6.427,6.02,5.896,20.88,92.68,43.75,18.75,56.12,53.39,96.425,275
6/21/2000,6.496,6.113,5.967,20.61,95.85,43.75,18.75,56.82,53.69,96.9,265.7
6/22/2000,6.487,6.104,5.962,22,100.71,26.67,40,49.67,50.79,94.65,266.6
6/23/2000,6.539,6.185,6.041,22.34,100.69,26.67,40,47.13,49.69,92.6,258.5
6/26/2000,6.486,6.102,5.979,22.45,98.21,26.67,40,50.64,51.11,97.238,266.8
6/27/2000,6.494,6.085,5.933,21.8,99.94,26.67,40,49.43,50.6,96.8,268.5
6/28/2000,6.459,6.1,5.952,20.29,98.11,26.67,40,50.57,51.05,98.4,267
6/29/2000,6.354,6.027,5.875,19.7,96.62,26.67,40,47.22,49.68,95.275,274.3
6/30/2000,6.362,6.031,5.896,19.54,96.62,26.67,40,50.68,51.02,91.438,236.9
7/3/2000,6.294,5.989,5.867,19.83,99.87,26.67,40,54.6,52.61,87.5,241.1
7/4/2000,6.294,5.989,5.867,19.83,99.87,26.67,40,54.6,52.61,85.5,241.1
7/5/2000,6.285,5.984,5.857,21.16,101.03,26.67,40,48.16,49.99,76.2,241.6
7/6/2000,6.336,6.048,5.908,20.94,101.11,56.1,15.85,50.95,51.11,72.6,235.2
7/7/2000,6.276,6.001,5.869,19.22,101.11,56.1,15.85,56.34,53.43,71.175,239.9
7/10/2000,6.301,6.035,5.886,20.33,95.58,56.1,15.85,55.37,53.05,67.8,236.5
7/11/2000,6.309,6.048,5.885,20.11,95.58,56.1,15.85,56.66,53.6,60.425,235.2
7/12/2000,6.326,6.08,5.878,20.03,95.93,56.1,15.85,59.53,54.85,55.325,232
7/13/2000,6.283,6.005,5.816,20.03,97.64,65,20,60.21,55.16,55.675,239.5
7/14/2000,6.395,6.096,5.876,19.32,96.65,65,20,63.45,56.63,55.6,230.4
7/17/2000,6.438,6.148,5.915,19.45,96,65,20,63.57,56.68,59.8,225.2
7/18/2000,6.429,6.141,5.908,19.75,95.22,65,20,57.19,54.42,58.8,225.9
7/19/2000,6.455,6.154,5.913,19.65,94.68,65,20,53.15,52.89,55.8,224.6
7/20/2000,6.316,6.002,5.809,18.94,92.74,66.67,12,56.94,54.43,56.9,239.8
7/21/2000,6.324,5.998,5.789,18.94,90.1,66.67,12,51.84,52.43,60.15,240.2
7/24/2000,6.342,6.034,5.815,19.92,89.71,66.67,12,47.14,50.46,56.775,236.6
7/25/2000,6.333,6.028,5.807,19.39,89.04,66.67,12,50.25,51.66,53.1,237.2
7/26/2000,6.333,6.027,5.807,19.67,88.38,66.67,12,44.19,48.99,54.05,237.3
7/27/2000,6.263,6,5.771,19.6,86.56,42.86,20,43.47,48.66,51.05,240
7/28/2000,6.28,6.034,5.785,20.84,86.05,42.86,20,36.67,45.3,52.225,236.6
7/31/2000,6.288,6.031,5.782,20.74,87.04,42.86,20,40.37,46.7,50.288,228.9
8/1/2000,6.237,5.984,5.727,20.55,87.33,42.86,20,42.76,47.62,48.4,233.6
8/2/2000,6.22,5.976,5.759,20,95.72,42.86,20,42.96,47.7,47.5,234.4
8/3/2000,6.212,5.952,5.737,19.99,95.37,41.3,23.91,47.59,49.48,49.075,236.8
8/4/2000,6.135,5.901,5.708,18.62,89.78,41.3,23.91,50.81,50.78,49,241.9
8/7/2000,6.177,5.956,5.752,19.03,85.39,41.3,23.91,55.47,52.76,45.125,236.4
8/8/2000,6.16,5.92,5.731,18.79,82.93,41.3,23.91,56.41,53.17,42.7,240
8/9/2000,6.159,5.916,5.725,19.18,82.23,41.3,23.91,52.96,51.83,43.613,240.4
8/10/2000,6.159,5.763,5.681,19.19,84.06,54.1,11.48,48.88,50.17,42.025,255.7
8/11/2000,6.244,5.79,5.706,18.55,84.06,54.1,11.48,52.5,51.64,38,253
8/14/2000,6.227,5.771,5.69,17.88,79.26,54.1,11.48,57.97,54.04,40.95,254.9
8/15/2000,6.27,5.802,5.709,17.98,80.17,54.1,11.48,55.48,53.06,43.3,251.8
8/16/2000,6.287,5.838,5.742,18.02,78.43,54.1,11.48,53.88,52.42,43.4,248.2
8/17/2000,6.287,5.81,5.712,17.48,80.04,59.38,18.75,58.45,54.42,43.5,251
8/18/2000,6.252,5.773,5.69,17.05,80.38,59.38,18.75,56.82,53.79,42.8,254.7
8/21/2000,6.278,5.781,5.708,17.35,80.38,59.38,18.75,59.01,54.75,42.9,253.9
8/22/2000,6.26,5.775,5.712,17.47,75.5,59.38,18.75,58.46,54.55,41.1,254.5
8/23/2000,6.208,5.727,5.671,17.38,77.05,59.38,18.75,60.76,55.54,40.2,259.3
8/24/2000,6.188,5.719,5.657,17.04,77.05,57.69,23.08,61.45,55.84,39.3,260.1
8/25/2000,6.197,5.729,5.669,16.53,75.81,57.69,23.08,60.54,55.53,38.6,259.1
8/28/2000,6.222,5.777,5.723,16.54,75.24,57.69,23.08,62.97,56.55,35.6,254.3
8/29/2000,6.256,5.808,5.747,16.89,75.75,57.69,23.08,60.73,55.82,37.1,251.2
8/30/2000,6.231,5.8,5.733,17.69,76.86,57.69,23.08,57.01,54.57,36.2,252
8/31/2000,6.163,5.725,5.668,16.84,79.54,55.88,17.65,62.2,56.65,37.3,244.5
9/1/2000,6.078,5.679,5.661,17.53,77.86,55.88,17.65,63.18,57.07,41.15,249.1
9/4/2000,6.082,5.683,5.665,17.53,77.86,55.88,17.65,63.18,57.07,39.075,248.7
9/5/2000,6.078,5.689,5.667,19.82,77.41,55.88,17.65,56.23,54.66,41.513,248.1
9/6/2000,6.103,5.724,5.707,20.79,84.12,55.88,17.65,49.83,52.19,43.438,244.6
9/7/2000,6.128,5.752,5.715,19.42,84.1,62.5,8.33,53.75,53.69,46.2,241.8
9/8/2000,6.094,5.739,5.7,18.46,86.6,62.5,8.33,50.44,52.36,50.7,243.1
9/11/2000,6.119,5.766,5.725,18.4,84.19,62.5,8.33,48.34,51.5,49.7,240.4
9/12/2000,6.119,5.772,5.751,18.59,82.28,62.5,8.33,45.51,50.31,56,239.8
9/13/2000,6.076,5.724,5.731,18.32,82.21,62.5,8.33,46.85,50.78,56.1,244.6
9/14/2000,6.093,5.785,5.815,18.26,82.22,41.18,23.53,45.19,50.1,52,238.5
9/15/2000,6.067,5.84,5.9,18.52,86.71,41.18,23.53,39.55,47.64,52.3,233
9/18/2000,6.024,5.871,5.952,20.25,89.59,41.18,23.53,33.24,44.45,52.5,229.9
9/19/2000,6.067,5.852,5.908,19.54,84.89,41.18,23.53,40.62,47.1,50.675,231.8
9/20/2000,6.092,5.897,5.961,19.93,83.77,41.18,23.53,38.09,45.84,50.9,227.3
9/21/2000,6.023,5.823,5.893,20.18,82.77,43.75,18.75,37.42,45.51,51,234.7
9/22/2000,6.083,5.848,5.913,20.74,85.23,43.75,18.75,37.32,45.46,50.3,232.2
9/25/2000,6.092,5.837,5.895,21.41,82.82,43.75,18.75,34.37,44,52.5,233.3
9/26/2000,6.048,5.802,5.854,21.88,85.29,43.75,18.75,31.13,42.28,48.7,236.8
9/27/2000,6.048,5.821,5.9,21.67,85.29,43.75,18.75,30.96,42.19,46.7,234.9
9/28/2000,6,5.812,5.882,19.47,82.76,53.33,6.67,46.55,48,58.1,235.8
9/29/2000,5.979,5.802,5.885,20.57,82.81,53.33,6.67,39.89,44.8,60.125,236.8
10/2/2000,5.97,5.823,5.923,21.23,83.08,53.33,6.67,39.81,44.76,59.538,234.7
10/3/2000,5.995,5.867,5.94,21.85,83.08,53.33,6.67,37.06,43.37,54.95,230.3
10/4/2000,6.012,5.886,5.937,21.54,83.67,53.33,6.67,40.61,44.8,55.05,228.4
10/5/2000,6.004,5.852,5.892,21.03,80.23,41.94,25.81,41.5,45.15,54.15,231.8
10/6/2000,5.969,5.812,5.837,22.71,79.23,41.94,25.81,33.9,41.32,55.55,235.8
10/9/2000,5.995,5.823,5.846,24.02,79.23,41.94,25.81,32.28,40.42,55.5,234.7
10/10/2000,5.935,5.772,5.806,24.86,80.03,41.94,25.81,29.05,38.53,56.788,239.8
10/11/2000,5.935,5.774,5.823,26.57,82.04,41.94,25.81,25.02,35.95,57.475,239.6
10/12/2000,5.824,5.709,5.811,30.51,89.08,41.46,31.71,20.31,32.45,62.713,246.1
10/13/2000,5.857,5.724,5.804,27.6,88.89,41.46,31.71,36.68,40.13,58.163,244.6
10/16/2000,5.882,5.732,5.807,26.79,84.4,41.46,31.71,36.82,40.2,53.375,243.8
10/17/2000,5.831,5.673,5.767,27.84,87.26,41.46,31.71,32.53,37.66,47.1,249.7
10/18/2000,5.83,5.667,5.77,28.72,87.31,41.46,31.71,31.28,36.89,46.3,250.3
10/19/2000,5.839,5.655,5.75,25.09,87.29,48.89,24.44,44.84,43.93,45.3,251.5
10/20/2000,5.829,5.632,5.727,24.24,84.59,48.89,24.44,46.82,45.04,45.725,253.8
10/23/2000,5.811,5.584,5.682,24.69,81.34,48.89,24.44,46.57,44.91,42.6,258.6
10/24/2000,5.828,5.615,5.705,24.28,82.08,48.89,24.44,47.2,45.24,40.9,255.5
10/25/2000,5.906,5.684,5.746,26.65,85.96,48.89,24.44,40.02,41.57,38.9,248.6
10/26/2000,5.913,5.69,5.735,28.62,85.56,64.1,17.95,39.93,41.52,39.975,248
10/27/2000,5.93,5.713,5.741,26.47,85.23,64.1,17.95,44.39,43.74,42.25,245.7
10/30/2000,5.956,5.732,5.758,25.46,85.61,64.1,17.95,49.48,46.4,40.375,243.8
10/31/2000,5.914,5.751,5.788,23.63,87.12,64.1,17.95,56.4,50.32,37.1,269.9
11/1/2000,5.872,5.742,5.78,24.28,77.96,64.1,17.95,54.27,49.32,39.175,270.8
11/2/2000,5.855,5.738,5.785,23.92,83.54,51.61,22.58,55.83,50.21,36.425,271.2
11/3/2000,5.932,5.827,5.859,23.67,82.94,51.61,22.58,55.36,50,35.663,262.3
11/6/2000,5.966,5.855,5.885,24.52,82.31,51.61,22.58,56.68,50.71,31.875,259.5
11/7/2000,5.974,5.866,5.894,24.91,83.02,51.61,22.58,56.57,50.66,34.413,258.4
11/8/2000,5.957,5.855,5.873,25.66,82.17,51.61,22.58,49.62,47.7,36.738,259.5
11/9/2000,5.949,5.825,5.867,27.2,86.06,62.86,8.57,47.09,46.56,36.9,262.5
11/10/2000,5.89,5.783,5.869,28.53,85.71,62.86,8.57,39.09,42.62,39.4,266.7
11/13/2000,5.881,5.766,5.838,29.06,85.71,62.86,8.57,36.23,41.07,39.438,268.4
11/14/2000,5.907,5.755,5.819,26.81,83.19,62.86,8.57,45.47,45.48,39.713,269.5
11/15/2000,5.89,5.711,5.766,26.15,80.41,62.86,8.57,47.26,46.38,39.75,273.9
11/16/2000,5.856,5.669,5.741,25.05,78.63,45.83,16.67,43.37,44.45,42.075,278.1
11/17/2000,5.873,5.704,5.776,24.81,73.41,45.83,16.67,42.38,43.95,40.563,274.6
11/20/2000,5.864,5.677,5.754,27.43,72.32,45.83,16.67,37.37,41.34,40.913,277.3
11/21/2000,5.856,5.652,5.728,26.62,73.01,45.83,16.67,38.84,42.01,39.963,279.8
11/22/2000,5.839,5.624,5.656,27.71,75.62,45.83,16.67,34.27,39.53,39.163,282.6
11/23/2000,5.817,5.612,5.675,27.71,75.62,36.51,36.51,34.27,39.53,44.6,283.8
11/24/2000,5.865,5.624,5.667,26,75.93,36.51,36.51,40.16,42.27,38.375,282.6
11/27/2000,5.856,5.624,5.696,26.93,71.29,36.51,36.51,42.22,43.25,43.575,282.6
11/28/2000,5.795,5.582,5.675,27.64,71.25,36.51,36.51,39.59,41.93,47.075,286.8
11/29/2000,5.647,5.524,5.641,27.49,78.17,36.51,36.51,41.37,42.75,52.225,292.6
11/30/2000,5.613,5.468,5.608,29.65,91.93,60.42,16.67,36.07,40.04,51.3,288.2
12/1/2000,5.604,5.503,5.635,27.48,87.69,60.42,16.67,36.16,40.08,46.925,284.7
12/4/2000,5.604,5.551,5.693,27.78,86.68,60.42,16.67,39.41,41.51,52.175,279.9
12/5/2000,5.469,5.418,5.586,24.99,88.83,60.42,16.67,53.03,48.28,60.85,293.2
12/6/2000,5.426,5.326,5.525,25.07,93.69,60.42,16.67,47.44,45.62,53.45,302.4
12/7/2000,5.434,5.309,5.508,25.34,98.22,47.06,37.25,45.81,44.82,47.95,304.1
12/8/2000,5.442,5.299,5.502,22.41,98.44,47.06,37.25,51.78,47.98,51.2,305.1
12/11/2000,5.526,5.362,5.546,23.51,96.04,47.06,37.25,53.92,49.16,51.8,298.8
12/12/2000,5.518,5.346,5.53,24.88,96.16,47.06,37.25,51.76,48.17,49.1,300.4
12/13/2000,5.432,5.258,5.467,23.63,96.16,47.06,37.25,49.12,46.96,53.3,309.2
12/14/2000,5.407,5.213,5.437,24.86,101.26,59.62,32.69,44.92,44.97,50.15,313.7
12/15/2000,5.371,5.18,5.419,26.55,110.01,59.62,32.69,39.45,42.17,51.238,317
12/18/2000,5.32,5.17,5.442,27.7,115.05,59.62,32.69,42.24,43.51,57.825,318
12/19/2000,5.345,5.188,5.473,27.17,104.38,59.62,32.69,39.1,41.89,57.2,316.2
12/20/2000,5.208,5.037,5.4,31.74,124.48,59.62,32.69,32.83,38.36,71.5,331.3
12/21/2000,5.147,5.025,5.407,29.66,121.36,31.11,51.11,35.58,39.66,100.275,332.5
12/22/2000,5.076,5.006,5.402,27.55,121.36,31.11,51.11,43.28,43.46,118.9,334.4
12/25/2000,5.084,5.008,5.393,27.55,121.36,31.11,51.11,43.28,43.46,119,334.2
12/26/2000,5.126,5.056,5.432,28.73,114.17,31.11,51.11,45.37,44.53,69.2,329.4
12/27/2000,5.177,5.104,5.452,28.14,102.13,31.11,51.11,48.41,46.1,66.313,324.6
12/28/2000,5.154,5.118,5.444,26.57,105.33,40,32,49.57,46.7,51.225,323.2
12/29/2000,5.096,5.112,5.457,26.85,104.91,40,32,46.59,45.32,50.375,293.8
1/1/2001,5.104,5.114,5.458,26.85,104.91,40,32,46.59,45.32,51.475,293.6
1/2/2001,4.862,4.915,5.342,29.99,113.93,40,32,39.75,41.92,46.725,313.5
1/3/2001,4.929,5.158,5.5,26.6,112.96,40,32,52.73,48.82,62.625,289.2
1/4/2001,4.787,5.039,5.441,26.97,114.51,42.59,24.07,50.16,47.53,49.825,301.1
1/5/2001,4.569,4.931,5.398,28.67,117.05,42.59,24.07,44.41,44.53,57.9,311.9
1/8/2001,4.56,4.956,5.447,29.84,119.37,42.59,24.07,44.03,44.32,39.725,309.4
1/9/2001,4.659,5,5.429,27.99,117.13,42.59,24.07,45.05,44.85,33.775,305
1/10/2001,4.775,5.104,5.499,26.8,114.05,42.59,24.07,47.65,46.17,34.4,294.6
1/11/2001,4.733,5.11,5.54,25.79,112.05,35.71,42.86,50.39,47.58,37.125,294
1/12/2001,4.891,5.25,5.618,24.56,110.86,35.71,42.86,48.67,46.78,35.575,280
1/15/2001,4.891,5.242,5.618,24.56,110.86,35.71,42.86,48.67,46.78,41.825,280.8
1/16/2001,4.881,5.23,5.596,25.28,104.97,35.71,42.86,50.46,47.67,38.575,282
1/17/2001,4.822,5.175,5.524,24.93,103.31,35.71,42.86,51.08,47.98,38.075,287.5
1/18/2001,4.72,5.114,5.475,23.37,109.29,36.59,24.39,55.06,49.95,37.475,293.6
1/19/2001,4.735,5.168,5.553,23.24,109.61,36.59,24.39,53.68,49.38,37.025,288.2
1/22/2001,4.743,5.225,5.603,23.25,110.42,36.59,24.39,53.76,49.42,34.125,282.5
1/23/2001,4.828,5.281,5.652,21.57,112.23,36.59,24.39,57.72,51.33,30.75,276.9
1/24/2001,4.844,5.305,5.659,22.03,113.54,36.59,24.39,58.57,51.75,33.5,274.5
1/25/2001,4.762,5.245,5.592,22.64,113.54,49.23,26.15,56.44,50.96,33.35,280.5
1/26/2001,4.771,5.268,5.64,22.57,104.24,49.23,26.15,55.62,50.65,39.95,278.2
1/29/2001,4.762,5.303,5.687,22.61,100.27,49.23,26.15,57.99,51.72,40.65,274.7
1/30/2001,4.696,5.229,5.593,22.57,100.27,49.23,26.15,60.35,52.82,49.9,282.1
1/31/2001,4.572,5.114,5.501,22.02,103.02,49.23,26.15,57.54,51.83,42.725,246.6
2/1/2001,4.555,5.086,5.46,21.66,104.67,50,19.23,59.5,52.71,36.6,249.4
2/2/2001,4.637,5.148,5.509,21.95,101.34,50,19.23,51.28,49.7,31.25,243.2
2/5/2001,4.67,5.167,5.49,22.19,100.28,50,19.23,52.7,50.29,29.5,241.3
2/6/2001,4.687,5.183,5.501,21.98,97.88,50,19.23,52,50.03,33.2,239.7
2/7/2001,4.72,5.187,5.55,21.67,101.58,50,19.23,48.22,48.6,34.3,239.3
2/8/2001,4.712,5.089,5.529,21.46,101.57,55.56,14.44,45.6,47.56,33.275,249.1
2/9/2001,4.636,5.03,5.389,22.03,104.53,55.56,14.44,40.55,45.43,35.6,255
2/12/2001,4.661,5.046,5.416,21.92,108.23,55.56,14.44,46.17,47.56,33.45,253.4
2/13/2001,4.719,5.07,5.412,21.37,103.48,55.56,14.44,42.93,46.18,35.275,251
2/14/2001,4.855,5.164,5.457,21.52,99.39,55.56,14.44,42.14,45.83,33.3,241.6
2/15/2001,4.838,5.166,5.487,20.27,102.34,30.43,21.74,46.13,47.34,32.55,241.4
2/16/2001,4.719,5.109,5.454,22.12,107.02,30.43,21.74,39.28,44.35,43,247.1
2/19/2001,4.702,5.097,5.456,22.12,107.02,30.43,21.74,39.28,44.35,40.313,248.3
2/20/2001,4.727,5.105,5.459,24.69,105.33,30.43,21.74,34.34,41.88,35.4,247.5
2/21/2001,4.693,5.139,5.487,25.75,105.52,30.43,21.74,30.07,39.5,35.5,244.1
2/22/2001,4.596,5.156,5.528,26.76,106.56,26.32,38.6,29.66,39.26,33.1,242.4
2/23/2001,4.53,5.097,5.478,27.21,112.96,26.32,38.6,28.47,38.57,41.3,248.3
2/26/2001,4.448,5.034,5.428,25.43,110.88,26.32,38.6,37,41.86,35.875,254.6
2/27/2001,4.439,4.952,5.352,26.49,111.85,26.32,38.6,34.99,40.86,31.675,262.8
2/28/2001,4.39,4.896,5.314,28.35,110.77,26.32,38.6,31.58,39.05,19.35,257.4
3/1/2001,4.406,4.874,5.293,28.08,110.14,45.95,33.78,32.09,39.25,24.075,259.6
3/2/2001,4.463,4.947,5.367,27.43,110.68,45.95,33.78,30.74,38.54,24.65,252.3
3/5/2001,4.479,4.976,5.375,27.12,104.86,45.95,33.78,33.82,39.7,24.5,249.4
3/6/2001,4.47,4.971,5.381,25.89,100.99,45.95,33.78,38.83,41.65,36.5,249.9
3/7/2001,4.404,4.899,5.311,24.12,108.84,45.95,33.78,41.93,42.9,41.175,257.1
3/8/2001,4.403,4.889,5.301,24.29,104.45,31.63,31.63,43.02,43.34,38.9,258.1
3/9/2001,4.469,4.929,5.322,25.62,98.57,31.63,31.63,35.18,39.84,32.9,254.1
3/12/2001,4.402,4.891,5.297,30.32,100.89,31.63,31.63,26.38,34.88,41.95,257.9
3/13/2001,4.435,4.929,5.322,27.55,103.75,31.63,31.63,32.37,37.52,40.275,254.1
3/14/2001,4.275,4.818,5.268,29.61,111.25,31.63,31.63,28.02,34.93,49.3,265.2
3/15/2001,4.216,4.786,5.268,28.56,112.81,30.91,36.36,30.25,35.94,42.65,268.4
3/16/2001,4.24,4.77,5.271,29.91,115.01,30.91,36.36,27.2,34.09,37.5,270
3/19/2001,4.298,4.813,5.291,29.78,111.48,30.91,36.36,33.56,37.04,32.5,265.7
3/20/2001,4.205,4.758,5.26,30.96,107.57,30.91,36.36,29.68,34.8,37.925,271.2
3/21/2001,4.213,4.778,5.283,31.93,107.57,30.91,36.36,27.22,33.29,53,269.2
3/22/2001,4.145,4.756,5.271,32.84,113.97,27.78,47.22,26.69,32.96,60.425,271.4
3/23/2001,4.261,4.815,5.314,30.45,111.01,27.78,47.22,33.5,36.15,52.2,265.5
3/26/2001,4.269,4.869,5.365,29.04,106.04,27.78,47.22,37.14,37.92,61.375,260.1
3/27/2001,4.413,5.011,5.459,27.04,108.07,27.78,47.22,44.61,41.75,53,245.9
3/28/2001,4.345,4.975,5.464,28.58,111.47,27.78,47.22,39.64,39.29,56.25,249.5
3/29/2001,4.271,4.997,5.496,29.17,110.3,37.25,27.45,38.78,38.86,53.625,247.3
3/30/2001,4.18,4.917,5.444,28.64,111.55,37.25,27.45,41.93,40.44,59.275,245.3
4/2/2001,4.213,4.977,5.488,31.21,111.37,37.25,27.45,39.38,39.21,58.5,239.3
4/3/2001,4.122,4.929,5.466,34.72,113.62,37.25,27.45,33.42,36.12,72.325,244.1
4/4/2001,4.097,4.914,5.476,34.07,114.3,37.25,27.45,32.98,35.88,71.8,245.6
4/5/2001,4.171,4.973,5.527,29.94,108.52,35.14,38.74,44.7,41.85,70.175,239.7
4/6/2001,4.079,4.89,5.464,31.69,109.3,35.14,38.74,41.01,40.01,88.125,248
4/9/2001,4.087,4.932,5.514,31.91,103.08,35.14,38.74,43.03,41.08,79.625,243.8
4/10/2001,4.212,5.083,5.627,29.44,99.68,35.14,38.74,49.29,44.51,81.3,228.7
4/11/2001,4.27,5.119,5.615,28.46,100.03,35.14,38.74,48.83,44.29,68.9,225.1
4/12/2001,4.354,5.169,5.613,26.12,98.25,30.3,40.91,52.28,46.2,78.175,220.1
4/13/2001,4.346,5.163,5.603,26.12,98.25,30.3,40.91,52.28,46.2,78.175,220.7
4/16/2001,4.439,5.254,5.683,26.33,100.04,30.3,40.91,51.47,45.85,64.875,211.6
4/17/2001,4.431,5.225,5.665,25.61,102.17,30.3,40.91,53.91,47.17,70.575,214.5
4/18/2001,4.245,5.146,5.658,24.13,108.73,30.3,40.91,61.82,51.83,92.15,222.4
4/19/2001,4.312,5.294,5.79,24.16,106.8,43.75,31.25,64.05,53.26,50.5,207.6
4/20/2001,4.236,5.288,5.797,25.38,109.1,43.75,31.25,61.39,52.15,65.85,208.2
4/23/2001,4.126,5.177,5.719,28.16,110.06,43.75,31.25,56.96,50.28,65.575,219.3
4/24/2001,4.134,5.209,5.758,28.49,107.67,43.75,31.25,53.63,48.83,57.8,216.1
4/25/2001,4.21,5.256,5.767,27.4,102.4,43.75,31.25,57.12,50.73,49.6,211.4
4/26/2001,4.144,5.192,5.711,25.96,103.68,46.55,31.03,58.14,51.3,51.7,217.8
4/27/2001,4.259,5.328,5.8,24.02,103.68,46.55,31.03,61.32,53.07,46.175,204.2
4/30/2001,4.276,5.338,5.788,25.48,108.72,46.55,31.03,60.36,52.69,45.325,214.2
5/1/2001,4.227,5.292,5.742,24.2,105.05,46.55,31.03,63.27,54.31,44.4,218.8
5/2/2001,4.252,5.288,5.702,24.23,110.09,46.55,31.03,63.44,54.4,42.25,219.2
5/3/2001,4.219,5.205,5.639,25.78,104.8,63.51,21.62,57.98,52.28,46.575,227.5
5/4/2001,4.145,5.205,5.676,23.91,99.5,63.51,21.62,61.4,54.05,54.2,227.5
5/7/2001,4.095,5.197,5.669,24.86,95.72,63.51,21.62,60.49,53.7,55.2,228.3
5/8/2001,4.112,5.245,5.738,24.44,95.47,63.51,21.62,59.78,53.43,39.975,223.5
5/9/2001,4.07,5.174,5.668,24.35,99.74,63.51,21.62,57.98,52.75,36.5,230.6
5/10/2001,4.162,5.295,5.762,24,102.58,53.33,17.78,57.86,52.71,33,218.5
5/11/2001,4.314,5.447,5.854,23.54,109.28,53.33,17.78,54.65,51.54,33.1,203.3
5/14/2001,4.272,5.42,5.842,24.26,106.35,53.33,17.78,55.56,51.92,42.425,206
5/15/2001,4.239,5.512,5.911,23.71,101.45,53.33,17.78,55.71,51.98,49.713,196.8
5/16/2001,4.231,5.445,5.853,21.89,103.27,53.33,17.78,64.64,55.98,47.6,203.5
5/17/2001,4.324,5.407,5.763,21.47,104.76,51.76,18.82,65.38,56.35,46.5,207.3
5/18/2001,4.359,5.405,5.767,21.23,107.92,51.76,18.82,66.14,56.72,46.1,207.5
5/21/2001,4.342,5.374,5.738,20.76,107.92,51.76,18.82,70.34,58.91,44.125,210.6
5/22/2001,4.326,5.41,5.778,21.35,106.72,51.76,18.82,68.82,58.41,41.7,207
5/23/2001,4.249,5.401,5.799,22.08,107.08,51.76,18.82,60.52,55.51,42.3,207.9
5/24/2001,4.301,5.491,5.846,20.57,109.4,61.9,16.67,61.53,55.97,35.725,198.9
5/25/2001,4.268,5.511,5.853,20.6,111.15,61.9,16.67,55.82,53.84,37.4,196.9
5/28/2001,4.268,5.494,5.854,20.6,111.15,61.9,16.67,55.82,53.84,38.5,198.6
5/29/2001,4.312,5.515,5.86,22.14,106.41,61.9,16.67,52.4,52.49,29.3,196.5
5/30/2001,4.303,5.509,5.842,22.76,106.41,61.9,16.67,46.32,49.92,32.2,197.1
5/31/2001,4.188,5.381,5.753,22.64,105.49,49.35,28.57,48.81,50.89,37.4,201.9
6/1/2001,4.213,5.364,5.705,21.59,96.78,49.35,28.57,50.37,51.5,28.65,203.6
6/4/2001,4.179,5.341,5.692,21.38,92.11,49.35,28.57,52.44,52.31,24.3,205.9
6/5/2001,4.105,5.269,5.653,19.58,95.6,49.35,28.57,57.33,54.34,30.3,213.1
6/6/2001,4.113,5.255,5.647,20.39,101.02,49.35,28.57,52.54,52.44,31.15,214.5
6/7/2001,4.121,5.324,5.729,19.67,101.7,42.55,25.53,54.63,53.3,29.213,207.6
6/8/2001,4.153,5.356,5.737,19.92,99.34,42.55,25.53,50.49,51.63,27.963,204.4
6/11/2001,4.087,5.284,5.683,20.7,98.01,42.55,25.53,47.1,50.19,31.6,211.6
6/12/2001,4.061,5.253,5.652,20.7,100.41,42.55,25.53,47.62,50.39,35.375,214.7
6/13/2001,4.044,5.263,5.662,21.45,97.81,42.55,25.53,43.14,48.45,34.6,213.7
6/14/2001,4.002,5.221,5.642,23.12,99.81,30.51,22.03,37.36,45.68,32.35,217.9
6/15/2001,3.976,5.232,5.677,22.81,98.6,30.51,22.03,36.04,45,34.925,216.8
6/18/2001,3.967,5.251,5.701,23.17,97.7,30.51,22.03,34.63,44.27,30.588,214.9
6/19/2001,3.958,5.236,5.689,22.34,97.3,30.51,22.03,36.51,44.92,34.75,216.4
6/20/2001,3.949,5.205,5.665,21.71,96.52,30.51,22.03,41.14,46.55,25.7,219.5
6/21/2001,3.957,5.172,5.623,19.38,95.31,33.33,23.33,46.67,48.62,22.575,222.8
6/22/2001,3.897,5.115,5.575,20.02,96.9,33.33,23.33,43.01,47.04,29,228.5
6/25/2001,3.922,5.13,5.587,20.67,96.22,33.33,23.33,41.01,46.14,26.6,227
6/26/2001,4.006,5.224,5.652,21.2,98.83,33.33,23.33,40.46,45.89,24.8,217.6
6/27/2001,4.108,5.235,5.618,20.88,95.22,33.33,23.33,38.73,45.12,17.6,216.5
6/28/2001,4.209,5.334,5.671,20.01,95.89,30.38,32.91,45.43,47.55,16.4,206.6
6/29/2001,4.242,5.412,5.759,19.06,96.6,30.38,32.91,44.81,47.29,18.025,196.8
7/2/2001,4.168,5.322,5.687,18.76,95.43,30.38,32.91,49.9,49.24,18.4,205.8
7/3/2001,4.235,5.38,5.719,18.92,94.05,30.38,32.91,49,48.89,16.2,200
7/4/2001,4.236,5.378,5.725,18.92,94.05,30.38,32.91,49,48.89,17.05,200.2
7/5/2001,4.237,5.391,5.74,20.09,93.64,40.74,18.52,43.36,46.63,20.5,198.9
7/6/2001,4.12,5.359,5.732,21.63,92.87,40.74,18.52,35.16,42.77,17.4,202.1
7/9/2001,4.112,5.327,5.694,22.48,90.7,40.74,18.52,38.73,44.14,14.4,205.3
7/10/2001,4.003,5.274,5.67,23.25,93.39,40.74,18.52,34.43,41.96,17.3,210.6
7/11/2001,4.054,5.289,5.684,24.01,98.3,40.74,18.52,34.11,41.79,18.5,209.1
7/12/2001,4.037,5.234,5.649,22.09,100.06,25.27,36.26,45.4,46.37,17.5,214.6
7/13/2001,4.071,5.217,5.619,21.14,99.19,25.27,36.26,47.99,47.52,14.375,216.3
7/16/2001,4.038,5.173,5.579,22.91,98.47,25.27,36.26,44.04,45.74,14.5,220.7
7/17/2001,4.08,5.204,5.599,22.61,95.01,25.27,36.26,48.2,47.59,15.4,217.6
7/18/2001,3.92,5.091,5.516,23.6,97.61,25.27,36.26,46.13,46.66,24.7,228.9
7/19/2001,3.946,5.106,5.527,22.51,92.08,50,15.22,48.7,47.8,16.6,227.4
7/20/2001,3.946,5.129,5.549,22.34,92.9,50,15.22,47.31,47.21,19.675,225.1
7/23/2001,3.937,5.104,5.527,23.74,91.31,50,15.22,41.28,44.49,16.8,227.6
7/24/2001,3.937,5.11,5.528,25.24,92.78,50,15.22,36.39,42.05,17.9,227
7/25/2001,3.98,5.182,5.597,24,92.4,50,15.22,43.41,45.08,15.6,219.8
7/26/2001,3.912,5.129,5.571,23.01,92.21,29.52,38.1,47.52,46.98,16.1,225.1
7/27/2001,3.863,5.098,5.543,22,94.71,29.52,38.1,48.46,47.42,16.425,228.2
7/30/2001,3.846,5.066,5.514,22.69,94.71,29.52,38.1,48.04,47.23,11.575,231.4
7/31/2001,3.797,5.054,5.522,21.62,91.15,29.52,38.1,50.41,48.29,14.6,191.6
8/1/2001,3.813,5.071,5.526,20.56,92.26,29.52,38.1,52.06,49.03,14.325,189.9
8/2/2001,3.895,5.151,5.578,20.09,90.46,36.36,36.36,53.75,49.79,11.6,181.9
8/3/2001,3.895,5.157,5.585,19.89,89.8,36.36,36.36,51.16,48.79,13.425,181.3
8/6/2001,3.862,5.153,5.592,21.89,88.1,36.36,36.36,46,46.69,14.9,181.7
8/7/2001,3.87,5.168,5.599,21.01,87.91,36.36,36.36,47.61,47.35,9.875,180.2
8/8/2001,3.73,5.05,5.507,22.32,93.9,36.36,36.36,40.65,44.32,16.55,192
8/9/2001,3.729,5.034,5.534,21.75,94.2,34.94,27.71,40.62,44.3,15.4,193.6
8/10/2001,3.687,4.98,5.504,20.55,93.96,34.94,27.71,43.7,45.51,16.975,199
8/13/2001,3.67,4.976,5.512,20.42,94.75,34.94,27.71,44.22,45.71,15.1,199.4
8/14/2001,3.72,4.966,5.506,20.48,94.25,34.94,27.71,42.51,45.01,12.9,200.4
8/15/2001,3.786,5,5.517,20.91,96.51,34.94,27.71,39.37,43.68,12.9,197
8/16/2001,3.719,4.94,5.477,21.54,96.33,35.42,37.5,41.32,44.39,16.225,203
8/17/2001,3.643,4.839,5.42,23.84,102.72,35.42,37.5,34.8,41.47,17.95,213.1
8/20/2001,3.718,4.902,5.453,22.87,100.62,35.42,37.5,39.71,43.32,8.975,206.8
8/21/2001,3.676,4.864,5.432,24.4,99.84,35.42,37.5,35.41,41.29,15.85,210.6
8/22/2001,3.726,4.894,5.435,22.44,97.59,35.42,37.5,39.43,42.86,13.35,207.6
8/23/2001,3.692,4.88,5.412,22.23,96.5,34.48,31.03,38.4,42.39,11.25,209
8/24/2001,3.768,4.922,5.449,19.71,95.12,34.48,31.03,48.65,46.68,6.75,204.8
8/27/2001,3.734,4.924,5.463,20.56,93.61,34.48,31.03,46.56,45.8,5.75,204.6
8/28/2001,3.666,4.836,5.405,22,93.63,34.48,31.03,40.73,43.18,10.4,213.4
8/29/2001,3.631,4.771,5.362,23.03,95.39,34.48,31.03,37.08,41.4,9,219.9
8/30/2001,3.596,4.812,5.385,25.41,97.57,31.43,22.86,32.36,38.88,12.1,215.8
8/31/2001,3.629,4.832,5.368,24.92,94.28,31.43,22.86,34.45,39.76,9.55,205.8
9/3/2001,3.629,4.826,5.369,24.92,94.28,31.43,22.86,34.45,39.76,9.863,206.4
9/4/2001,3.794,4.959,5.483,25.85,97.01,31.43,22.86,34.29,39.68,2.725,193.1
9/5/2001,3.769,4.967,5.479,26.35,103.22,31.43,22.86,33.97,39.52,11,192.3
9/6/2001,3.637,4.873,5.413,28.61,105.73,30.34,33.71,28.02,36.31,15.1,201.7
9/7/2001,3.505,4.79,5.369,30.99,105.41,30.34,33.71,24.29,33.99,23.225,210
9/10/2001,3.504,4.835,5.437,31.84,105.64,30.34,33.71,27.69,35.39,9.6,205.5
9/11/2001,3.517,4.809,5.416,31.84,105.64,30.34,33.71,27.69,35.39,10.4,208.1
9/12/2001,3.517,4.809,5.416,31.84,105.64,30.34,33.71,27.69,35.39,-5.775,208.1
9/13/2001,2.984,4.623,5.392,31.84,140.28,26.67,36.67,27.69,35.39,32.7,226.7
9/14/2001,2.866,4.553,5.35,31.84,145.47,26.67,36.67,27.69,35.39,42,233.7
9/17/2001,2.939,4.623,5.423,41.76,136.01,26.67,36.67,20,30.13,37,226.7
9/18/2001,2.947,4.707,5.542,38.87,119.54,26.67,36.67,19.36,29.62,44,218.3
9/19/2001,2.814,4.691,5.551,40.56,123.31,26.67,36.67,17.65,28.25,59.613,219.9
9/20/2001,2.879,4.742,5.623,43.74,126.02,31.08,44.59,14.97,25.9,39.55,214.8
9/21/2001,2.867,4.691,5.583,42.66,120.4,31.08,44.59,13.64,24.65,36.7,219.9
9/24/2001,2.908,4.716,5.576,37.75,111.56,31.08,44.59,27.55,31.55,23,217.4
9/25/2001,2.848,4.7,5.568,35.81,117.1,31.08,44.59,30.37,33.04,19.8,219
9/26/2001,2.806,4.628,5.502,35.26,116.58,31.08,44.59,29.64,32.61,22.025,226.2
9/27/2001,2.762,4.548,5.435,34,118.46,51.11,22.22,33.49,34.57,22.9,234.2
9/28/2001,2.851,4.588,5.421,31.93,115.96,51.11,22.22,40.29,38.18,21.9,247.2
10/1/2001,2.803,4.54,5.373,32.32,118.62,51.11,22.22,39.82,37.95,24,252
10/2/2001,2.746,4.501,5.322,31.18,110.53,51.11,22.22,43.6,39.96,31.35,255.9
10/3/2001,2.746,4.468,5.293,31.34,118.67,51.11,22.22,49.23,43.1,26.2,259.2
10/4/2001,2.738,4.506,5.302,31.97,113.78,51.22,29.27,48.57,42.81,29.3,255.4
10/5/2001,2.721,4.504,5.308,33.39,107.44,51.22,29.27,49.06,43.07,30.525,255.6
10/8/2001,2.697,4.506,5.312,35.12,107.44,51.22,29.27,46.63,42.04,25.4,255.4
10/9/2001,2.729,4.593,5.376,34.83,106.97,51.22,29.27,45.1,41.4,21.525,246.7
10/10/2001,2.754,4.597,5.365,31.6,107.76,51.22,29.27,52.28,45.13,21.3,246.3
10/11/2001,2.836,4.666,5.401,31.5,107.16,47.37,28.07,56.44,47.47,15.1,239.4
10/12/2001,2.803,4.669,5.426,35.27,109.31,47.37,28.07,54.64,46.75,20.825,239.1
10/15/2001,2.754,4.599,5.371,35.31,110.81,47.37,28.07,54.1,46.53,17.325,246.1
10/16/2001,2.737,4.559,5.343,32.88,111.42,47.37,28.07,56.2,47.65,21.3,250.1
10/17/2001,2.762,4.567,5.314,35.08,112.83,47.37,28.07,49.59,45.02,19.3,249.3
10/18/2001,2.745,4.577,5.318,34.95,111.77,60.56,21.13,47.11,43.98,20.3,248.3
10/19/2001,2.754,4.621,5.358,34.11,108.65,60.56,21.13,48.69,44.74,17.025,243.9
10/22/2001,2.779,4.633,5.384,32.25,105.33,60.56,21.13,53.73,47.23,12.55,242.7
10/23/2001,2.77,4.643,5.389,32,104.22,60.56,21.13,52.01,46.55,14.3,241.7
10/24/2001,2.695,4.596,5.339,30.95,101.96,60.56,21.13,52.15,46.62,17.4,246.4
10/25/2001,2.649,4.551,5.297,29.46,106.32,55.88,17.65,56.78,48.9,16.4,250.9
10/26/2001,2.625,4.529,5.271,28.42,105.97,55.88,17.65,58.11,49.58,13.5,253.1
10/29/2001,2.56,4.48,5.262,31.64,102.64,55.88,17.65,48.73,45.92,16.6,258
10/30/2001,2.448,4.41,5.205,33.46,106.22,55.88,17.65,43.42,43.57,21.7,265
10/31/2001,2.423,4.232,4.874,33.56,117.52,55.88,17.65,43.42,43.57,18.8,249.8
11/1/2001,2.487,4.24,4.803,32.31,116.71,35,33.33,51.48,47.35,14.6,249
11/2/2001,2.486,4.358,4.956,30.71,116.07,35,33.33,52.41,47.81,14.7,237.2
11/5/2001,2.445,4.296,4.857,30.5,116.5,35,33.33,56.9,50.09,15.3,243.4
11/6/2001,2.332,4.256,4.846,28.8,110.68,35,33.33,60.96,52.29,29.6,247.4
11/7/2001,2.299,4.178,4.791,29.13,118.54,35,33.33,59.8,51.84,21.3,255.2
11/8/2001,2.404,4.286,4.864,28.62,117.43,34.62,42.31,60.52,52.22,16.075,244.4
11/9/2001,2.426,4.303,4.873,27.44,119.65,34.62,42.31,61.01,52.48,17.825,242.7
11/12/2001,2.409,4.303,4.876,29.35,119.65,34.62,42.31,60.11,52.16,19.7,242.7
11/13/2001,2.515,4.378,4.921,26.47,113.83,34.62,42.31,65.79,55.12,17.325,235.2
11/14/2001,2.713,4.539,5.027,26.56,113.73,34.62,42.31,66.31,55.41,14.225,219.1
11/15/2001,2.969,4.762,5.221,25.56,131.28,45.45,33.33,66.58,55.56,20,196.8
11/16/2001,3.012,4.843,5.268,25.07,146.71,45.45,33.33,64.64,54.91,18.775,188.7
11/19/2001,2.912,4.798,5.237,24.46,137.22,45.45,33.33,68.1,56.71,22,193.2
11/20/2001,2.945,4.863,5.318,24.12,135.47,45.45,33.33,63.57,55.17,17.213,186.7
11/21/2001,3.072,5.013,5.355,24.19,141.89,45.45,33.33,60.66,54.15,17.9,171.7
11/22/2001,3.081,4.966,5.355,24.19,141.89,58.33,25,60.66,54.15,22.25,176.4
11/23/2001,3.15,4.987,5.36,23.25,144.32,58.33,25,64.77,56.13,19.525,174.3
11/26/2001,3.183,5.015,5.381,23.79,142.54,58.33,25,66.76,57.15,17.463,171.5
11/27/2001,3.023,4.919,5.333,24,149.26,58.33,25,62.5,55.65,28.85,181.1
11/28/2001,3.057,4.925,5.352,25.9,153.39,58.33,25,52.89,51.93,25.825,180.5
11/29/2001,2.866,4.756,5.237,25.18,148.26,69.33,20,56.87,53.71,30.425,197.4
11/30/2001,2.841,4.752,5.286,23.84,138.92,69.33,20,56.54,53.58,30.588,225.8
12/3/2001,2.776,4.687,5.243,25.77,122.86,69.33,20,52.37,51.9,22.05,232.3
12/4/2001,2.8,4.66,5.206,24.08,116.46,69.33,20,57.62,54.22,25.4,235
12/5/2001,3.061,4.893,5.355,23.02,143.5,69.33,20,64.79,57.82,18.325,211.7
12/6/2001,3.168,5.013,5.461,23.71,145.27,59.18,24.49,63.32,57.23,28.4,199.7
12/7/2001,3.201,5.167,5.584,23.49,165.03,59.18,24.49,59.4,55.63,30.875,184.3
12/10/2001,3.053,5.098,5.558,25.62,156.38,59.18,24.49,52.14,52.47,21.5,191.2
12/11/2001,2.971,5.051,5.539,25.3,145.32,59.18,24.49,50.98,51.94,25.6,195.9
12/12/2001,2.971,5.005,5.476,24.87,149.66,59.18,24.49,51.09,51.99,18.813,200.5
12/13/2001,3.037,5.073,5.509,25.91,151.7,61.4,14.04,44.69,49.05,17.5,193.7
12/14/2001,3.153,5.188,5.585,24.63,159.9,61.4,14.04,46.21,49.67,18,182.2
12/17/2001,3.137,5.186,5.567,24.26,166.51,61.4,14.04,50.66,51.51,14.525,182.4
12/18/2001,3.087,5.121,5.512,23.29,163.75,61.4,14.04,53.78,52.87,20.4,188.9
12/19/2001,3.07,5.047,5.448,22.58,164.38,61.4,14.04,56.1,53.91,19.75,196.3
12/20/2001,3.07,5.03,5.413,23.67,156.9,52.46,26.23,52.02,52.19,21.75,198
12/21/2001,3.129,5.084,5.442,22.5,141.22,52.46,26.23,53.88,52.99,20.5,192.6
12/24/2001,3.155,5.136,5.488,22.62,141.25,52.46,26.23,53.77,52.94,18.875,187.4
12/25/2001,3.147,5.136,5.49,22.62,141.25,52.46,26.23,53.77,52.94,18.875,187.4
12/26/2001,3.231,5.199,5.539,22.29,137.23,52.46,26.23,55.67,53.73,15.775,181.1
12/27/2001,3.071,5.065,5.472,21.59,137.07,57.69,26.92,58.67,55.01,17.275,194.5
12/28/2001,3.157,5.113,5.535,21.4,137.36,57.69,26.92,60.12,55.65,16.625,189.7
12/31/2001,3.026,5.051,5.466,23.8,137.36,57.69,26.92,53.39,53.06,15.625,211.9
1/1/2002,3.05,5.032,5.472,23.8,137.36,57.69,26.92,53.39,53.06,15.525,213.8
1/2/2002,3.205,5.16,5.556,22.71,146.07,57.69,26.92,56.08,54.19,12.775,201
1/3/2002,3.172,5.111,5.534,21.34,146.64,51.11,24.44,60.09,55.94,15.963,205.9
1/4/2002,3.155,5.128,5.548,20.45,135.25,51.11,24.44,62.6,57.1,15.5,204.2
1/7/2002,3.049,5.049,5.488,21.94,119.71,51.11,24.44,58.43,55.51,18.5,212.1
1/8/2002,3.057,5.08,5.529,21.83,117.51,51.11,24.44,56.22,54.64,16.75,209
1/9/2002,2.991,5.051,5.497,22.13,118.89,51.11,24.44,53.33,53.5,17.875,211.9
1/10/2002,2.933,4.979,5.416,22.36,118.05,54.79,21.92,53.98,53.75,15.625,219.1
1/11/2002,2.727,4.866,5.371,22.6,120.51,54.79,21.92,48.38,51.49,27.488,230.4
1/14/2002,2.775,4.876,5.379,23.58,118.14,54.79,21.92,45.07,50.06,15.175,229.4
1/15/2002,2.766,4.835,5.337,22.7,118.84,54.79,21.92,49.13,51.56,13.075,233.5
1/16/2002,2.79,4.839,5.347,23.45,119.43,54.79,21.92,41.28,47.98,11.263,233.1
1/17/2002,2.897,4.925,5.4,22.25,121.61,29.55,29.55,46.84,50.16,11.6,224.5
1/18/2002,2.936,4.894,5.358,22.52,119.67,29.55,29.55,42.51,48.08,15.7,227.6
1/21/2002,2.878,4.892,5.36,22.52,119.67,29.55,29.55,42.51,48.08,18.325,227.8
1/22/2002,2.927,4.919,5.384,23.61,118.53,29.55,29.55,39.62,46.62,9.5,225.1
1/23/2002,3.01,5.029,5.47,21.88,118.37,29.55,29.55,44.02,48.36,10.5,214.1
1/24/2002,3.142,5.008,5.444,21.15,117.76,34.69,30.61,45.91,49.13,9.4,216.2
1/25/2002,3.183,5.071,5.467,21.01,117.59,34.69,30.61,46.47,49.35,16.5,209.9
1/28/2002,3.175,5.073,5.467,21.14,116.42,34.69,30.61,46.37,49.31,14.4,209.7
1/29/2002,2.988,4.942,5.387,24.35,119.17,34.69,30.61,34.58,43.48,16.4,222.8
1/30/2002,3.093,5.014,5.434,23.22,115.35,34.69,30.61,41.02,46.11,10.3,215.6
1/31/2002,3.159,5.033,5.431,21.09,115.05,45.45,22.73,48.1,49.25,12.3,218.7
2/1/2002,3.069,4.985,5.393,21.12,115.05,45.45,22.73,45.28,47.86,16.4,223.5
2/4/2002,2.979,4.902,5.348,24.87,115.77,45.45,22.73,37.15,43.47,15.275,231.8
2/5/2002,2.979,4.894,5.342,25.45,118.01,45.45,22.73,36.05,42.82,14.3,232.6
2/6/2002,2.955,4.923,5.373,26.09,121.44,45.45,22.73,34.42,41.87,16.4,229.7
2/7/2002,2.955,4.939,5.41,25.11,122.27,37.5,22.93,33.58,41.38,17.4,228.1
2/8/2002,2.905,4.879,5.375,23.26,116.47,37.5,22.93,41.02,44.59,19.5,234.1
2/11/2002,2.938,4.907,5.404,21.78,111.84,37.5,22.93,47.25,47.5,15.65,231.3
2/12/2002,3.012,4.975,5.456,21.62,113.4,37.5,22.93,45.78,46.78,14.4,224.5
2/13/2002,3.037,4.987,5.454,20.85,115.8,37.5,22.93,49.94,48.77,15.4,223.3
2/14/2002,3.037,4.945,5.41,21.77,110.38,45.16,16.13,49.19,48.42,16.4,227.5
2/15/2002,2.944,4.875,5.366,22.37,111.9,45.16,16.13,44.8,46.37,17.4,234.5
2/18/2002,2.945,4.863,5.369,22.37,111.9,45.16,16.13,44.8,46.37,16.775,235.7
2/19/2002,2.937,4.873,5.388,24.43,111.64,45.16,16.13,38.53,43.16,16.525,234.7
2/20/2002,2.97,4.889,5.389,22.66,111.34,45.16,16.13,44.42,45.88,14.55,233.1
2/21/2002,2.928,4.853,5.367,23.8,107.88,36.36,25.45,39.66,43.38,15.3,236.7
2/22/2002,2.945,4.831,5.344,22.86,108.64,36.36,25.45,43.08,45,13.425,238.9
2/25/2002,2.97,4.849,5.366,21.84,107.34,36.36,25.45,49.85,48.36,13.525,237.1
2/26/2002,3.029,4.927,5.425,21.68,113.9,36.36,25.45,49.83,48.36,13.425,229.3
2/27/2002,2.919,4.833,5.372,21.49,106.48,36.36,25.45,50.01,48.44,15.425,238.7
2/28/2002,3.061,4.877,5.417,21.59,105.22,44.44,20.37,48.85,47.92,14.3,226.3
3/1/2002,3.184,4.981,5.504,19.96,108.13,44.44,20.37,57.33,52.15,12.425,215.9
3/4/2002,3.2,4.999,5.502,20.5,109,44.44,20.37,63.13,55.45,13.3,214.1
3/5/2002,3.201,5.001,5.487,20.3,109.87,44.44,20.37,60.05,54.1,13.3,213.9
3/6/2002,3.225,5.052,5.547,19.94,118.03,44.44,20.37,64.11,56.47,15.3,208.8
3/7/2002,3.424,5.227,5.662,20.04,125.54,53.33,15.55,61.98,55.54,13.425,191.3
3/8/2002,3.559,5.325,5.717,19.27,126.35,53.33,15.55,63.66,56.5,16.3,181.5
3/11/2002,3.551,5.32,5.719,19.84,123.95,53.33,15.55,64.65,57.05,17.2,182
3/12/2002,3.535,5.31,5.724,19.59,124.5,53.33,15.55,63.4,56.55,16.1,183
3/13/2002,3.461,5.279,5.746,19.46,120.2,53.33,15.55,58.18,54.39,18.2,186.1
3/14/2002,3.595,5.409,5.834,19.2,121.33,56.45,14.52,57.72,54.19,14.1,173.1
3/15/2002,3.581,5.327,5.76,18.42,124.59,56.45,14.52,61.84,56.22,16.2,181.3
3/18/2002,3.59,5.3,5.735,18.93,118,56.45,14.52,61.54,56.11,15.2,184
3/19/2002,3.54,5.286,5.733,18.16,117.07,56.45,14.52,63.04,56.84,17.1,185.4
3/20/2002,3.676,5.406,5.821,18.46,121.05,56.45,14.52,54.17,53.24,15.575,173.4
3/21/2002,3.651,5.365,5.789,18.15,123.33,53.23,11.29,54.82,53.53,20.075,177.5
3/22/2002,3.705,5.404,5.812,17.77,127.03,53.23,11.29,52.58,52.58,19.2,173.6
3/25/2002,3.715,5.408,5.803,18.48,120.81,53.23,11.29,45.66,49.49,23.05,173.2
3/26/2002,3.63,5.345,5.756,18.13,117.87,53.23,11.29,48.53,50.67,21.95,179.5
3/27/2002,3.58,5.341,5.757,17.7,117.91,53.23,11.29,51.09,51.75,23.95,179.9
3/28/2002,3.727,5.4,5.799,17.4,119.52,51.16,23.26,52.27,52.24,24.3,174
3/29/2002,3.711,5.396,5.795,17.4,119.52,51.16,23.26,52.27,52.24,25.3,219.4
4/1/2002,3.711,5.426,5.829,18.73,119.7,51.16,23.26,51.86,52.07,25.3,216.4
4/2/2002,3.613,5.341,5.762,19.16,117.2,51.16,23.26,47.29,50.16,23.2,224.9
4/3/2002,3.53,5.278,5.719,20.2,125.36,51.16,23.26,42.6,48.03,23.925,231.2
4/4/2002,3.539,5.258,5.711,19.78,124.31,40.48,20.24,43.1,48.22,22.55,233.2
4/5/2002,3.472,5.206,5.666,19.13,120.67,40.48,20.24,41.59,47.54,25.4,238.4
4/8/2002,3.513,5.262,5.713,19.61,119.64,40.48,20.24,43.11,48.08,24.025,232.8
4/9/2002,3.43,5.202,5.669,19.47,117.1,40.48,20.24,39.85,46.63,28.4,238.8
4/10/2002,3.447,5.233,5.701,18.19,118.74,40.48,20.24,47.14,49.3,27.5,235.7
4/11/2002,3.422,5.206,5.671,20.3,118.81,28.21,33.33,36.94,44.43,27.5,238.4
4/12/2002,3.363,5.156,5.647,19.42,114.03,28.21,33.33,40.72,45.94,27.5,243.4
4/15/2002,3.337,5.138,5.618,19.82,109.64,28.21,33.33,37.89,44.49,26.5,245.2
4/16/2002,3.379,5.192,5.663,18.11,111.67,28.21,33.33,49.42,49.51,23.4,239.8
4/17/2002,3.362,5.233,5.73,18.43,108.62,28.21,33.33,48.56,49.1,25.4,235.7
4/18/2002,3.311,5.198,5.699,19.29,101.64,40.2,23.17,47.93,48.81,22.275,239.2
4/19/2002,3.314,5.1962,5.6837,18.3,100.46,40.2,23.17,48.25,48.95,21.9501,239.3788
4/22/2002,3.305,5.1755,5.6734,19.77,95.93,40.2,23.17,41.53,45.82,22.9803,241.4533
4/23/2002,3.321,5.161,5.6608,20.28,96.3,40.2,23.17,39.2,44.65,21.9095,242.902
4/24/2002,3.229,5.1113,5.6233,20.77,99.22,40.2,23.17,36.68,43.34,22.9402,247.8698
4/25/2002,3.269,5.0928,5.6222,20.95,102.48,36.67,23.33,36.15,43.07,19.7782,249.7247
4/26/2002,3.204,5.0537,5.5873,22.14,100.27,36.67,23.33,31.64,40.62,19.0528,253.6295
4/29/2002,3.253,5.1198,5.6256,24.05,99.26,36.67,23.33,28.87,38.98,15.1193,247.0179
4/30/2002,3.22,5.0847,5.5918,21.91,101.45,36.67,23.33,35.32,41.56,15.8183,263.5293
5/1/2002,3.1875,5.0579,5.5638,20.06,101.09,36.67,23.33,40.18,43.61,15.8268,266.2069
5/2/2002,3.2117,5.0931,5.5862,20.07,100.61,27.03,33.33,39.55,43.3,16.858,262.694
5/3/2002,3.1456,5.054,5.536,20.19,93.02,27.03,33.33,35.94,41.49,16.8832,266.6043
5/6/2002,3.137,5.0643,5.5371,22.56,91.92,27.03,33.33,30.39,38.4,16.8916,265.5692
5/7/2002,3.1121,5.054,5.5337,21.94,91.84,27.03,33.33,29.63,37.95,15.864,266.5969
5/8/2002,3.3088,5.2162,5.6701,20.39,108.6,27.03,33.33,47.15,46.01,14.4746,250.3823
5/9/2002,3.2263,5.1619,5.6325,21.56,107.79,30.26,40.79,42.56,43.65,16.358,255.8068
5/10/2002,3.1597,5.1163,5.5986,22.41,103.19,30.26,40.79,38.02,41.17,14.8832,260.3662
5/13/2002,3.2502,5.2207,5.685,20.72,101.73,30.26,40.79,44.89,44.7,12.847,249.9259
5/14/2002,3.3495,5.2755,5.7428,19.35,105.05,30.26,40.79,51.6,48.43,13.8183,244.4508
5/15/2002,3.3079,5.244,5.73,19.19,102.95,30.26,40.79,49.81,47.52,16.8496,247.6003
5/16/2002,3.2413,5.1665,5.6816,18.5,99.61,36.79,28.3,51.88,48.67,16.8806,255.3454
5/17/2002,3.3659,5.2506,5.7556,17.7,100.88,36.79,28.3,54.25,49.98,15.1332,246.936
5/20/2002,3.2906,5.1982,5.6966,19.24,99.51,36.79,28.3,49.62,47.75,16.6639,252.18
5/21/2002,3.2235,5.1481,5.6634,20.05,101.55,36.79,28.3,46.16,46.02,15.864,257.1923
5/22/2002,3.1815,5.1127,5.6395,19.58,104.84,36.79,28.3,48.15,47.04,17.5426,260.7284
5/23/2002,3.2231,5.1482,5.6657,18.23,106.44,26.19,40.48,51.63,48.84,16.9032,257.1799
5/24/2002,3.2221,5.1443,5.6612,18.9,103.02,26.19,40.48,47.52,46.86,16.9361,257.5724
5/27/2002,3.2219,5.136,5.6669,18.9,103.02,26.19,40.48,47.52,46.86,16.8804,258.4014
5/28/2002,3.2385,5.1277,5.6635,20.31,101.87,26.19,40.48,44.83,45.53,14.9084,259.2302
5/29/2002,3.1457,5.0611,5.6237,20.39,103.66,26.19,40.48,42.89,44.56,15.7473,265.8861
5/30/2002,3.1444,5.0198,5.5943,20.61,103.29,28.26,40.22,42.04,44.14,15.6306,270.0219
5/31/2002,3.1928,5.0427,5.6147,19.98,104.51,28.26,40.22,43.04,44.59,17.5751,212.7343
6/3/2002,3.1274,4.9972,5.5966,23.37,103.94,28.26,40.22,35.87,40.94,16.5611,217.2798
6/4/2002,3.1354,5.0262,5.6237,23.89,113.46,28.26,40.22,35.88,40.94,14.4662,214.3829
6/5/2002,3.1352,5.0469,5.6567,22.61,113.42,28.26,40.22,39.92,42.69,14.9973,212.3069
6/6/2002,3.0696,4.9746,5.6057,24.16,112.11,32.79,39.34,34.62,39.93,16.9258,219.5393
6/7/2002,3.1344,5.0658,5.6591,23.51,106.68,32.79,39.34,34.24,39.73,15.9278,210.4194
6/10/2002,3.1096,5.0264,5.6057,23.72,100.32,32.79,39.34,35.75,40.36,14.9139,214.3593
6/11/2002,3.0435,4.9727,5.5507,24.45,101.55,32.79,39.34,31.58,38.15,15.8868,219.7317
6/12/2002,3.035,4.9624,5.5396,24.15,101.46,32.79,39.34,34.77,39.48,16.6056,220.7599
6/13/2002,2.977,4.8987,5.492,25.02,101.97,31.82,33.64,32.18,38.11,17.6363,227.1298
6/14/2002,2.885,4.7967,5.4111,25.96,110.83,31.82,33.64,31.63,37.82,17.9324,237.3333
6/17/2002,2.9093,4.8435,5.4602,24.64,107.65,31.82,33.64,44.4,43.44,15.8332,232.6498
6/18/2002,2.8674,4.8333,5.4602,24.24,108.55,31.82,33.64,44.77,43.62,15.9095,233.6701
6/19/2002,2.7677,4.7257,5.3863,26.06,115.04,31.82,33.64,39.7,41.26,17.4008,244.4295
6/20/2002,2.8498,4.7885,5.4264,27.48,117.01,45.71,25.71,36.18,39.49,15.9483,238.1504
6/21/2002,2.8397,4.7661,5.3971,27.23,115.78,45.71,25.71,32.31,37.42,16.4103,240.3884
6/24/2002,2.8725,4.8272,5.4536,26.98,117.35,45.71,25.71,33.9,38.12,14.9582,234.2832
6/25/2002,2.8302,4.817,5.4569,27.84,117.02,45.71,25.71,30.35,36.18,14.9095,235.3037
6/26/2002,2.7546,4.7417,5.4275,28.42,124.75,45.71,25.71,29.82,35.88,16.4852,242.8273
6/27/2002,2.829,4.821,5.5142,26.29,121.7,30.97,46.02,37.52,39.27,16.9931,234.8962
6/28/2002,2.8104,4.7965,5.5076,25.4,119.6,30.97,46.02,37.31,39.17,18.0386,256.3456
7/1/2002,2.8263,4.7802,5.4767,27.11,109.54,30.97,46.02,32.26,36.61,16.0024,257.9762
7/2/2002,2.7613,4.7254,5.4363,28.96,110.7,30.97,46.02,28.26,34.36,14.9322,263.4613
7/3/2002,2.7935,4.7639,5.4516,29.42,117.06,30.97,46.02,30.91,35.54,14.9483,259.6078
7/4/2002,2.7686,4.7618,5.4461,29.42,117.06,26.56,46.88,30.91,35.54,15.5299,259.8154
7/5/2002,2.8666,4.856,5.5244,27.11,109.82,26.56,46.88,44.1,41.94,14.9803,250.4
7/8/2002,2.7847,4.7945,5.4779,28.25,101.41,26.56,46.88,41.19,40.51,13.9582,256.5549
7/9/2002,2.6947,4.7252,5.4135,30.22,98.88,26.56,46.88,36.05,37.83,13.9095,263.477
7/10/2002,2.5801,4.6121,5.3361,34.1,108.95,26.56,46.88,30.55,34.66,14.9402,274.7872
7/11/2002,2.5878,4.6362,5.3682,33.85,114.21,35.05,42.27,32.9,35.84,14.9483,272.378
7/12/2002,2.521,4.5718,5.3275,32.94,120.19,35.05,42.27,31.89,35.27,15.9944,278.8202
7/15/2002,2.5451,4.626,5.38,35.03,126.63,35.05,42.27,31.3,34.93,16.0024,273.402
7/16/2002,2.6104,4.6805,5.4484,36.65,116.82,35.05,42.27,28.49,33.34,13.4095,267.9542
7/17/2002,2.6018,4.6825,5.4506,35.45,113.39,35.05,42.27,30.47,34.25,14.9402,267.7547
7/18/2002,2.4943,4.6057,5.406,35.12,112.79,26.25,53.75,26.58,32.01,15.9707,275.4282
7/19/2002,2.4102,4.5194,5.3233,38.17,114.96,26.25,53.75,22.34,29.27,15.9944,284.0637
7/22/2002,2.3436,4.4437,5.2789,41.87,121.69,26.25,53.75,19.56,27.28,15.4404,291.6349
7/23/2002,2.2357,4.4059,5.2757,44.92,129.62,26.25,53.75,17.68,25.84,16.1024,295.4069
7/24/2002,2.2925,4.4852,5.3415,39.86,134.01,26.25,53.75,32.16,33.37,14.0077,287.4759
7/25/2002,2.258,4.3801,5.2968,39.27,133.97,27.91,48.84,31.55,33.01,14.7654,297.9943
7/26/2002,2.2179,4.3817,5.3096,35.51,133.88,27.91,48.84,35.54,35.17,13.0386,297.8263
7/29/2002,2.3868,4.5609,5.417,31.33,131.1,27.91,48.84,46.49,41.52,11.0024,279.9068
7/30/2002,2.4191,4.585,5.3964,31.92,128.23,27.91,48.84,47.29,42,12.2049,277.4989
7/31/2002,2.2339,4.4588,5.3011,32.03,132.29,27.91,48.84,49.18,43.14,13.3602,317.1185
8/1/2002,2.1213,4.3893,5.285,36.95,132.7,34.21,31.58,44,40.63,14.2877,324.074
8/2/2002,2,4.2904,5.2171,41.29,134.8,34.21,31.58,40.52,38.86,18.1698,333.9588
8/5/2002,1.8871,4.2082,5.1592,45.08,138.3,34.21,31.58,36.05,36.48,14.1553,342.1838
8/6/2002,2.0396,4.3315,5.2286,42.03,138.8,34.21,31.58,41.86,39.7,11.8395,329.8516
8/7/2002,1.9747,4.3038,5.215,38.73,153.83,34.21,31.58,45.53,41.81,18.2291,332.6186
8/8/2002,2.0795,4.3945,5.2223,36.33,145.96,37.7,39.34,51.08,45.11,14.4422,323.5523
8/9/2002,2.0625,4.255,5.1091,35.33,145.52,37.7,39.34,51.67,45.47,14.4415,337.4954
8/12/2002,2.0704,4.215,5.0666,37.05,143.4,37.7,39.34,50.67,45.01,9.0901,341.5
8/13/2002,1.9643,4.0852,4.9659,35.82,139.77,37.7,39.34,46.74,43.18,14.1561,354.4772
8/14/2002,2.1515,4.1194,4.9295,32.36,147.94,37.7,39.34,53.73,47.18,10.432,351.0649
8/15/2002,2.1841,4.1802,4.9757,29.43,150.69,37.93,41.38,55.61,48.31,14.9203,344.9767
8/16/2002,2.2579,4.3244,5.0917,28.81,158.55,37.93,41.38,55.28,48.17,15.1915,330.5577
8/19/2002,2.2084,4.2838,5.0523,28.61,148.84,37.93,41.38,59.23,50.5,13.1336,334.6234
8/20/2002,2.0683,4.1475,4.9667,29.59,155.85,37.93,41.38,56,49.11,16.1561,348.251
8/21/2002,2.0886,4.1971,5.0103,28.23,155.84,37.93,41.38,58.2,50.38,15.6522,343.2878
8/22/2002,2.2082,4.3166,5.0906,27.75,149.46,43.75,39.58,60.58,51.76,14.1042,331.3436
8/23/2002,2.1582,4.2334,5.0321,29.32,152.29,43.75,39.58,55.06,49.43,15.7513,339.659
8/26/2002,2.158,4.2237,5.0151,29.89,148.71,43.75,39.58,56.45,50.18,14.7369,340.6253
8/27/2002,2.2245,4.2816,5.0602,30.11,147.39,43.75,39.58,53.18,48.79,13.0148,334.844
8/28/2002,2.1661,4.2121,5.0191,33.32,139.99,43.75,39.58,49.21,47.04,16.0448,341.7881
8/29/2002,2.133,4.1374,4.9586,33.67,139.93,50,29.03,49.19,47.03,15.4274,349.2622
8/30/2002,2.149,4.1409,4.9251,32.64,137.63,50,29.03,48.76,46.85,13.6856,298.9058
9/2/2002,2.1411,4.1332,4.928,32.64,137.63,50,29.03,48.76,46.85,14.4414,299.6763
9/3/2002,1.9798,3.9627,4.81,39.97,140.89,50,29.03,40.39,43.03,17.3506,316.7345
9/4/2002,2.004,3.9608,4.8024,37.44,141.53,50,29.03,44.54,44.91,16.3911,316.9224
9/5/2002,1.9474,3.925,4.7824,38.86,142.34,31.48,50,41.65,43.53,18.1922,320.4972
9/6/2002,2.0437,4.0113,4.8588,36.33,141.73,31.48,50,45.59,45.33,12.6044,311.873
9/9/2002,2.1248,4.0585,4.8685,36.45,136.34,31.48,50,47.91,46.41,13.1932,307.146
9/10/2002,2.1086,3.9941,4.8386,35.08,140.31,31.48,50,49.6,47.19,14.6474,313.5911
9/11/2002,2.1656,4.0584,4.8791,34.81,140.88,31.48,50,49.56,47.18,13.9457,307.1619
9/12/2002,2.0759,3.96,4.8146,37.5,138.48,38.36,36.99,43.93,44.78,14.6404,317.0033
9/13/2002,2.0429,3.9052,4.7669,35.82,137.31,38.36,36.99,44.8,45.15,15.0606,322.4813
9/16/2002,2.0837,3.9126,4.7594,36.74,136.05,38.36,36.99,45.21,45.32,12.0024,321.7426
9/17/2002,1.9934,3.8172,4.7273,38.01,134.49,38.36,36.99,40.79,43.43,14.9999,331.277
9/18/2002,1.9932,3.8413,4.7442,37.52,135.05,38.36,36.99,39.83,43,15.03,328.8703
9/19/2002,1.9109,3.7761,4.7039,40.65,138.08,33.78,43.24,34.2,40.35,18.1042,335.3866
9/20/2002,1.9182,3.785,4.7422,38.98,143.45,33.78,43.24,34.99,40.65,16.1263,334.5013
9/23/2002,1.8932,3.6943,4.6712,39.68,143.92,33.78,43.24,32.63,39.49,15.7586,343.569
9/24/2002,1.8764,3.6446,4.6288,40.52,146.11,33.78,43.24,29.94,38.11,15.5275,348.5415
9/25/2002,1.9504,3.7475,4.7186,37.33,140.53,33.78,43.24,37.73,41.13,14.1376,338.2491
9/26/2002,1.939,3.764,4.7298,34.6,144.53,24.51,47.06,42.87,43.28,15.9172,336.597
9/27/2002,1.7951,3.6584,4.6784,36.97,143.28,24.51,47.06,36.95,40.52,19.8165,347.1577
9/30/2002,1.6833,3.5942,4.6682,39.69,145.67,24.51,47.06,34.69,39.38,24.3273,329.5823
10/1/2002,1.7789,3.7152,4.7457,34.12,144.58,24.51,47.06,44.55,43.79,18.4102,317.4808
10/2/2002,1.7147,3.6671,4.7221,36.83,148.84,24.51,47.06,40.51,41.86,21.2727,322.2881
10/3/2002,1.7305,3.6835,4.7334,37.31,139.25,35.21,47.89,38.82,41.02,20.2794,320.6477
10/4/2002,1.7862,3.6646,4.7136,39.46,139.87,35.21,47.89,35.53,39.35,16.2132,322.5372
10/7/2002,1.7297,3.6131,4.7079,42.64,135.1,35.21,47.89,33.02,38.01,15.1986,327.6946
10/8/2002,1.7779,3.6331,4.6958,41.02,133.51,35.21,47.89,37.16,39.84,16.7412,325.6948
10/9/2002,1.6647,3.567,4.6549,42.13,136.2,35.21,47.89,33.5,37.94,23.3162,332.3005
10/10/2002,1.721,3.6566,4.7153,37.55,132.19,28.85,54.81,41.27,41.54,19.6327,323.3388
10/11/2002,1.8177,3.7782,4.8041,35.7,137.19,28.85,54.81,48.73,45.34,20.7846,311.1756
10/14/2002,1.8095,3.7856,4.8107,36.04,137.19,28.85,54.81,50.07,46.04,21.2913,310.4434
10/15/2002,1.9895,3.9927,4.9683,34.02,139.98,28.85,54.81,57.76,50.36,15.3768,289.7312
10/16/2002,2.0059,4.048,5.006,36,147.22,28.85,54.81,53.06,48.23,17.3246,284.1988
10/17/2002,2.1296,4.2002,5.1089,34.1,153.47,39.47,39.47,56.5,50.2,16.0154,268.9837
10/18/2002,2.0479,4.1053,5.0581,33.53,148.77,39.47,39.47,57.41,50.72,16.8325,278.4707
10/21/2002,2.2057,4.251,5.1426,33.11,147.58,39.47,39.47,60.06,52.25,14.6713,263.9
10/22/2002,2.1812,4.2584,5.1539,34.09,146.35,39.47,39.47,57.65,51.23,15.9999,263.1601
10/23/2002,2.14,4.231,5.1642,33.2,141.79,39.47,39.47,58.77,51.84,17.9274,265.8954
10/24/2002,2.0609,4.1147,5.0864,34.03,137.76,44.58,33.73,55.19,50.34,18.0821,277.5325
10/25/2002,1.9809,4.0914,5.0833,30,134.76,44.58,33.73,58.23,51.94,19.1481,279.8638
10/28/2002,1.8931,4.0855,5.1047,31.07,135.9,44.58,33.73,56.22,51.11,18.9917,280.448
10/29/2002,1.7577,3.9382,5.0118,32.27,136.16,44.58,33.73,54.03,50.2,26.3963,295.1763
10/30/2002,1.7418,3.961,5.0268,31.23,131.31,44.58,33.73,55.99,51.15,22.1119,292.9049
10/31/2002,1.6697,3.8925,4.9858,31.14,135.44,51.47,27.94,54.54,50.57,24.1399,313.7454
11/1/2002,1.7636,4.0045,5.0408,29.3,135.24,51.47,27.94,58.11,52.28,24.4694,302.5524
11/4/2002,1.7791,4.0427,5.0589,30.82,134.37,51.47,27.94,59.77,53.09,20.9542,298.7275
11/5/2002,1.8107,4.0696,5.0771,31.23,136.86,51.47,27.94,61.34,53.87,20.567,296.0429
11/6/2002,1.8264,4.033,5.0579,30.73,130.38,51.47,27.94,63.17,54.79,38.9631,299.7028
11/7/2002,1.834,3.8916,4.8854,31.42,124.05,50,26.32,55.95,52.08,18.4872,313.8367
11/8/2002,1.8486,3.8558,4.7634,29.41,124.24,50,26.32,53.49,51.1,18.5033,317.4238
11/11/2002,1.8319,3.8388,4.789,31.3,124.24,50,26.32,48.13,48.87,18.7015,319.1187
11/12/2002,1.7748,3.8482,4.7975,30.58,120.21,50,26.32,50.09,49.7,19.0113,318.1774
11/13/2002,1.7261,3.8388,4.788,31.24,122.88,50,26.32,49.96,49.65,20.0032,319.1187
11/14/2002,1.8799,4.0556,4.9539,28.67,130.29,48.65,32.43,56.14,52.3,19.4872,297.4428
11/15/2002,1.8707,4.0287,4.9096,26.65,132.35,48.65,32.43,57.58,52.96,21.0302,300.1313
11/18/2002,1.8621,3.9961,4.8638,27.66,129.14,48.65,32.43,54.3,51.7,21.0033,303.3877
11/19/2002,1.87,3.977,4.8502,27.41,126.49,48.65,32.43,53.06,51.22,20.9792,305.2999
11/20/2002,1.9435,4.0575,4.935,25.32,125.87,48.65,32.43,58.03,53.37,20.9832,297.2508
11/21/2002,2.0256,4.1522,5.0264,23.81,127.02,50.56,21.35,62.81,55.65,21.3622,287.7764
11/22/2002,2.0583,4.1776,5.0214,23.16,126.27,50.56,21.35,61.57,55.19,21.6242,285.24
11/25/2002,2.0416,4.1737,5.0244,24.07,120.84,50.56,21.35,62.16,55.47,20.9835,285.627
11/26/2002,1.9336,4.0652,4.9369,25.97,120.81,50.56,21.35,54.67,52.67,20.7091,296.4793
11/27/2002,2.0662,4.258,5.1084,27.25,128.31,50.56,21.35,61.24,55.69,19.9672,277.2025
11/28/2002,2.1045,4.2503,5.1073,27.25,128.31,51.06,31.91,61.24,55.69,20.574,277.975
11/29/2002,2.0563,4.2052,5.0353,27.5,127.52,51.06,31.91,60.3,55.33,21.5033,237.4813
12/2/2002,2.0724,4.2287,5.0444,27.46,127.52,51.06,31.91,59.61,55.06,20.2335,235.1303
12/3/2002,2.0402,4.2013,5.0323,28.33,130.64,51.06,31.91,54.44,53.06,20.0841,237.8693
12/4/2002,1.9838,4.1506,4.9972,28.92,131.06,51.06,31.91,53.29,52.61,20.9832,242.942
12/5/2002,1.9757,4.137,4.9873,30.1,130.44,52.94,17.65,49.4,51.03,22.0071,244.3024
12/6/2002,1.8623,4.0827,4.9773,28.88,128.46,52.94,17.65,51.37,51.8,22.019,249.7332
12/9/2002,1.8378,4.0344,4.9308,30.78,122.96,52.94,17.65,44.69,48.97,20.1283,254.564
12/10/2002,1.87,4.0459,4.917,28.76,115.59,52.94,17.65,49.08,50.69,19.9792,253.4063
12/11/2002,1.8536,4.0228,4.8857,27.76,118.33,52.94,17.65,49.26,50.76,21.0032,255.7211
12/12/2002,1.829,4.0228,4.8925,27.29,117.16,41.38,24.14,48.07,50.27,21.0071,255.7215
12/13/2002,1.8446,4.0672,4.9484,28.18,116.21,41.38,24.14,43.95,48.53,21.019,251.2774
12/16/2002,1.9097,4.1587,5.0211,26.24,120.33,41.38,24.14,51.65,51.53,18.9835,242.1316
12/17/2002,1.8605,4.1236,5.0191,26.66,119.83,41.38,24.14,49.08,50.45,19.9792,245.6416
12/18/2002,1.7703,4.0343,4.9603,28.29,118.63,41.38,24.14,45.19,48.76,21.0032,254.5652
12/19/2002,1.6964,3.9382,4.8894,30.21,124.07,42.86,30,43.07,47.81,21.027,264.1834
12/20/2002,1.7279,3.9573,4.8933,26.71,125.25,42.86,30,47.52,49.52,21.0386,262.2722
12/23/2002,1.7357,3.9707,4.8943,26.2,124.78,42.86,30,48.14,49.76,23.0816,260.929
12/24/2002,1.7261,3.9342,4.867,26.49,121.25,42.86,30,46.36,49.03,22.043,264.5799
12/25/2002,1.7261,3.9323,4.8669,26.49,121.25,42.86,30,46.36,49.03,22.847,264.7738
12/26/2002,1.6862,3.9016,4.8572,27.37,118.61,40,32,45.33,48.61,23.0778,267.845
12/27/2002,1.5906,3.8083,4.7812,29.55,123.87,40,32,40.43,46.5,25.1168,277.1744
12/30/2002,1.5906,3.7949,4.7527,29.62,123.72,40,32,42.31,47.16,19.0425,278.5057
12/31/2002,1.5982,3.816,4.778,28.62,123.89,40,32,42.52,47.23,19.0231,222.4
1/1/2003,1.582,3.8175,4.7792,28.62,123.89,40,32,42.52,47.23,18.7785,222.2454
1/2/2003,1.7741,4.0305,4.9551,25.39,130.87,32.43,37.84,54.63,51.9,18.019,200.9519
1/3/2003,1.7499,4.0169,4.9531,24.68,130.87,32.43,37.84,54.45,51.83,17.9992,202.3085
1/6/2003,1.7983,4.0518,4.9749,24.91,124.83,32.43,37.84,61.08,54.82,19.9175,198.816
1/7/2003,1.7418,4.0053,4.9491,25.13,117.53,32.43,37.84,58.36,53.79,19.7692,203.4708
1/8/2003,1.7257,4.0169,4.9432,25.53,119.42,32.43,37.84,52.92,51.65,20.043,202.309
1/9/2003,1.8552,4.179,5.0714,24.25,125.08,38.1,42.86,58.56,54.21,19.027,186.0953
1/10/2003,1.758,4.132,5.045,24.32,120.02,38.1,42.86,58.56,54.21,19.0386,190.8018
1/13/2003,1.7824,4.1202,5.0249,24.9,119.79,38.1,42.86,57.96,53.98,19.6251,191.9756
1/14/2003,1.7417,4.0772,4.9988,24.57,114.16,38.1,42.86,59.78,54.79,18.3322,196.2761
1/15/2003,1.7172,4.0597,4.9609,25.51,115.35,38.1,42.86,53.56,52.42,19.043,198.0305
1/16/2003,1.7253,4.0773,4.9688,25.01,115.15,29.17,29.17,51.99,51.8,20.0666,196.2735
1/17/2003,1.6759,4.0091,4.9213,25.7,116.02,29.17,29.17,46.76,49.63,19.9566,203.0868
1/20/2003,1.6758,4.015,4.9223,25.7,116.02,29.17,29.17,46.76,49.63,19.6956,202.504
1/21/2003,1.6346,3.9703,4.8919,27.59,114.8,29.17,29.17,41.77,47.37,20.3584,206.9655
1/22/2003,1.6099,3.9144,4.8529,29.01,109.94,29.17,29.17,38.85,45.96,20.0826,212.5641
1/23/2003,1.6426,3.9355,4.885,27.53,107.73,25,43.18,43.01,47.53,19.3363,210.4458
1/24/2003,1.6422,3.9278,4.8616,31.51,109.41,25,43.18,35.49,43.73,21.0743,211.2233
1/27/2003,1.6503,3.9625,4.883,34.69,117.73,25,43.18,32.23,41.86,18.226,207.7452
1/28/2003,1.6418,3.9683,4.8703,31.93,116.89,25,43.18,37.17,43.83,17.0591,207.1651
1/29/2003,1.6998,4.0208,4.9085,31.26,114.49,25,43.18,39.66,44.84,17.0629,201.9192
1/30/2003,1.6729,3.9606,4.8684,31.32,115.62,25.53,47.87,34.64,42.17,19.0863,207.9423
1/31/2003,1.6891,3.9625,4.8411,31.17,110.89,25.53,47.87,39.28,44.11,18.0778,203.7517
2/3/2003,1.7213,3.9916,4.8382,31.02,109.12,25.53,47.87,41.16,44.9,18.0816,200.8392
2/4/2003,1.6531,3.9199,4.7892,32.76,112.06,25.53,47.87,37.86,43.23,19.5889,208.0133
2/5/2003,1.6973,3.9955,4.8557,33.04,122.13,25.53,47.87,36.65,42.61,18.9576,200.4506
2/6/2003,1.6571,3.945,4.8112,33.35,117.22,22.86,25.71,35.23,41.87,19.0863,205.5011
2/7/2003,1.6168,3.9294,4.8063,34.01,115.49,22.86,25.71,33.07,40.74,19.0974,207.0553
2/10/2003,1.6573,3.9643,4.8498,33.99,114.07,22.86,25.71,36.19,41.95,18.0196,203.5651
2/11/2003,1.633,3.9566,4.8614,33.68,112.32,22.86,25.71,34.33,41.01,18.0591,204.3431
2/12/2003,1.6006,3.9081,4.8439,34.33,113.14,22.86,25.71,31.62,39.6,18.0826,209.1895
2/13/2003,1.5518,3.8769,4.8092,33.7,116.34,21.9,38.1,31.29,39.43,18.0863,212.3136
2/14/2003,1.617,3.961,4.8798,32.62,116.34,21.9,38.1,40.31,42.92,17.0816,203.9
2/17/2003,1.6003,3.9628,4.8827,32.62,116.34,21.9,38.1,40.31,42.92,17.9467,203.7212
2/18/2003,1.6248,3.9494,4.8632,31.11,115.78,21.9,38.1,47.24,45.91,17.0891,205.0625
2/19/2003,1.5839,3.8825,4.8167,31.31,107.13,21.9,38.1,45.15,45.01,17.0629,211.7451
2/20/2003,1.5756,3.8673,4.8089,31.16,109.17,21.05,57.89,42.45,43.82,16.0468,213.2678
2/21/2003,1.5919,3.8882,4.8455,30.25,104.85,21.05,57.89,47.14,45.86,16.0583,211.1774
2/24/2003,1.5588,3.8445,4.8098,31.98,104.05,21.05,57.89,41.96,43.55,15.0425,215.5535
2/25/2003,1.5505,3.8198,4.7781,31.74,103.1,21.05,57.89,44.48,44.66,15.0192,218.0207
2/26/2003,1.5173,3.765,4.7419,31.94,114.16,21.05,57.89,40.95,43.05,15.0231,223.5029
2/27/2003,1.5558,3.7367,4.7172,30.53,103.8,26.02,47.15,45.09,44.86,14.902,226.3302
2/28/2003,1.508,3.6897,4.6692,29.63,105.36,26.02,47.15,46.7,45.57,15.0386,196.035
3/3/2003,1.5,3.6728,4.6692,30.43,101.76,26.02,47.15,44.41,44.6,15.9371,197.7246
3/4/2003,1.4679,3.6465,4.6701,31.83,100.94,26.02,47.15,40.13,42.69,15.1022,200.3456
3/5/2003,1.4278,3.6278,4.6635,30.38,103.15,26.02,47.15,43.71,44.2,15.3129,202.2162
3/6/2003,1.4518,3.6558,4.6972,31.37,102.84,33.33,39.39,41.1,43.04,15.8363,199.4241
3/7/2003,1.3952,3.6406,4.6839,31.08,104.6,33.33,39.39,44.24,44.37,20.6632,200.9363
3/10/2003,1.3306,3.5606,4.641,33.31,105.98,33.33,39.39,37.46,41.24,19.524,208.941
3/11/2003,1.3626,3.5809,4.6437,33.61,104.28,33.33,39.39,35.6,40.31,15.3609,206.9083
3/12/2003,1.4271,3.5808,4.6104,33.51,104.33,33.33,39.39,37.32,41.01,15.239,206.9158
3/13/2003,1.5973,3.7456,4.7451,31.76,110.99,34.29,51.43,49.01,46.26,13.0202,190.4441
3/14/2003,1.5325,3.7002,4.7062,30.98,110.35,34.29,51.43,49.51,46.5,16.05,194.9789
3/17/2003,1.6306,3.8384,4.8004,31.75,118.37,34.29,51.43,58.89,51.41,12.2028,181.1604
3/18/2003,1.6881,3.9053,4.876,30.43,124.88,34.29,51.43,59.89,51.97,12.0987,174.4672
3/19/2003,1.713,3.9843,4.9251,31.54,130.28,34.29,51.43,61.94,53.14,13.7274,166.568
3/20/2003,1.6393,3.9534,4.928,30.44,125.83,42.86,38.1,62.39,53.39,14.106,169.6568
3/21/2003,1.7804,4.1031,5.0399,28.67,124.18,42.86,38.1,67.46,56.39,12.0778,154.6859
3/24/2003,1.6566,3.9651,4.9269,30.39,119.97,42.86,38.1,54.95,51.07,12.0816,168.4938
3/25/2003,1.632,3.9419,4.9239,28.75,116.45,42.86,38.1,57.76,52.61,12.0591,170.8096
3/26/2003,1.5907,3.9284,4.9249,28.23,116.3,42.86,38.1,56.04,51.84,13.0826,172.1584
3/27/2003,1.6091,3.9226,4.9298,27.96,115.06,39.42,32.69,55.51,51.6,15.1256,172.7358
3/28/2003,1.5374,3.8976,4.9129,27.75,114.5,39.42,32.69,53.59,50.77,17.175,175.2371
3/31/2003,1.4816,3.796,4.8154,29.15,112.09,39.42,32.69,48.13,48.32,17.0726,180.4
4/1/2003,1.4734,3.8095,4.825,28.36,109.66,39.42,32.69,51.7,50,16.9274,179.0489
4/2/2003,1.577,3.9285,4.9207,28.02,116.79,39.42,32.69,58.4,53.41,16.1612,167.1544
4/3/2003,1.5289,3.9092,4.9276,28.21,115.94,32.35,38.24,56.72,52.67,18.0785,169.0822
4/4/2003,1.5526,3.9517,4.9643,29.13,114.37,32.35,38.24,57.43,53.04,17.9635,164.8314
4/7/2003,1.5927,3.9769,4.9683,28.45,113.48,32.35,38.24,57.77,53.2,14.1204,162.3101
4/8/2003,1.5604,3.9324,4.9255,27.13,110.08,32.35,38.24,57.03,52.91,15.1185,166.7639
4/9/2003,1.52,3.8957,4.9018,27.11,105.88,32.35,38.24,51.7,50.73,16.7862,170.4305
4/10/2003,1.6006,3.9421,4.9383,25.6,103.57,38.46,30.77,53.81,51.66,15.1452,165.7949
4/11/2003,1.633,3.9712,4.9482,24.44,103.66,38.46,30.77,52.36,51.07,12.9724,162.882
4/14/2003,1.7063,4.014,4.9781,23.41,102.72,38.46,30.77,58.56,53.88,13.2066,158.597
4/15/2003,1.6982,3.9848,4.9531,22.56,98.57,38.46,30.77,60.39,54.77,15.0591,161.5172
4/16/2003,1.6493,3.9382,4.9066,22.52,96.03,38.46,30.77,55.26,52.72,17.0206,166.176
4/17/2003,1.6823,3.9558,4.8907,21.5,96.2,46.3,31.48,59.87,54.91,15.0778,164.4247
4/18/2003,1.6741,3.9558,4.8897,21.5,96.2,46.3,31.48,59.87,54.91,15.9246,164.4232
4/21/2003,1.6742,3.9811,4.8976,21.95,95.8,46.3,31.48,59.11,54.61,15.0853,161.8919
4/22/2003,1.6413,3.9636,4.8917,20.7,98.57,46.3,31.48,64.96,57.56,16.079,163.6439
4/23/2003,1.633,3.9753,4.8838,20.8,95.79,46.3,31.48,66.97,58.66,16.0826,162.4742
4/24/2003,1.625,3.9189,4.8369,20.33,92.43,63,19,63.1,57.14,18.1256,168.1068
4/25/2003,1.5692,3.888,4.8146,20.8,91.66,63,19,57.19,54.7,18.2806,171.2025
4/28/2003,1.5931,3.9015,4.8252,20.84,91.06,63,19,62.05,57.11,17.0341,169.8479
4/29/2003,1.6091,3.9267,4.8378,20.76,90.64,63,19,62.91,57.55,18.1382,167.3267
4/30/2003,1.4816,3.8359,4.7645,21.21,89.27,63,19,62.44,57.36,20.1808,142.4131
5/1/2003,1.4654,3.8397,4.775,21.59,89.67,48.57,25.71,62.11,57.23,21.2229,142.0291
5/2/2003,1.5608,3.919,4.8318,20.63,90.67,48.57,25.71,66.38,59.33,17.175,134.0989
5/5/2003,1.5286,3.8841,4.7999,21.13,88.07,48.57,25.71,64.38,58.57,19.2168,137.5891
5/6/2003,1.4243,3.7839,4.7529,20.8,84.73,48.57,25.71,66.77,59.75,19.1969,147.6121
5/7/2003,1.408,3.675,4.6771,21,86.37,48.57,25.71,63.96,58.69,18.2002,158.4953
5/8/2003,1.4558,3.6807,4.6809,21.24,85.29,52.8,18.4,58.73,56.67,19.3479,157.93
5/9/2003,1.439,3.6796,4.6704,19.69,82.56,52.8,18.4,63.27,58.74,19.2135,158.043
5/12/2003,1.4307,3.6419,4.6461,19.52,83.21,52.8,18.4,66.78,60.48,22.274,161.8095
5/13/2003,1.4385,3.6025,4.6108,19.91,84.97,52.8,18.4,65.17,59.85,22.2552,165.7496
5/14/2003,1.3816,3.5204,4.5091,20,88.92,52.8,18.4,63.4,59.17,26.3351,173.9564
5/15/2003,1.4298,3.5297,4.4838,19.24,94.39,62.79,16.28,65.84,60.32,24.2998,173.0303
5/16/2003,1.3071,3.4185,4.4139,18.4,94.64,62.79,16.28,64.36,59.76,26.3467,184.146
5/19/2003,1.3473,3.485,4.4809,20.51,97.88,62.79,16.28,51.86,54.59,23.1869,177.5007
5/20/2003,1.2574,3.3542,4.3539,21.29,104.39,62.79,16.28,51.39,54.37,26.3712,190.5837
5/21/2003,1.3547,3.3963,4.3486,21.21,108.54,62.79,16.28,53.03,55.02,20.2584,186.3712
5/22/2003,1.3216,3.3138,4.2645,19.78,102.78,38.46,35.58,56.65,56.49,21.2615,194.6185
5/23/2003,1.3446,3.3354,4.2591,19.17,99.53,38.46,35.58,57.21,56.73,21.274,192.457
5/26/2003,1.3359,3.3317,4.2574,19.17,99.53,38.46,35.58,57.21,56.73,21.6507,192.8303
5/27/2003,1.3026,3.4106,4.3878,19.99,99.61,38.46,35.58,64.06,59.75,20.2613,184.9395
5/28/2003,1.3026,3.4235,4.4064,20.03,100.35,38.46,35.58,64.64,60.03,19.2423,183.648
5/29/2003,1.2692,3.3352,4.3395,20.43,99.43,62.86,14.29,62.4,59.17,19.2229,192.4791
5/30/2003,1.3217,3.3699,4.3762,19.47,99.81,62.86,14.29,67.16,61.4,18.2135,137.0144
6/2/2003,1.3058,3.4085,4.4213,20.85,101.65,62.86,14.29,68.22,61.93,16.1784,133.1525
6/3/2003,1.1942,3.3293,4.3691,20.84,101.65,62.86,14.29,69.63,62.63,19.9406,141.0657
6/4/2003,1.2101,3.2927,4.3532,20.62,105.18,62.86,14.29,73.68,64.81,21.7819,144.7313
6/5/2003,1.234,3.342,4.4052,20.83,108.38,52,19.2,74.65,65.36,20.0349,139.7969
6/6/2003,1.2419,3.351,4.3962,21.25,103.35,52,19.2,72.89,64.72,16.7318,138.8998
6/9/2003,1.1776,3.2758,4.3416,22.15,103.07,52,19.2,64.72,61.6,18.0899,146.4165
6/10/2003,1.1133,3.1903,4.2532,20.64,103.07,52,19.2,67.66,62.99,21.1816,154.969
6/11/2003,1.1452,3.2101,4.2618,20.21,104.7,52,19.2,71.31,64.86,21.27,152.9858
6/12/2003,1.0968,3.163,4.2121,20.41,101.58,50,29.17,71.59,65,21.1899,157.7033
6/13/2003,1.08,3.1121,4.173,20.66,103.18,50,29.17,64.99,62.38,24.1971,162.7858
6/16/2003,1.1526,3.1716,4.2315,20.22,101.6,50,29.17,71.35,65.59,20.4283,156.8435
6/17/2003,1.2174,3.2605,4.2995,20.01,105.35,50,29.17,71.58,65.72,16.8529,147.9469
6/18/2003,1.2336,3.3614,4.3967,19.76,111.46,50,29.17,70.53,65.3,18.8762,137.8631
6/19/2003,1.1522,3.3374,4.4064,19.8,113.39,56.41,35.9,61.11,61.31,22.2744,140.2647
6/20/2003,1.1599,3.3648,4.432,19.14,113.39,56.41,35.9,61.47,61.46,20.5091,137.5203
6/23/2003,1.1352,3.3113,4.3956,20.58,108.45,56.41,35.9,53.91,58.02,19.1153,142.8687
6/24/2003,1.0942,3.2489,4.3339,20.75,105.66,56.41,35.9,54.68,58.33,19.375,149.1058
6/25/2003,1.2828,3.4035,4.4624,20.81,106.09,56.41,35.9,50.58,56.38,9.3126,133.6526
6/26/2003,1.4033,3.5416,4.5641,19.4,106.6,71.43,8.57,55.25,58.24,22.3783,119.8397
6/27/2003,1.3474,3.5415,4.5824,19.16,108.19,71.43,8.57,50.55,55.99,25.8013,119.8471
6/30/2003,1.2999,3.5133,4.5566,19.52,103.6,71.43,8.57,49.73,55.59,27.074,127.668
7/1/2003,1.3001,3.5471,4.586,19.46,100.56,71.43,8.57,53.41,57.03,23.3741,124.2872
7/2/2003,1.2764,3.5358,4.5795,19.03,106.1,71.43,8.57,58.24,59.04,25.4183,125.4189
7/3/2003,1.3093,3.6607,4.6905,19.39,107.51,41.18,35.29,54,57.09,26.4471,112.9257
7/4/2003,1.3015,3.6474,4.6838,19.39,107.51,41.18,35.29,54,57.09,25.854,114.2589
7/7/2003,1.3501,3.7315,4.7455,20.06,104.88,41.18,35.29,61.09,60.24,22.3679,105.8461
7/8/2003,1.3663,3.7143,4.7131,19.48,104.88,41.18,35.29,62.23,60.79,21.3317,107.5724
7/9/2003,1.3343,3.6798,4.697,18.93,101.98,41.18,35.29,59.15,59.4,23.3762,111.0156
7/10/2003,1.3022,3.655,4.697,19.19,103.09,43.24,31.08,52.43,56.22,23.3783,113.4963
7/11/2003,1.2705,3.6265,4.6818,18.47,98.87,43.24,31.08,56.17,57.85,22.9476,116.3533
7/14/2003,1.3357,3.724,4.7693,19.59,99.3,43.24,31.08,58.32,58.82,21.6788,106.6025
7/15/2003,1.4501,3.9807,4.9646,19.55,106.42,43.24,31.08,56.53,57.99,20.3317,80.9257
7/16/2003,1.426,3.918,4.893,19.76,109.89,43.24,31.08,53.25,56.47,21.3339,87.2017
7/17/2003,1.4346,3.92,4.892,20.22,110.06,51.26,28.57,47.56,53.67,22.3572,86.9994
7/18/2003,1.4852,3.9989,4.9326,19.11,104.92,51.26,28.57,52.69,55.81,22.3636,79.1107
7/21/2003,1.6176,4.2105,5.0874,19.78,114.74,51.26,28.57,46.54,52.66,21.3449,57.9536
7/22/2003,1.5192,4.1223,5.0403,19.17,120.5,51.26,28.57,50.53,54.37,19.2891,66.7731
7/23/2003,1.4949,4.1084,5.0413,18.64,117.2,51.26,28.57,50.75,54.46,20.3126,68.1606
7/24/2003,1.5319,4.1646,5.0915,18.6,115.12,52,30.67,47.65,52.93,20.3149,62.5425
7/25/2003,1.5,4.175,5.1163,17.75,115.93,52,30.67,54.87,56.05,19.3006,61.5008
7/28/2003,1.6116,4.2802,5.2135,18.36,126.36,52,30.67,53.86,55.57,16.2395,50.9752
7/29/2003,1.6995,4.4381,5.3367,18.67,141.44,52,30.67,50.5,53.96,13.16,35.1936
7/30/2003,1.6276,4.307,5.2475,18.85,146.99,52,30.67,49.67,53.56,15.8307,48.2994
7/31/2003,1.7398,4.4055,5.3574,19.49,160.86,51.54,16.15,51.03,54.11,17.689,113.4537
8/1/2003,1.773,4.3834,5.314,20.75,157.22,51.54,16.15,46.2,51.82,21.4044,115.6625
8/4/2003,1.6766,4.2833,5.2518,21.27,145.71,51.54,16.15,47.6,52.37,18.2183,125.667
8/5/2003,1.8141,4.3899,5.3607,22.68,144.5,51.54,16.15,40.25,48.66,19.0998,115.0109
8/6/2003,1.7498,4.2674,5.2369,21.5,144.38,51.54,16.15,41.16,49,20.2486,127.2647
8/7/2003,1.7016,4.2168,5.2136,20.26,129.15,45.45,32.47,45.09,50.52,20.9604,132.3223
8/8/2003,1.6943,4.2694,5.2305,19.59,130.96,45.45,32.47,46.97,51.25,17.2157,127.0639
8/11/2003,1.7596,4.353,5.2689,19.75,139.83,45.45,32.47,48.61,51.9,19.2606,118.6976
8/12/2003,1.7192,4.4256,5.3499,17.94,131.67,45.45,32.47,53.63,53.94,19.2462,111.4445
8/13/2003,1.8175,4.5602,5.4489,18.77,144.75,45.45,32.47,50.21,52.45,19.2486,97.9816
8/14/2003,1.7606,4.4887,5.3805,18.47,147.39,50.56,23.6,53.48,53.8,18.2297,105.1306
8/15/2003,1.7945,4.5285,5.3969,18.27,140.59,50.56,23.6,53.57,53.83,18.237,101.1516
8/18/2003,1.8196,4.4572,5.3444,18.18,132.01,50.56,23.6,58.04,55.72,18.2395,108.2805
8/19/2003,1.7295,4.3609,5.2422,17.86,124.12,50.56,23.6,59.26,56.25,18.2248,117.9113
8/20/2003,1.7957,4.4355,5.2849,17.82,128.32,50.56,23.6,57.84,55.71,18.2272,110.4454
8/21/2003,1.9036,4.4751,5.2753,17.84,128.32,62.96,18.52,59.36,56.34,17.2082,106.4915
8/22/2003,1.9136,4.4732,5.2581,18.55,135.09,62.96,18.52,52.37,53.62,17.1944,106.6791
8/25/2003,1.9642,4.5249,5.3021,19.53,132.79,62.96,18.52,52.75,53.76,15.1543,101.5131
8/26/2003,1.8897,4.4733,5.2709,19.49,130.8,62.96,18.52,54.57,54.46,15.1356,106.6722
8/27/2003,1.9654,4.5349,5.3128,19.13,127.72,62.96,18.52,54.61,54.47,15.1383,100.5077
8/28/2003,1.9278,4.4141,5.207,18.48,128.73,56.7,22.68,58.33,55.89,17.1842,112.5943
8/29/2003,1.9679,4.4636,5.2228,18.63,126.55,56.7,22.68,61.26,57.08,17.1944,105.6422
9/1/2003,1.9598,4.4577,5.2217,18.63,126.55,56.7,22.68,61.26,57.08,16.911,106.2334
9/2/2003,2.0322,4.5993,5.3333,19.02,135.6,56.7,22.68,67.83,60.07,18.2208,92.0658
9/3/2003,1.9999,4.5933,5.3496,19.44,134.09,56.7,22.68,69.53,60.94,17.7472,92.6682
9/4/2003,1.8872,4.5034,5.3052,18.71,127.78,62.3,16.39,70.21,61.28,18.8332,101.6583
9/5/2003,1.7175,4.3474,5.1878,18.17,124.73,62.3,16.39,64.27,59.19,20.4772,117.2646
9/8/2003,1.7574,4.4262,5.2632,18.26,120.09,62.3,16.39,68.71,61.32,19.2395,109.3824
9/9/2003,1.6845,4.3552,5.2259,18.85,125.56,62.3,16.39,61.87,58.7,19.2248,116.477
9/10/2003,1.6276,4.2711,5.1532,20.01,118.76,62.3,16.39,53.56,55.19,19.2272,124.8925
9/11/2003,1.6917,4.3141,5.2036,19.25,120.41,58.14,17.44,56.4,56.4,19.2297,120.5944
9/12/2003,1.6174,4.2516,5.1594,18.68,120.87,58.14,17.44,57.52,56.89,19.237,126.8442
9/15/2003,1.5845,4.2671,5.1824,19.28,119.28,58.14,17.44,54.89,55.78,20.2606,125.2855
9/16/2003,1.5839,4.2749,5.194,18.03,118.7,58.14,17.44,61.99,58.93,19.2248,124.5053
9/17/2003,1.6077,4.1777,5.0865,18.15,117.82,58.14,17.44,59.66,57.94,20.2486,134.2268
9/18/2003,1.6316,4.1622,5.0742,17.57,116.89,62.75,19.61,65.36,60.7,19.2297,135.7767
9/19/2003,1.6627,4.1602,5.0679,17.54,112.4,62.75,19.61,63.05,59.73,20.2582,135.9786
9/22/2003,1.6295,4.2164,5.1248,19.65,115.5,62.75,19.61,54.5,55.9,21.2818,130.3574
9/23/2003,1.629,4.2047,5.0916,19.47,115.2,62.75,19.61,57.37,57.2,20.2438,131.5253
9/24/2003,1.6038,4.1331,5.029,21.22,115,62.75,19.61,47.23,52.14,21.2677,138.6926
9/25/2003,1.6409,4.081,4.9863,22.26,112.7,57.28,22.33,44.59,50.7,21.27,143.8952
9/26/2003,1.5533,4.0005,4.934,22.23,113.5,57.28,22.33,41.95,49.22,20.2558,151.9511
9/29/2003,1.6011,4.0751,5.0055,21.67,115.43,57.28,22.33,47.08,51.44,22.2582,144.4899
9/30/2003,1.4577,3.9376,4.8823,22.72,116.69,57.28,22.33,42.65,49.02,22.2438,96.2425
10/1/2003,1.4416,3.9318,4.8902,21.07,118.24,57.28,22.33,52.7,53.74,21.2462,96.8191
10/2/2003,1.4652,3.9926,4.9329,20.8,122.66,50,28.57,53.5,54.14,22.27,90.7395
10/3/2003,1.633,4.1987,5.0955,19.5,124.8,50,28.57,57.19,56.01,22.2771,70.1306
10/6/2003,1.6008,4.1695,5.0687,19.51,121.6,50,28.57,58.84,56.86,23.3006,73.0492
10/7/2003,1.641,4.2573,5.1569,19.41,119.16,50,28.57,60.62,57.78,24.3104,64.2748
10/8/2003,1.6169,4.2357,5.16,19.18,121.7,50,28.57,57.62,56.39,26.3551,66.4279
10/9/2003,1.6411,4.2906,5.2138,18.82,120.16,57.58,23.23,59.57,57.35,25.3361,60.9395
10/10/2003,1.6411,4.269,5.1799,18.45,118.27,57.58,23.23,59.17,57.17,25.3449,63.1
10/13/2003,1.6249,4.2513,5.1778,17.55,118.27,57.58,23.23,62.12,58.61,24.8395,64.866
10/14/2003,1.6819,4.3439,5.251,17.37,118.15,57.58,23.23,63.72,59.4,25.3492,55.6098
10/15/2003,1.7636,4.3974,5.2875,17.69,122.29,57.58,23.23,61.87,58.63,23.9164,50.2553
10/16/2003,1.9278,4.4593,5.3047,17.19,127.38,60.34,13.79,63.27,59.29,24.2937,44.0699
10/17/2003,1.8548,4.3876,5.2488,17.62,125.55,60.34,13.79,56.07,56.27,25.3006,51.2386
10/20/2003,1.8469,4.3817,5.2349,17.04,124.41,60.34,13.79,58.6,57.39,24.2818,51.8324
10/21/2003,1.8389,4.342,5.2052,16.55,117.66,60.34,13.79,59.23,57.67,22.2248,55.7981
10/22/2003,1.7566,4.2513,5.1347,17.67,118.17,60.34,13.79,49.68,53.42,22.2272,64.8694
10/23/2003,1.7981,4.3163,5.1946,17.68,120.1,52.78,16.67,51.51,54.18,22.314,58.3673
10/24/2003,1.7242,4.2297,5.119,17.71,119.56,52.78,16.67,48.79,52.9,22.5712,67.0308
10/27/2003,1.7741,4.2592,5.1399,18.05,118.2,52.78,16.67,50.09,53.42,20.3433,64.0842
10/28/2003,1.6663,4.1768,5.0899,16.82,116.52,52.78,16.67,58.15,56.88,22.1628,72.318
10/29/2003,1.7495,4.2946,5.1755,16.43,111.84,52.78,16.67,58.76,57.16,21.2272,60.5351
10/30/2003,1.8568,4.3422,5.1977,16.33,119.02,57.81,18.75,57.96,56.83,21.4797,55.7825
10/31/2003,1.8175,4.2927,5.1314,16.1,118.76,57.81,18.75,59.86,57.65,22.175,85.7297
11/3/2003,1.8742,4.3403,5.1607,16.55,118.76,57.81,18.75,63.74,59.43,24.2818,80.9738
11/4/2003,1.8422,4.2947,5.1283,16.55,116.23,57.81,18.75,59.44,57.69,23.2462,85.5305
11/5/2003,1.9234,4.3522,5.1828,16.86,119.46,57.81,18.75,58.39,57.26,22.2272,79.7774
11/6/2003,1.9725,4.4081,5.2433,16.74,123.88,57.58,16.67,61.58,58.65,23.251,74.1904
11/7/2003,2.0065,4.4383,5.2529,16.93,120.57,57.58,16.67,57.87,57.16,22.3,71.1741
11/10/2003,2.0239,4.4464,5.2636,17.62,117.82,57.58,16.67,53.5,55.33,24.263,70.3624
11/11/2003,2.0244,4.4464,5.2636,17.54,117.82,57.58,16.67,53.11,55.16,23.2272,70.3581
11/12/2003,2.0167,4.3983,5.2081,16.75,115.81,57.58,16.67,59.96,57.99,24.251,75.1671
11/13/2003,1.8775,4.269,5.1042,16.47,113.68,53.33,14.44,59.84,57.94,23.2297,88.0954
11/14/2003,1.8047,4.2171,5.0505,16.94,114.25,53.33,14.44,53.73,55.43,22.362,93.2875
11/17/2003,1.7804,4.194,5.0474,18.6,113.98,53.33,14.44,49.23,53.44,23.2606,95.6025
11/18/2003,1.7642,4.1421,4.9984,19.11,114.1,53.33,14.44,43.66,50.77,22.2248,100.7913
11/19/2003,1.8631,4.2364,5.0814,18.8,114.85,53.33,14.44,49.08,52.89,23.2486,91.3619
11/20/2003,1.781,4.1516,5.0085,19.48,114.85,53.23,20.97,44.22,50.5,23.251,99.84
11/21/2003,1.8147,4.1592,5.0146,18.98,114.44,53.23,20.97,45.31,50.93,24.2794,99.0823
11/24/2003,1.8896,4.2286,5.0648,17.44,109.97,53.23,20.97,54.99,55.05,24.2818,92.1445
11/25/2003,1.8318,4.1841,5.0289,16.71,106.73,53.23,20.97,55.9,55.47,24.2677,96.5872
11/26/2003,1.9241,4.2459,5.0689,16.23,104.85,53.23,20.97,58.18,56.52,24.2724,90.4062
11/27/2003,1.9632,4.2459,5.0689,16.23,104.85,60.38,20.75,58.18,56.52,24.5924,90.4103
11/28/2003,2.0437,4.3316,5.1311,16.32,104.91,60.38,20.75,58.01,56.45,24.4698,78.8375
12/1/2003,2.092,4.3846,5.151,16.77,113.14,60.38,20.75,63.69,59.14,27.1369,73.5411
12/2/2003,2.052,4.3787,5.15,16.27,116.53,60.38,20.75,61.07,58.05,25.2677,74.1294
12/3/2003,2.0684,4.4023,5.1847,16.63,117.88,60.38,20.75,59.65,57.46,25.27,71.7654
12/4/2003,2.0363,4.365,5.1604,16.3,120.18,69.37,14.41,62.16,58.61,27.3149,75.502
12/5/2003,1.8668,4.2303,5.0616,17.09,116.42,69.37,14.41,55.99,56.02,27.3216,88.9728
12/8/2003,1.8992,4.2672,5.1092,16.54,113.76,69.37,14.41,60.04,57.85,26.4489,85.2803
12/9/2003,1.9641,4.3513,5.1636,17.63,115.28,69.37,14.41,53.8,55.08,26.3104,76.8706
12/10/2003,1.9073,4.316,5.1489,17.87,112.91,69.37,14.41,53.06,54.75,27.3339,80.3991
12/11/2003,1.7856,4.2302,5.1019,16.73,109.2,55.26,21.05,59.49,57.62,28.3572,88.9789
12/12/2003,1.8015,4.2379,5.0904,16.41,111.05,55.26,21.05,60.87,58.28,28.1766,88.2058
12/15/2003,1.8258,4.2574,5.0956,17.23,111.01,55.26,21.05,56.53,56.39,28.3658,86.26
12/16/2003,1.7931,4.2127,5.0646,15.93,110.05,55.26,21.05,60.1,58.03,27.3317,90.7346
12/17/2003,1.8011,4.1816,5.0214,15.58,109.58,55.26,21.05,60.76,58.34,28.3551,93.8381
12/18/2003,1.7846,4.1256,4.9434,16.16,107.11,60.2,19.39,66.39,61.12,29.3783,99.4403
12/19/2003,1.7842,4.1332,4.9645,16.42,109.23,60.2,19.39,65.98,60.95,30.4055,98.6802
12/22/2003,1.8088,4.1679,4.9796,16.94,114.09,60.2,19.39,67.77,61.86,29.3867,95.2059
12/23/2003,1.85,4.2593,5.0511,16.49,115.28,60.2,19.39,69.04,62.52,28.3529,86.071
12/24/2003,1.835,4.1834,4.9857,16.66,116.23,60.2,19.39,67.21,61.81,28.3572,70.6635
12/25/2003,1.835,4.1833,4.9857,16.66,116.23,65.52,17.24,67.21,61.81,28.3636,70.6704
12/26/2003,1.8111,4.1503,4.9694,17.45,116.23,65.52,17.24,68.06,62.22,31.4283,69.9675
12/29/2003,1.851,4.2417,5.0469,17.09,116.47,65.52,17.24,73.51,65.09,29.6575,66.833
12/30/2003,1.8271,4.2573,5.0748,17.68,116.54,65.52,17.24,73.57,65.12,22.7677,67.2709
12/31/2003,1.8189,4.2455,5.0727,18.31,117.91,65.52,17.24,74.41,65.59,23.4817,66.4451
1/1/2004,1.8186,4.2455,5.0726,18.31,117.91,62.41,13.48,74.41,65.59,23.4886,66.4475
1/2/2004,1.8991,4.3794,5.1698,18.22,118.01,62.41,13.48,70.74,64.24,25.3449,64.0647
1/5/2004,1.9153,4.3774,5.1772,17.49,113.84,62.41,13.48,75.87,67.03,23.3029,63.2627
1/6/2004,1.8185,4.271,5.1006,16.73,108.77,62.41,13.48,76.35,67.31,24.3104,63.9029
1/7/2004,1.8184,4.2416,5.0757,15.5,110.91,62.41,13.48,77.23,67.83,24.3339,63.841
1/8/2004,1.8264,4.2553,5.085,15.61,109.71,67.16,17.91,78.99,68.9,27.3993,62.4714
1/9/2004,1.656,4.0803,4.9592,16.75,102.82,67.16,17.91,68.66,64.89,28.4263,63.9688
1/12/2004,1.6476,4.0861,4.9723,16.82,100.21,67.16,17.91,70.85,65.98,25.4075,64.3944
1/13/2004,1.5825,4.011,4.9189,18.04,97.54,67.16,17.91,65.34,63.69,24.3741,66.8986
1/14/2004,1.6226,3.9937,4.8939,16.75,100.83,67.16,17.91,69.32,65.6,25.3973,65.628
1/15/2004,1.6385,3.9688,4.8552,15.56,103.64,66.29,10.11,69.93,65.91,25.3993,66.1195
1/16/2004,1.6699,4.0299,4.8919,15,104.53,66.29,10.11,72.88,67.43,24.3867,62.013
1/19/2004,1.6696,4.0298,4.8918,15,104.53,66.29,10.11,72.88,67.43,24.3888,62.0184
1/20/2004,1.6529,4.0548,4.9238,15.21,102.73,66.29,10.11,71.85,67.01,25.4116,62.5207
1/21/2004,1.6365,4.0182,4.9038,14.34,103.43,66.29,10.11,75.04,68.7,24.3762,65.1771
1/22/2004,1.5951,3.953,4.8433,14.71,105.73,69.51,13.41,71.42,67.22,25.3993,64.6957
1/23/2004,1.6598,4.072,4.9429,14.84,112.22,69.51,13.41,69.08,66.26,24.3846,61.8018
1/26/2004,1.6926,4.1301,4.9833,14.55,114.44,69.51,13.41,74.31,68.92,22.3449,61.9909
1/27/2004,1.6427,4.0738,4.9368,15.35,111.6,69.51,13.41,64.66,64.6,21.3104,63.617
1/28/2004,1.8165,4.1885,5.0026,16.78,116.53,69.51,13.41,54.23,59.32,19.27,64.1471
1/29/2004,1.7831,4.1729,4.9996,17.14,124.93,56.88,15,56.94,60.53,20.3974,66.7122
1/30/2004,1.8189,4.1319,4.961,16.63,116.75,56.88,15,55.08,59.56,22.3216,66.8141
2/2/2004,1.8028,4.1455,4.9833,17.11,116.21,56.88,15,57.17,60.47,21.3029,68.4531
2/3/2004,1.7465,4.0968,4.9488,17.34,116.4,56.88,15,57.56,60.64,20.2677,70.3197
2/4/2004,1.7544,4.1123,4.9549,17.87,120.71,56.88,15,51.27,57.48,21.2914,69.769
2/5/2004,1.8266,4.1669,4.9812,17.71,125.73,50.91,21.82,52.49,57.97,20.2724,69.3125
2/6/2004,1.7456,4.0772,4.9166,16,115.11,50.91,21.82,59.87,61.16,21.3006,72.2794
2/9/2004,1.7373,4.052,4.8996,16.39,107.43,50.91,21.82,57.86,60.17,20.2818,70.8028
2/10/2004,1.8019,4.1121,4.9498,15.94,107.42,50.91,21.82,60.63,61.42,19.2462,69.7884
2/11/2004,1.7045,4.0306,4.8995,15.39,95.62,50.91,21.82,65.8,63.92,21.2914,67.94
2/12/2004,1.7043,4.0441,4.9266,15.31,96.34,56.1,14.63,61.76,62,21.5029,69.591
2/13/2004,1.6707,4.0402,4.9165,15.58,96.33,56.1,14.63,57.52,59.93,21.3239,66.9796
2/16/2004,1.6704,4.0402,4.9164,15.58,96.33,56.1,14.63,57.52,59.93,21.3261,66.9801
2/17/2004,1.662,4.0383,4.9114,15.4,93.61,56.1,14.63,62.45,62.24,21.3284,66.1725
2/18/2004,1.6783,4.0479,4.9104,15.59,92.63,56.1,14.63,59.04,60.57,19.27,65.2121
2/19/2004,1.6453,4.0306,4.8944,15.8,91.65,56.45,20.97,56.01,59.05,19.2724,66.9407
2/20/2004,1.7018,4.0961,4.9525,16.04,92.83,56.45,20.97,54.15,58.12,19.2794,65.3932
2/23/2004,1.6522,4.0363,4.9012,16.29,91.04,56.45,20.97,52.18,57.14,18.2606,67.3666
2/24/2004,1.6355,4.0229,4.8962,15.9,90.94,56.45,20.97,50.97,56.53,17.2248,67.7116
2/25/2004,1.6022,4.0075,4.8862,14.93,92.36,56.45,20.97,53.76,57.65,16.2057,68.2471
2/26/2004,1.6729,4.0344,4.9051,14.83,93.2,41.58,30.53,54.52,57.95,17.2297,68.56
2/27/2004,1.641,3.9711,4.8374,14.55,90.14,41.58,30.53,54.54,57.96,18.2582,67.8906
3/1/2004,1.649,3.973,4.8384,14.44,90.14,41.58,30.53,61.1,60.63,17.2395,71.701
3/2/2004,1.7211,4.0421,4.901,14.86,96.08,41.58,30.53,55.71,58.25,16.2032,70.7916
3/3/2004,1.7213,4.0498,4.9029,14.55,104.37,41.58,30.53,56.87,58.72,17.2272,71.0209
3/4/2004,1.6972,4.0151,4.8769,14.4,100.23,47.83,13.04,59.14,59.66,16.2082,71.4862
3/5/2004,1.5605,3.8491,4.7628,14.48,92.3,47.83,13.04,60.32,60.15,17.237,70.0879
3/8/2004,1.496,3.768,4.7076,15.79,91.58,47.83,13.04,52.47,56.72,17.2606,74.2017
3/9/2004,1.4797,3.7211,4.6693,16.6,93.3,47.83,13.04,47.86,54.5,16.2248,75.8949
3/10/2004,1.5037,3.7285,4.6693,18.67,95.49,47.83,13.04,38.66,49.48,16.2272,77.1533
3/11/2004,1.4551,3.6985,4.6645,20.67,99.85,41.29,33.55,31.89,45.08,17.251,82.1525
3/12/2004,1.5193,3.777,4.717,18.3,97.75,41.29,33.55,40.88,48.87,16.237,76.2975
3/15/2004,1.5272,3.7619,4.7054,21.13,96.41,41.29,33.55,35.07,45.11,17.2606,79.8089
3/16/2004,1.4702,3.6794,4.6424,20.34,95.02,41.29,33.55,38.69,46.75,16.2248,80.0585
3/17/2004,1.4944,3.7111,4.6642,18.11,96.32,41.29,33.55,45.57,49.99,18.27,75.8886
3/18/2004,1.5187,3.7542,4.6996,18.53,97.6,38.6,26.32,44.97,49.65,18.2724,77.5799
3/19/2004,1.51,3.771,4.7042,19.15,97.6,38.6,26.32,40.03,46.74,18.2794,77.9041
3/22/2004,1.477,3.7126,4.664,21.58,97.6,38.6,26.32,35.25,43.71,18.2818,79.7377
3/23/2004,1.4686,3.6901,4.6516,20.67,96.7,38.6,26.32,34.8,43.41,17.2462,80.9926
3/24/2004,1.4602,3.7069,4.6582,19.81,96.7,38.6,26.32,33.96,42.88,18.27,79.3147
3/25/2004,1.5,3.7368,4.6916,17.88,97.4,31.48,42.59,43.95,47.47,18.2724,78.3178
3/26/2004,1.5797,3.8292,4.761,17.33,105.3,31.48,42.59,43.51,47.23,17.2582,77.0771
3/29/2004,1.6116,3.8882,4.8099,16.5,101.74,31.48,42.59,50.45,50.64,17.2606,75.1789
3/30/2004,1.6196,3.8939,4.8128,16.28,102,31.48,42.59,52.43,51.66,16.2248,75.6089
3/31/2004,1.5718,3.8348,4.7716,16.74,105.92,31.48,42.59,52.04,51.47,17.2486,75.5206
4/1/2004,1.6199,3.8786,4.8009,16.65,112.4,55.17,22.41,54.78,52.83,18.2724,78.1434
4/2/2004,1.846,4.1435,4.9777,15.64,112.16,55.17,22.41,58.87,54.95,17.2582,73.6497
4/5/2004,1.8788,4.2064,5.0413,14.97,115.96,55.17,22.41,62.21,56.77,21.2818,72.3574
4/6/2004,1.8307,4.1475,4.9971,15.32,103.08,55.17,22.41,60.75,56.12,21.2677,74.2524
4/7/2004,1.8393,4.1573,5.0042,15.76,117.34,55.17,22.41,56.24,54.1,21.27,71.2685
4/8/2004,1.8574,4.1909,5.0278,16.26,115.5,58.78,20.27,55.53,53.79,21.2794,70.9108
4/9/2004,1.8579,4.1909,5.0277,16.26,115.5,58.78,20.27,55.53,53.79,21.2818,70.907
4/12/2004,1.8829,4.2285,5.0597,15.28,112.14,58.78,20.27,58.27,55.11,21.2841,69.1496
4/13/2004,1.9895,4.3519,5.155,17.26,113.12,58.78,20.27,49.49,51.06,20.2462,65.8074
4/14/2004,2.0725,4.364,5.1592,15.62,115.3,58.78,20.27,48.85,50.74,19.4152,69.5975
4/15/2004,2.0567,4.4003,5.2092,15.74,117.57,63.75,13.75,49.22,50.91,21.251,68.9735
4/16/2004,1.9846,4.3383,5.1687,14.94,117.46,63.75,13.75,52.43,52.32,22.2794,71.172
4/19/2004,2.0349,4.3845,5.2091,15.42,115.09,63.75,13.75,53.1,52.61,21.1986,68.549
4/20/2004,2.152,4.4573,5.2607,16.67,118.35,63.75,13.75,43.47,48.12,16.1383,66.2737
4/21/2004,2.1612,4.423,5.2262,15.6,117.79,63.75,13.75,46.95,49.61,19.0376,72.7023
4/22/2004,2.1121,4.3807,5.1941,14.61,113.14,50,22.5,54.93,53.33,22.2297,69.9263
4/23/2004,2.232,4.4578,5.2391,14.01,114.68,50,22.5,55.24,53.48,20.1944,70.2233
4/26/2004,2.2246,4.4336,5.2272,14.77,114.21,50,22.5,52.33,52.17,21.2183,69.6444
4/27/2004,2.1415,4.3832,5.1994,15.07,119.97,50,22.5,53.67,52.78,20.1816,71.683
4/28/2004,2.2435,4.4967,5.2856,16.29,120.24,50,22.5,45.35,48.85,19.1626,68.3303
4/29/2004,2.3465,4.5356,5.3139,16.6,121.55,50,21.21,41.59,46.89,21.0617,72.4416
4/30/2004,2.3145,4.5053,5.2844,17.19,122.93,50,21.21,38.9,45.44,22.2157,72.4701
5/3/2004,2.3065,4.4993,5.2779,16.62,123.06,50,21.21,44.84,48.02,21.197,75.0707
5/4/2004,2.3228,4.5649,5.3435,16.55,119.98,50,21.21,45.98,48.53,18.1165,71.5118
5/5/2004,2.3228,4.5794,5.3567,15.77,132.99,50,21.21,47.12,49.03,20.1626,74.061
5/6/2004,2.3717,4.598,5.3666,17.05,137.81,38.98,27.12,43.38,47.23,19.1436,79.1957
5/7/2004,2.6178,4.7709,5.466,18.13,122.89,38.98,27.12,36.98,43.86,14.022,78.908
5/10/2004,2.5854,4.7921,5.4909,19.77,109.75,38.98,27.12,33,41.54,20.0467,78.7931
5/11/2004,2.5694,4.7462,5.4525,18.57,106.33,38.98,27.12,38.15,43.75,20.029,82.3848
5/12/2004,2.5863,4.805,5.5217,18.14,108.8,38.98,27.12,39.26,44.23,22.0757,78.4958
5/13/2004,2.6528,4.8516,5.5606,18.86,114.53,32.89,43.42,38.91,44.05,26.1436,79.8397
5/14/2004,2.5301,4.7678,5.4853,18.47,114.53,32.89,43.42,38.59,43.89,28.173,83.2186
5/17/2004,2.4642,4.6887,5.4222,19.96,112.43,32.89,43.42,33.88,41.43,26.9673,83.1327
5/18/2004,2.5142,4.7341,5.4537,19.33,109.96,32.89,43.42,38.99,43.52,22.029,81.5924
5/19/2004,2.5561,4.7717,5.4762,18.93,109.49,32.89,43.42,37.8,42.92,24.0538,81.8257
5/20/2004,2.4983,4.7004,5.4189,18.67,108.29,36.67,40,38.16,43.06,26.0785,82.9582
5/21/2004,2.541,4.7558,5.4582,18.49,107.77,36.67,40,41.38,44.34,26.087,81.4208
5/24/2004,2.5247,4.732,5.4323,18.08,103.1,36.67,40,42.75,44.88,26.0683,81.8033
5/25/2004,2.5334,4.7201,5.41,15.96,103.59,36.67,40,53.77,49.72,21.9628,82.994
5/26/2004,2.4416,4.6549,5.3644,15.97,107.18,36.67,40,54.77,50.2,22.9659,83.5113
5/27/2004,2.4597,4.5999,5.3149,15.28,104.78,36.11,40.28,58.06,51.81,24.9911,81.0127
5/28/2004,2.5323,4.6468,5.3445,15.5,106.12,36.11,40.28,57.64,51.65,25.5033,82.3172
5/31/2004,2.5323,4.6468,5.3446,15.5,106.12,36.11,40.28,57.64,51.65,25.5064,82.3209
6/1/2004,2.589,4.7001,5.3955,16.3,108.71,36.11,40.28,57.92,51.78,21.5888,82.9932
6/2/2004,2.6377,4.7377,5.4268,16.08,121.5,36.11,40.28,60.06,52.79,18.0826,83.2254
6/3/2004,2.6135,4.7099,5.4145,17.03,116.66,33.33,26.19,53.6,50.4,20.0863,85.0053
6/4/2004,2.6874,4.7715,5.4572,16.78,102.33,33.33,26.19,57.09,51.98,18.4136,84.8469
6/7/2004,2.6549,4.7596,5.4527,15.39,96.02,33.33,26.19,65.61,56.37,20.0229,83.0442
6/8/2004,2.6878,4.7615,5.4482,15.01,97.12,33.33,26.19,66.32,56.77,15.8984,83.8461
6/9/2004,2.7619,4.8055,5.4798,15.39,97.68,33.33,26.19,58.35,53.62,16.6325,83.4513
6/10/2004,2.7952,4.7935,5.4685,15.04,98.71,55.26,15.79,60.76,54.85,19.7416,83.6524
6/11/2004,2.8046,4.7995,5.4742,15.04,98.71,55.26,15.79,60.76,54.85,23.8598,83.053
6/14/2004,2.9294,4.8698,5.53,16.07,103.86,55.26,15.79,53.51,51.77,17.8276,84.0184
6/15/2004,2.7474,4.676,5.3634,15.05,101.1,55.26,15.79,56.84,53.4,23.7551,87.4044
6/16/2004,2.7892,4.7216,5.4,14.79,101.79,55.26,15.79,57.6,53.77,25.2168,86.8412
6/17/2004,2.7563,4.6779,5.3501,15.15,101.33,41.41,28.13,56.56,53.34,29.907,87.2119
6/18/2004,2.7824,4.7096,5.3767,14.99,99.12,41.41,28.13,58.15,54.08,28.8999,85.0424
6/21/2004,2.7493,4.6837,5.3678,15.26,97.36,41.41,28.13,54.72,52.7,30.8621,85.6275
6/22/2004,2.758,4.7175,5.4045,14.31,100.36,41.41,28.13,57.1,53.77,25.7343,83.2502
6/23/2004,2.7249,4.6956,5.3823,13.98,101.36,41.41,28.13,62.13,56.17,28.8418,83.4407
6/24/2004,2.75,4.644,5.3369,14.81,103.77,56.41,23.08,59.47,55.12,31.4916,82.5993
6/25/2004,2.7338,4.6459,5.3347,15.19,100.95,56.41,23.08,54.87,53.25,28.8397,82.4112
6/28/2004,2.8552,4.7354,5.4079,16.07,102.03,56.41,23.08,54.08,52.92,28.4492,83.4647
6/29/2004,2.8147,4.6855,5.3645,15.47,99.96,56.41,23.08,55.88,53.69,22.6511,85.4484
6/30/2004,2.6772,4.5806,5.2876,14.34,93.91,56.41,23.08,58.7,54.93,34.8825,87.9391
7/1/2004,2.6366,4.5629,5.2865,15.2,99.72,56.97,15.76,49.89,51.29,38.9872,87.7149
7/2/2004,2.5224,4.4589,5.2054,15.08,94.71,56.97,15.76,47.58,50.26,31.8643,89.1143
7/5/2004,2.522,4.4549,5.2054,15.08,94.71,56.97,15.76,47.58,50.26,29.6188,89.5112
7/6/2004,2.538,4.4743,5.2183,16.25,91.13,56.97,15.76,42.18,47.71,31.913,89.5675
7/7/2004,2.538,4.4743,5.2237,15.81,95.04,56.97,15.76,43.77,48.34,28.9464,89.5675
7/8/2004,2.5132,4.4704,5.2226,16.2,94.43,55.1,21.43,38.78,45.86,32.8868,88.9648
7/9/2004,2.5122,4.4565,5.2065,15.78,97.07,55.1,21.43,41.66,46.99,32.8999,90.3518
7/12/2004,2.5201,4.4447,5.1979,14.96,97.53,55.1,21.43,42.86,47.46,31.8643,88.5291
7/13/2004,2.5525,4.47,5.2097,14.46,103.84,55.1,21.43,43.5,47.71,26.7344,88.9985
7/14/2004,2.5851,4.4797,5.2172,13.76,102.19,55.1,21.43,41.18,46.66,27.7393,88.0274
7/15/2004,2.6013,4.4797,5.2119,14.71,99.63,47.37,23.68,38.31,45.31,28.7441,88.0339
7/16/2004,2.4933,4.3491,5.115,14.34,99.71,47.37,23.68,35.38,43.86,29.7587,89.0942
7/19/2004,2.5177,4.3509,5.1098,15.17,95.32,47.37,23.68,35.11,43.73,30.7838,89.9099
7/20/2004,2.6167,4.4441,5.1733,14.17,97.18,47.37,23.68,42.54,46.41,28.9982,88.5868
7/21/2004,2.658,4.4656,5.1979,16.41,93.71,47.37,23.68,34.45,42.43,30.7186,90.4433
7/22/2004,2.6496,4.444,5.1861,15.75,91.86,35.71,23.81,37.03,43.43,30.7029,90.6011
7/23/2004,2.6491,4.4301,5.1659,16.5,90.53,35.71,23.81,32.13,40.78,30.7179,89.99
7/26/2004,2.7075,4.4848,5.2097,17.3,90.23,35.71,23.81,31.24,40.27,24.7879,88.5154
7/27/2004,2.7913,4.6132,5.3173,16.55,94.79,35.71,23.81,40.25,43.93,21.4821,85.6836
7/28/2004,2.7325,4.5834,5.3118,16.15,98.09,35.71,23.81,40.71,44.12,23.5091,87.6639
7/29/2004,2.7499,4.5754,5.2943,15.68,97.13,34,36,44.6,45.77,25.911,85.4605
7/30/2004,2.6771,4.4747,5.1969,15.32,97.21,34,36,45.6,46.19,26.5529,83.5344
8/2/2004,2.6446,4.4491,5.1883,15.37,99.31,34,36,49.3,47.79,23.5169,87.0909
8/3/2004,2.6363,4.4236,5.1669,16.03,98.9,34,36,44.67,45.8,22.4393,87.6424
8/4/2004,2.6442,4.4176,5.1648,16.21,106.46,34,36,43.99,45.5,23.4666,88.2363
8/5/2004,2.6441,4.4,5.1531,18.32,106.83,30.99,33.8,34.42,40.82,24.4725,88.0018
8/6/2004,2.3833,4.2196,5.0355,19.34,103.11,30.99,33.8,28.25,37.14,28.5737,88.0361
8/9/2004,2.4397,4.2561,5.0584,18.89,98.85,30.99,33.8,29.27,37.57,19.4751,87.3919
8/10/2004,2.5289,4.2888,5.0667,17.47,96.53,30.99,33.8,39.51,42.16,19.4118,89.1205
8/11/2004,2.4959,4.2713,5.0553,18.04,89.72,30.99,33.8,38.12,41.42,28.5459,89.8701
8/12/2004,2.4955,4.2538,5.048,19.08,93.34,38.57,40,33.22,38.7,27.6553,89.6176
8/13/2004,2.4534,4.2268,5.0168,17.98,96.13,38.57,40,34.36,39.22,29.5681,88.3205
8/16/2004,2.4776,4.2616,5.05,17.57,94.46,38.57,40,43.86,43.75,27.532,88.8412
8/17/2004,2.3951,4.1901,5.0033,17.02,102.42,38.57,40,45.26,44.45,26.4607,90.9874
8/18/2004,2.4275,4.2364,5.0374,16.23,106.71,38.57,40,52.47,48.22,26.4666,87.3601
8/19/2004,2.3776,4.2132,5.026,16.96,100.68,34.88,34.88,50.38,47.25,27.4725,87.6799
8/20/2004,2.4339,4.2325,5.0239,16,100.88,34.88,34.88,53.95,49.17,26.4691,86.7539
8/23/2004,2.4666,4.2829,5.0738,15.88,104.42,34.88,34.88,52.42,48.48,25.4331,85.713
8/24/2004,2.4496,4.2712,5.0633,15.33,103.45,34.88,34.88,52.7,48.62,23.3251,86.8797
8/25/2004,2.4658,4.2615,5.0477,14.98,102.94,34.88,34.88,57.27,51.01,23.3097,86.8516
8/26/2004,2.4717,4.2092,5.0082,14.91,102.53,41.53,25.42,57.33,51.05,24.4412,88.0814
8/27/2004,2.4797,4.2265,5.0195,14.71,102,41.53,25.42,58.75,51.78,24.3141,86.3468
8/30/2004,2.4555,4.1763,4.9803,15.44,100.03,41.53,25.42,52.71,49.32,23.2993,87.3716
8/31/2004,2.3911,4.1167,4.9272,15.29,102.66,41.53,25.42,55.61,50.75,22.2222,87.3335
9/1/2004,2.383,4.1128,4.9251,14.91,105.44,41.53,25.42,56.55,51.22,23.2509,87.7209
9/2/2004,2.4558,4.2129,5.0008,14.28,106.86,41.51,28.3,62.86,54.52,22.2141,83.7093
9/3/2004,2.5784,4.2945,5.0578,13.91,89.29,41.51,28.3,59.36,53.12,18.1336,84.5499
9/6/2004,2.5869,4.2906,5.0598,13.91,89.29,41.51,28.3,59.36,53.12,21.141,84.9404
9/7/2004,2.5462,4.238,5.0089,14.07,84.95,41.51,28.3,62.99,55.08,24.1914,86.1987
9/8/2004,2.4645,4.1587,4.9534,14.06,100.51,41.51,28.3,59.25,53.56,22.3468,86.1331
9/9/2004,2.481,4.1953,4.9883,14.01,98.73,50.5,23.76,60.32,54.11,24.1263,85.4659
9/10/2004,2.4813,4.1856,4.9841,13.76,96.58,50.5,23.76,63.05,55.54,22.5424,86.4404
9/13/2004,2.465,4.1354,4.941,13.17,91.73,50.5,23.76,63.96,56.02,24.1336,87.4618
9/14/2004,2.4322,4.1238,4.9329,13.56,92.22,50.5,23.76,65.19,56.67,23.0672,85.6203
9/15/2004,2.4735,4.1643,4.9594,14.64,91.98,50.5,23.76,58.39,54.06,22.8654,83.5749
9/16/2004,2.4076,4.0719,4.8731,14.39,91.08,45.45,31.82,60.16,54.91,25.0599,83.8121
9/17/2004,2.4736,4.1064,4.9095,14.03,93.66,45.45,31.82,62.88,56.25,21.9931,86.3588
9/20/2004,2.4243,4.0564,4.866,14.43,92.23,45.45,31.82,57.55,54.15,22.8994,85.364
9/21/2004,2.4576,4.0353,4.8379,13.66,88.24,45.45,31.82,61.48,56.05,21.9322,86.4731
9/22/2004,2.4577,3.978,4.7734,14.74,91.6,45.45,31.82,50.35,51.19,24.0878,89.1969
9/23/2004,2.5161,4.0161,4.7902,14.8,98.19,51.2,26.8,47.3,49.72,23.9483,90.3943
9/24/2004,2.567,4.0273,4.798,14.28,95.63,51.2,26.8,48.43,50.22,23.9501,90.2658
9/27/2004,2.5337,3.9891,4.7683,14.62,93.39,51.2,26.8,44.55,48.35,25.9803,91.0885
9/28/2004,2.5171,4.0024,4.7979,13.83,92.34,51.2,26.8,48.92,50.25,26.4322,89.7603
9/29/2004,2.593,4.0866,4.8657,13.21,92.56,51.2,26.8,51.89,51.58,30.5258,88.3363
9/30/2004,2.605,4.1194,4.8919,13.34,92.89,41.07,39.29,51.74,51.52,31.9707,85.0646
10/1/2004,2.6216,4.1871,4.9436,12.75,93.08,41.07,39.29,61.05,56.02,34.7886,83.2939
10/4/2004,2.638,4.1637,4.9272,13.41,90.76,41.07,39.29,62.73,56.92,35.1713,84.6265
10/5/2004,2.63,4.1734,4.9313,13.95,87.42,41.07,39.29,62.19,56.69,33.9549,83.6584
10/6/2004,2.6874,4.2201,4.968,13.28,96.29,41.07,39.29,65.71,58.55,34.4628,83.9882
10/7/2004,2.6876,4.2416,4.9948,14.5,100.6,56.93,19.71,57.1,54.88,36.9931,83.8405
10/8/2004,2.5817,4.1286,4.9067,15.05,91.38,56.93,19.71,51.67,52.34,38.0463,84.1357
10/11/2004,2.5818,4.1305,4.8986,14.71,91.38,56.93,19.71,52.94,52.94,37.304,83.9452
10/12/2004,2.549,4.0976,4.8784,15.05,92.54,56.93,19.71,51.29,52.18,37.8748,84.2375
10/13/2004,2.4915,4.0552,4.8683,15.42,91.83,56.93,19.71,46.29,49.79,35.9402,85.4788
10/14/2004,2.4668,4.0244,4.8222,16.43,91.22,44.71,28.24,40.87,46.98,34.9258,83.5582
10/15/2004,2.5162,4.0531,4.8451,15.04,90.59,44.71,28.24,44.2,48.41,32.9055,84.6906
10/18/2004,2.5079,4.0415,4.8381,14.71,86.88,44.71,28.24,47.96,50.06,30.722,87.8503
10/19/2004,2.541,4.0318,4.8151,15.13,85.85,44.71,28.24,42.28,47.17,26.7031,88.8169
10/20/2004,2.4996,3.98,4.7725,14.85,92.1,44.71,28.24,42.58,47.29,27.7121,92.001
10/21/2004,2.5411,3.9952,4.7695,14.54,86.54,42.48,28.76,44.56,48.13,26.675,91.4753
10/22/2004,2.5162,3.974,4.7605,15.28,85.84,42.48,28.76,39.04,45.3,27.7027,92.601
10/25/2004,2.5078,3.9701,4.7526,16.58,88.42,42.48,28.76,38.59,45.06,24.6436,91.9903
10/26/2004,2.5246,3.9988,4.7733,16.39,91.91,42.48,28.76,49.46,49.82,21.4304,89.1217
10/27/2004,2.5832,4.0816,4.8438,15.72,95.42,42.48,28.76,56.72,53.49,22.5023,88.8399
10/28/2004,2.5727,4.0487,4.8168,15.39,97.27,42.31,31.73,57.65,53.98,26.5357,90.129
10/29/2004,2.5484,4.0235,4.7889,16.27,96.45,42.31,31.73,58.94,54.66,27.5651,86.6501
11/1/2004,2.5808,4.0698,4.8357,16.27,96.79,42.31,31.73,59.09,54.74,26.529,89.0217
11/2/2004,2.5647,4.0465,4.8127,16.18,98.52,42.31,31.73,59.11,54.75,21.3255,88.3458
11/3/2004,2.581,4.0736,4.8256,14.04,105.38,42.31,31.73,65.16,57.88,25.4077,83.6429
11/4/2004,2.6218,4.0716,4.8146,13.97,102.81,57.14,22.86,71.73,61.87,24.3707,83.8407
11/5/2004,2.7613,4.1727,4.8969,13.84,92.68,57.14,22.86,73.07,62.76,20.2848,85.7278
11/8/2004,2.8027,4.2158,4.9315,13.8,91.2,57.14,22.86,72.02,62.33,22.2487,82.4157
11/9/2004,2.8113,4.2257,4.9437,13.61,89.04,57.14,22.86,71.34,62.06,19.4577,82.4334
11/10/2004,2.8369,4.2394,4.958,13.08,86.77,57.14,22.86,70.28,61.65,21.7799,84.0561
11/11/2004,2.8465,4.2519,4.9672,13.04,86.77,62.5,21.59,74.01,63.87,22.1659,82.8065
11/12/2004,2.8138,4.1786,4.8967,13.33,85.93,62.5,21.59,77.13,65.94,23.2014,85.1354
11/15/2004,2.8636,4.1863,4.8957,13.38,86.72,62.5,21.59,76.8,65.81,21.1299,85.3665
11/16/2004,2.8807,4.2056,4.9008,13.21,86.83,62.5,21.59,69.26,62.8,17.9594,85.4443
11/17/2004,2.8063,4.1287,4.8402,13.21,86.21,62.5,21.59,71.59,64.12,20.9965,87.1276
11/18/2004,2.84,4.1134,4.8063,12.98,86,64.1,22.44,72.15,64.44,20.8592,86.6615
11/19/2004,2.9168,4.2035,4.8844,13.5,87.6,64.1,22.44,61.41,59.87,21.5215,85.6493
11/22/2004,2.9425,4.1784,4.8421,12.97,86.04,64.1,22.44,64.39,61.35,20.9857,85.1565
11/23/2004,2.9516,4.1823,4.8361,12.67,85.68,64.1,22.44,64.16,61.25,20.8597,86.7744
11/24/2004,3.021,4.1976,4.8431,12.72,83.2,64.1,22.44,66.26,62.29,20.9485,86.2378
11/25/2004,3.0129,4.1937,4.839,12.72,83.2,49.48,26.8,66.26,62.29,21.9242,86.6312
11/26/2004,3.0291,4.2459,4.8853,12.78,84.9,49.48,26.8,66.66,62.48,20.8885,84.4091
11/29/2004,3.0535,4.3179,4.9638,13.3,90.65,49.48,26.8,63.06,61.01,18.8396,85.2067
11/30/2004,2.9967,4.3492,5.002,13.24,89.56,49.48,26.8,59.07,59.33,18.7339,83.0758
12/1/2004,3.005,4.3649,5.0113,12.97,88.23,49.48,26.8,67.31,63.21,20.6476,83.5057
12/2/2004,3.0378,4.4063,5.0614,12.98,91.23,56.76,25.41,66.45,62.84,22.536,81.3732
12/3/2004,2.9157,4.2497,4.9268,12.96,78.12,56.76,25.41,66.82,63.02,23.8508,84.0284
12/6/2004,2.9075,4.2206,4.8922,13.19,72.33,56.76,25.41,65.97,62.68,21.8151,83.9409
12/7/2004,2.9321,4.2206,4.8871,13.67,66.76,56.76,25.41,55.16,57.99,20.6833,82.9428
12/8/2004,2.8911,4.1183,4.7829,13.19,82.02,56.76,25.41,58.36,59.36,22.7223,85.1715
12/9/2004,2.924,4.1664,4.8327,12.88,83.02,51.35,25.23,61.66,60.84,23.7359,82.3628
12/10/2004,2.9323,4.1489,4.8176,12.76,82.98,51.35,25.23,60.66,60.4,23.7522,84.1079
12/13/2004,2.9572,4.147,4.8036,12.54,82.22,51.35,25.23,65.8,62.79,26.8151,84.304
12/14/2004,2.9573,4.1219,4.7689,12.73,80.23,51.35,25.23,67.8,63.78,27.7339,86.8108
12/15/2004,2.9325,4.0739,4.7109,12.35,82.3,51.35,25.23,68.77,64.28,29.9227,86.6134
12/16/2004,2.9823,4.1836,4.8245,12.27,86.3,52.53,19.19,66.44,63.32,31.8359,84.6425
12/17/2004,2.9994,4.199,4.8265,11.95,86.43,52.53,19.19,58.78,60.02,32.8753,84.0991
12/20/2004,3.0246,4.1835,4.8114,11.83,81.64,52.53,19.19,59.02,60.12,33.0135,85.6522
12/21/2004,3.0248,4.1622,4.7955,11.55,80.55,52.53,19.19,64.67,62.62,31.7592,83.7841
12/22/2004,2.9998,4.1931,4.8274,11.45,81.08,52.53,19.19,66.56,63.52,34.8477,81.6874
12/23/2004,3.0089,4.2242,4.8423,11.23,80.67,60.23,18.18,66.82,63.65,36.7748,79.5845
12/24/2004,2.9922,4.2144,4.8443,11.23,80.67,60.23,18.18,66.82,63.65,36.9129,80.5594
12/27/2004,3.0514,4.2965,4.9192,12.14,82.63,60.23,18.18,61.99,61.64,31.8042,78.3534
12/28/2004,3.0684,4.2906,4.9152,12,85.8,60.23,18.18,66.33,63.61,29.6579,78.9418
12/29/2004,3.1025,4.322,4.9428,11.62,85.1,60.23,18.18,66.24,63.57,33.7475,78.7991
12/30/2004,3.0812,4.2534,4.8725,12.56,86.6,57.66,17.52,66.29,63.59,33.761,81.662
12/31/2004,3.0651,4.2182,4.8261,13.29,86.6,57.66,17.52,64.55,62.92,35.2642,82.1789
1/3/2005,3.0896,4.2104,4.8121,14.08,83.9,57.66,17.52,55.17,59.02,32.204,83.96
1/4/2005,3.1962,4.2886,4.8856,13.98,83.3,57.66,17.52,45.09,54.07,22.4268,83.137
1/5/2005,3.2046,4.2808,4.8472,14.09,93.2,57.66,17.52,42.52,52.66,27.519,83.922
1/6/2005,3.1556,4.2612,4.8451,13.58,92.4,38.1,34.52,45.73,53.86,30.5591,84.883
1/7/2005,3.1891,4.269,4.835,13.49,92.38,38.1,34.52,44.64,53.29,29.5777,86.0996
1/10/2005,3.2141,4.269,4.817,13.23,79.01,38.1,34.52,47.85,54.48,30.5924,87.0998
1/11/2005,3.2061,4.2357,4.7801,13.19,77.85,38.1,34.52,43.03,52.03,28.4268,87.4315
1/12/2005,3.2064,4.2337,4.7672,12.56,76.95,38.1,34.52,46.78,53.44,31.4933,86.6281
1/13/2005,3.1734,4.1635,4.6896,12.84,75.77,33.99,39.87,40.53,50.13,32.4826,89.6515
1/14/2005,3.2244,4.208,4.7276,12.43,76.61,33.99,39.87,45.9,52.24,30.4921,91.2
1/17/2005,3.2246,4.2082,4.7256,12.43,76.61,33.99,39.87,45.9,52.24,31.5072,91.1774
1/18/2005,3.2249,4.1848,4.6787,12.47,76.53,33.99,39.87,53.26,55.4,33.5722,92.5223
1/19/2005,3.2165,4.1711,4.6554,13.18,75.96,33.99,39.87,46.51,51.88,31.3902,93.887
1/20/2005,3.1833,4.1614,4.6563,13.83,74.4647,33.66,33.66,41.87,49.25,34.7069,92.8632
1/21/2005,3.1419,4.1399,4.6427,14.36,76.3,33.66,33.66,38.48,47.23,35.5021,93.0113
1/24/2005,3.1842,4.1204,4.6004,14.65,76.95,33.66,33.66,36.74,46.16,35.5172,92.9571
1/25/2005,3.2098,4.1925,4.6814,14.06,77.32,33.66,33.66,40.05,47.55,29.2704,90.7518
1/26/2005,3.2523,4.1964,4.6668,13.44,78.19,33.66,33.66,43.9,49.2,30.2862,90.3622
1/27/2005,3.2796,4.2179,4.6843,13.24,80.21,26.43,36.43,44.22,49.34,30.2501,88.2094
1/28/2005,3.2551,4.1397,4.6079,13.24,78.62,26.43,36.43,42.46,48.42,29.4971,91.0309
1/31/2005,3.2716,4.128,4.5849,12.82,79.29,26.43,36.43,49.25,51.33,29.2379,93.2017
2/1/2005,3.2799,4.1377,4.5944,12.03,75.96,26.43,36.43,54.05,53.55,24.0054,94.2311
2/2/2005,3.3128,4.1396,4.5791,11.66,83.9,26.43,36.43,56.12,54.55,25.0493,94.039
2/3/2005,3.3377,4.163,4.581,11.79,83.78,41.67,25,53.84,53.52,29.1191,92.7
2/4/2005,3.2808,4.0753,4.4817,11.21,75.51,41.67,25,60.7,56.9,29.1696,93.4671
2/7/2005,3.2974,4.0501,4.4222,11.73,72.24,41.67,25,59.75,56.47,28.1606,93.9893
2/8/2005,3.3059,4.0153,4.3735,11.6,72.84,41.67,25,60.05,56.62,26.0684,96.4714
2/9/2005,3.2318,3.979,4.3689,12,77.1,41.67,25,52.56,53.29,26.4607,94.1
2/10/2005,3.2898,4.0888,4.4732,11.51,80.4,43.75,22.92,55.47,54.63,28.0399,91.1241
2/11/2005,3.3236,4.0844,4.4805,11.43,81.95,43.75,22.92,59.85,56.76,25.4513,94.5566
2/14/2005,3.3488,4.069,4.4488,11.52,84.66,43.75,22.92,60.28,56.97,27.057,95.0969
2/15/2005,3.3408,4.096,4.4851,11.27,84.12,43.75,22.92,62.32,57.98,23.8439,94.3992
2/16/2005,3.3995,4.1521,4.5179,11.1,84.1,43.75,22.92,62.43,58.03,24.862,93.7868
2/17/2005,3.358,4.1794,4.5738,11.77,74.24,36.36,29.87,54.62,54.74,27.6302,92.0642
2/18/2005,3.435,4.2655,4.6495,11.18,78.46,36.36,29.87,55.14,54.97,25.9001,90.449
2/21/2005,3.4269,4.2616,4.6446,11.18,78.46,36.36,29.87,55.14,54.97,26.9184,90.8371
2/22/2005,3.4273,4.2853,4.6854,13.14,83.99,36.36,29.87,43.73,49.52,24.8586,90.4734
2/23/2005,3.4358,4.2617,4.6523,12.39,81.69,36.36,29.87,48.13,51.42,19.9031,91.8326
2/24/2005,3.4785,4.2833,4.6688,11.57,82.94,31.82,31.82,53.67,53.95,20.5824,90.6651
2/25/2005,3.5219,4.2638,4.6386,11.49,80.7,31.82,31.82,59.23,56.73,18.5336,91.6175
2/28/2005,3.5958,4.3766,4.7195,12.08,90.05,31.82,31.82,54.34,54.37,17.4999,88.344
3/1/2005,3.5714,4.3647,4.7145,12.04,89.23,31.82,31.82,57.64,56.03,18.376,92.529
3/2/2005,3.5552,4.3767,4.7341,12.5,101.41,31.82,31.82,57.43,55.93,21.4522,91.3295
3/3/2005,3.5636,4.3768,4.7381,12.93,99.44,39.51,27.16,57.63,56.02,21.445,92.3222
3/4/2005,3.556,4.3076,4.6489,11.94,83,39.51,27.16,63.25,58.84,21.3543,93.2434
3/7/2005,3.5892,4.3076,4.6237,12.26,76.3,39.51,27.16,64.64,59.58,23.5539,93.2376
3/8/2005,3.6143,4.3911,4.7073,12.4,81.93,39.51,27.16,60.14,57.62,22.376,90.8908
3/9/2005,3.6562,4.5196,4.8305,12.7,92.1,39.51,27.16,51.92,53.75,23.3967,89.0407
3/10/2005,3.6648,4.4633,4.7635,12.49,91.14,49.66,24.83,53.16,54.32,27.4725,90.6693
3/11/2005,3.716,4.5423,4.8093,12.8,93.7,49.66,24.83,47.72,51.62,25.452,89.773
3/14/2005,3.7248,4.508,4.7793,12.39,93.2,49.66,24.83,51.64,53.39,25.4457,93.1996
3/15/2005,3.7336,4.5445,4.8253,13.15,92,49.66,24.83,46.58,50.81,24.2637,93.548
3/16/2005,3.7089,4.5062,4.7941,13.49,90.77,49.66,24.83,41.87,48.24,25.285,99.3807
3/17/2005,3.6673,4.464,4.7662,13.29,92.12,32.47,32.47,43.24,48.83,27.3341,101.6034
3/18/2005,3.6937,4.5066,4.81,13.14,90.1,32.47,32.47,42.95,48.68,25.3426,101.3388
3/21/2005,3.711,4.5229,4.8351,13.61,91.3,32.47,32.47,39.98,47.11,24.5867,104.7097
3/22/2005,3.8216,4.6411,4.9051,14.27,90.7,32.47,32.47,34.67,44.07,20.0651,102.8862
3/23/2005,3.8136,4.5841,4.8502,14.06,89,32.47,32.47,35.3,44.32,27.2006,108.5931
3/24/2005,3.8501,4.5968,4.844,13.42,88.37,23.23,41.94,34.81,44.04,26.2601,106.3193
3/25/2005,3.8507,4.5929,4.844,13.42,88.37,23.23,41.94,34.81,44.04,26.282,106.715
3/28/2005,3.8685,4.64,4.8886,13.75,88.91,23.23,41.94,37.22,44.96,26.3039,104.9957
3/29/2005,3.8342,4.5726,4.8409,14.49,89.59,23.23,41.94,33.11,42.7,26.4005,109.7422
3/30/2005,3.8262,4.5462,4.7976,13.64,91,23.23,41.94,44.9,47.61,28.2006,111.3764
3/31/2005,3.7745,4.4815,4.7548,14.02,87.7,28.43,50.98,44.47,47.4,35.3619,119.8524
4/1/2005,3.7251,4.4475,4.721,14.09,75.16,28.43,50.98,40.55,45.42,34.3974,120.2544
4/4/2005,3.7168,4.4556,4.7348,14.11,75.11,28.43,50.98,42.82,46.38,38.5269,120.4381
4/5/2005,3.7167,4.4678,4.7516,13.68,73.64,28.43,50.98,46.44,47.96,34.5418,120.2166
4/6/2005,3.6754,4.4215,4.7337,13.15,81.15,28.43,50.98,48.23,48.74,36.6818,121.8451
4/7/2005,3.7166,4.4802,4.7944,12.33,79.28,27.74,43.87,52.74,50.79,37.3896,117.9829
4/8/2005,3.7412,4.4683,4.7683,12.62,81.4,27.74,43.87,46.6,48.01,36.4248,123.1664
4/11/2005,3.7162,4.428,4.7237,11.98,78.2,27.74,43.87,46.61,48.01,39.4999,129.1955
4/12/2005,3.6829,4.3518,4.658,11.3,75.94,27.74,43.87,50.97,49.94,38.348,129.82
4/13/2005,3.6495,4.3599,4.6814,13.31,75.59,27.74,43.87,42.92,46.16,37.4039,132.0113
4/14/2005,3.5495,4.308,4.6804,14.53,74.42,16.48,41.76,37.55,43.3,38.3619,138.2013
4/15/2005,3.4902,4.2406,4.6084,17.74,83.84,16.48,41.76,30.71,39.16,37.3974,149.9448
4/18/2005,3.5483,4.2704,4.6093,16.56,83.84,16.48,41.76,32.98,40.18,27.6468,145.9607
4/19/2005,3.5062,4.2109,4.5423,14.96,84.11,16.48,41.76,37.46,42.22,24.9504,145.906
4/20/2005,3.4807,4.1853,4.5479,16.92,84,16.48,41.76,32.25,39.13,29.0875,144.4706
4/21/2005,3.6228,4.2945,4.6363,14.41,85.81,36.84,32.89,44.47,45.23,28.1163,138.5523
4/22/2005,3.597,4.2449,4.5793,15.38,84.18,36.84,32.89,41.65,43.65,26.0377,136.5116
4/25/2005,3.6304,4.2469,4.5534,14.62,78.55,36.84,32.89,46.32,46.13,30.1442,137.3076
4/26/2005,3.6472,4.2649,4.5715,14.91,79.2,36.84,32.89,42.51,44.05,28.6384,137.5115
4/27/2005,3.6131,4.2232,4.5476,14.87,79.12,36.84,32.89,44.71,45.19,32.0591,139.6803
4/28/2005,3.5594,4.1442,4.4851,16.86,78.25,29.75,34.71,40.04,42.63,34.0816,141.5835
4/29/2005,3.6495,4.1976,4.5133,15.31,82.53,29.75,34.71,46.29,45.92,32.0936,142.2392
5/2/2005,3.6249,4.1858,4.5132,15.12,82.3,29.75,34.71,48.54,47.14,33.1442,144.4231
5/3/2005,3.633,4.1641,4.482,14.53,81.5,29.75,34.71,48.14,46.93,31.8884,149.5944
5/4/2005,3.6083,4.1859,4.5903,13.85,86.9,29.75,34.71,54.16,50.2,38.1442,142.4149
5/5/2005,3.5425,4.1543,4.5769,13.98,82.98,28.57,44.9,52.78,49.54,44.1563,104.5749
5/6/2005,3.7156,4.2576,4.6278,14.05,78.4,28.57,44.9,52.18,49.25,37.177,105.2392
5/9/2005,3.7489,4.2816,4.6239,13.75,78.7,28.57,44.9,55.4,50.95,40.227,102.8357
5/10/2005,3.666,4.2,4.568,14.91,78.9,28.57,44.9,49.36,48.15,35.9792,106.001
5/11/2005,3.6743,4.202,4.5451,14.45,83,28.57,44.9,51.57,49.27,40.0875,105.7978
5/12/2005,3.6411,4.1703,4.5146,16.12,82.17,30.52,36.36,46.35,46.76,39.8946,105.9673
5/13/2005,3.5826,4.1173,4.4805,16.32,87.1,30.52,36.36,44.18,45.67,46.3152,112.2703
5/16/2005,3.5909,4.1269,4.4956,15.68,88.5,30.52,36.36,49.74,48.39,47.3641,112.3104
5/17/2005,3.5908,4.1134,4.4729,14.57,84.7,30.52,36.36,53.24,50.19,40.0365,112.6579
5/18/2005,3.5823,4.0884,4.4392,13.63,81.22,30.52,36.36,57.83,52.66,43.1159,111.1553
5/19/2005,3.6325,4.1115,4.4429,13.32,77.19,38.92,28.65,59.82,53.78,42.5479,111.8533
5/20/2005,3.6577,4.121,4.4381,13.14,76.6,38.92,28.65,58.84,53.35,41.1214,112.8959
5/23/2005,3.6156,4.0538,4.3796,12.95,73.86,38.92,28.65,60.6,54.3,39.4637,113.6156
5/24/2005,3.5902,4.0271,4.3584,12.69,73.82,38.92,28.65,60.69,54.35,35.7099,112.2941
5/25/2005,3.5986,4.0864,4.4323,12.58,74.06,38.92,28.65,58.13,53.32,37.8875,108.362
5/26/2005,3.6225,4.0787,4.4276,12.24,72.6,44.14,23.42,61.41,54.97,39.9396,109.132
5/27/2005,3.6389,4.0709,4.4293,12.15,73.75,44.14,23.42,61.9,55.22,38.9771,108.9088
5/30/2005,3.639,4.069,4.4292,12.15,73.75,44.14,23.42,61.9,55.22,39.0008,109.1031
5/31/2005,3.5736,3.981,4.3205,13.29,75,44.14,23.42,57.01,53.3,39.7745,109.8998
6/1/2005,3.4754,3.8844,4.2365,12.36,79.13,44.14,23.42,61.81,55.66,37.772,133.5641
6/2/2005,3.5244,3.9032,4.24,11.84,80.76,48.61,19.44,62.66,56.09,37.7962,128.6822
6/3/2005,3.5573,3.9732,4.2812,12.15,78.9,48.61,19.44,57.1,53.87,36.8121,125.6787
6/6/2005,3.5739,3.9522,4.2434,12.28,78.44,48.61,19.44,57.82,54.21,38.8648,126.7759
6/7/2005,3.5574,3.901,4.1907,12.39,77.86,48.61,19.44,57.65,54.14,36.6601,126.901
6/8/2005,3.5988,3.9331,4.22,12.7,82.96,48.61,19.44,55.75,53.42,37.6228,127.6853
6/9/2005,3.6155,3.9483,4.2315,12.08,80.86,45.98,19.54,59.24,54.93,40.7673,130.1707
6/10/2005,3.6908,4.0514,4.3244,11.96,82.53,45.98,19.54,57.06,54.11,40.8121,126.8612
6/13/2005,3.691,4.0918,4.373,11.65,80.53,45.98,19.54,58.64,54.78,41.8366,125.8203
6/14/2005,3.6828,4.1072,4.4137,11.79,80.17,45.98,19.54,60.42,55.54,42.0644,127.2771
6/15/2005,3.7082,4.0995,4.4016,11.46,75.24,45.98,19.54,61.95,56.2,43.806,127.0513
6/16/2005,3.6665,4.0667,4.3673,11.15,73.4,48.05,18.83,64.37,57.28,47.8537,127.3319
6/17/2005,3.7007,4.0705,4.3607,11.48,72.4,48.05,18.83,67.44,58.72,46.8067,126.9529
6/20/2005,3.7094,4.1091,4.3874,11.47,72.2,48.05,18.83,66.56,58.43,47.2679,125.0913
6/21/2005,3.6843,4.0396,4.3249,11.08,73.5,48.05,18.83,63.94,57.57,43.8188,128.0383
6/22/2005,3.6002,3.94,4.2424,11.05,77.18,48.05,18.83,64.11,57.64,43.6264,128.9955
6/23/2005,3.6087,3.9514,4.2523,12.13,76.51,46.59,18.18,51.73,53.23,41.5641,131.8563
6/24/2005,3.5751,3.917,4.2207,12.18,76,46.59,18.18,45.18,50.45,39.3674,132.3008
6/27/2005,3.5752,3.9017,4.1912,12.52,74.5,46.59,18.18,44.6,50.19,38.5518,133.8276
6/28/2005,3.6433,3.9703,4.2475,11.58,75.7,46.59,18.18,52.73,53.28,36.3047,130.9677
6/29/2005,3.652,3.9779,4.26,11.77,76.79,46.59,18.18,51.44,52.74,38.7992,132.2061
6/30/2005,3.6331,3.913,4.1911,12.04,75.6,45.89,29.45,45.52,50.17,40.0128,132.7029
7/1/2005,3.7401,4.0489,4.2942,11.4,78.85,45.89,29.45,47.88,51.07,37.2535,127.1077
7/4/2005,3.7319,4.0373,4.2996,11.4,78.85,45.89,29.45,47.88,51.07,39.1558,128.2678
7/5/2005,3.7816,4.105,4.3617,11.68,78.35,45.89,29.45,55,53.99,39.4331,127.497
7/6/2005,3.7651,4.0682,4.3269,12.27,86.29,45.89,29.45,48.24,50.99,38.1821,128.1794
7/7/2005,3.7156,4.0605,4.3186,12.49,87.85,43.01,20.43,50.16,51.8,41.3287,126.955
7/8/2005,3.7657,4.0914,4.3413,11.45,80.12,43.01,20.43,58.16,55.43,39.385,129.8604
7/11/2005,3.7825,4.0933,4.3394,11.28,82.93,43.01,20.43,61.74,57.24,41.3785,128.6676
7/12/2005,3.8327,4.142,4.3854,10.95,81.08,43.01,20.43,62.99,57.88,38.0939,125.8027
7/13/2005,3.8246,4.1556,4.3947,10.84,81.49,43.01,20.43,63.48,58.14,38.9668,125.436
7/14/2005,3.8332,4.1732,4.4141,10.81,76.47,57.89,14.04,65,58.9,38.965,122.6755
7/15/2005,3.8591,4.1635,4.3963,10.33,77.5,57.89,14.04,65.67,59.24,37.554,123.6526
7/18/2005,3.8847,4.2204,4.4645,10.77,76.62,57.89,14.04,59.72,56.91,37.1153,120.96
7/19/2005,3.8512,4.1792,4.4232,10.45,77.42,57.89,14.04,63.98,58.94,33.819,123.0842
7/20/2005,3.8684,4.1576,4.3934,10.23,74.16,57.89,14.04,66.68,60.31,34.8487,123.2386
7/21/2005,3.9364,4.2757,4.5003,10.97,78.5,41.18,27.45,59.93,57.53,30.7256,120.4259
7/22/2005,3.9036,4.2185,4.4399,10.52,75.54,41.18,27.45,63.19,59.12,29.7572,121.1465
7/25/2005,3.938,4.2442,4.4661,11.1,75.77,41.18,27.45,59.54,57.56,27.978,120.5795
7/26/2005,3.9298,4.2245,4.4473,10.99,74.07,41.18,27.45,60.66,58.08,25.3588,121.5514
7/27/2005,3.9815,4.2541,4.4689,10.36,73.78,41.18,27.45,63.54,59.45,29.5712,119.5861
7/28/2005,3.9406,4.1891,4.3977,10.52,72.51,57.52,17.65,66.77,61.07,29.8846,119.0934
7/29/2005,4.0147,4.276,4.4706,11.57,74.8,57.52,17.65,59.03,57.79,30.6663,117.3951
8/1/2005,4.0313,4.3099,4.5084,12.08,76.52,57.52,17.65,59.64,58.07,28.6071,118.0126
8/2/2005,4.0397,4.3338,4.5437,11.75,76.8,57.52,17.65,64.02,60.16,25.288,117.6162
8/3/2005,4.0068,4.292,4.4998,11.83,78.19,57.52,17.65,64.46,60.38,28.6968,118.7959
8/4/2005,4.0317,4.312,4.5207,12.52,77.6,47.83,26.09,57.04,57.2,29.0731,118.8014
8/5/2005,4.0988,4.3861,4.582,12.48,75.97,47.83,26.09,50.59,54.17,24.3293,119.3854
8/8/2005,4.1491,4.4184,4.5994,13.21,75.19,47.83,26.09,48.53,53.15,26.3937,118.1613
8/9/2005,4.1076,4.3883,4.5723,12.4,72.63,47.83,26.09,53.63,55.33,27.1608,119.173
8/10/2005,4.1162,4.3903,4.5771,12.38,72.97,47.83,26.09,52.11,54.61,28.2262,117.9661
8/11/2005,4.0663,4.3203,4.5138,12.42,72.25,39.74,28.85,57.14,56.84,30.2911,119.9739
8/12/2005,4.0333,4.2423,4.4484,12.74,74.01,39.74,28.85,52.1,54.48,28.3293,120.7734
8/15/2005,4.0587,4.281,4.4804,12.26,73.53,39.74,28.85,54.15,55.38,30.0817,120.9014
8/16/2005,4,4.2056,4.4183,13.52,73.85,39.74,28.85,45.43,51.02,27.2849,124.4442
8/17/2005,4.0423,4.2674,4.4755,13.3,73.3,39.74,28.85,46.01,51.26,30.1945,122.261
8/18/2005,3.9834,4.1978,4.4182,13.42,72.42,29.29,40.4,45.31,50.91,35.3538,123.2198
8/19/2005,4.0176,4.2054,4.4189,13.42,73.3,29.29,40.4,45.81,51.11,31.6173,122.4561
8/22/2005,4.0093,4.2073,4.4273,13.42,71.7,29.29,40.4,47.34,51.7,33.3937,121.2655
8/23/2005,3.9755,4.1784,4.3983,13.34,71.36,29.29,40.4,44.55,50.4,32.7521,121.159
8/24/2005,3.9671,4.1649,4.3889,14.17,71.5,29.29,40.4,39.71,47.99,35.2875,122.5086
8/25/2005,4,4.1553,4.3648,13.73,72.16,36.14,31.33,42.09,48.88,35.1945,116.4729
8/26/2005,4.0657,4.186,4.372,13.72,73.63,36.14,31.33,37.9,46.73,32.2021,117.4022
8/29/2005,4.0493,4.1667,4.359,13.52,72.22,36.14,31.33,43.83,49.01,30.1742,118.3318
8/30/2005,3.9344,4.0899,4.3111,13.65,75,36.14,31.33,41.53,47.87,32.0328,119.0089
8/31/2005,3.8114,4.0137,4.2537,12.6,78.2,36.14,31.33,50.2,51.47,37.2262,120.6332
9/1/2005,3.7211,4.0307,4.3101,13.15,85.07,31.76,37.65,51.02,51.83,44.0097,117.9296
9/2/2005,3.7522,4.0362,4.2961,13.57,80.66,31.76,37.65,48.57,50.72,31.6464,120.3822
9/5/2005,3.7354,4.0285,4.2969,13.57,80.66,31.76,37.65,48.57,50.72,33.2039,121.1496
9/6/2005,3.801,4.0953,4.3584,12.93,76.58,31.76,37.65,57.96,55.03,30.4909,118.4714
9/7/2005,3.8423,4.1375,4.4217,12.52,80.3,31.76,37.65,59.5,55.8,32.1024,120.2481
9/8/2005,3.8668,4.1452,4.4319,12.93,80.33,42.31,32.69,56.02,54.28,37.7601,119.4817
9/9/2005,3.8661,4.1181,4.399,11.98,79.91,42.31,32.69,61.14,56.83,38.4526,121.1857
9/12/2005,3.9076,4.1701,4.4467,11.65,78.21,42.31,32.69,60.43,56.52,38.1429,118.9869
9/13/2005,3.8574,4.1258,4.4148,12.39,78.89,42.31,32.69,53.59,53.49,40.288,119.4242
9/14/2005,3.8738,4.1643,4.4485,12.91,77.94,42.31,32.69,50.92,52.24,44.8845,118.5721
9/15/2005,3.8903,4.2107,4.5148,12.49,79.5,51.43,28.57,51.28,52.4,45.0105,119.928
9/16/2005,3.9738,4.271,4.5646,11.22,82.5,51.43,28.57,57.46,55.22,41.4218,118.8968
9/19/2005,3.9148,4.2457,4.5462,12.14,82.4,51.43,28.57,52.6,53.02,40.3323,120.4336
9/20/2005,3.9736,4.2418,4.5241,12.64,77.53,51.43,28.57,46.64,50.13,33.3419,121.8243
9/21/2005,3.9144,4.166,4.4566,13.79,77.3,51.43,28.57,40.9,47.07,57.5712,125.3983
9/22/2005,3.9396,4.1795,4.4622,13.33,77.92,39.47,32.46,43.85,48.36,51.4793,124.0455
9/23/2005,4.0157,4.2456,4.5191,12.96,78.17,39.47,32.46,44.3,48.56,50.4526,123.4394
9/26/2005,4.0497,4.2906,4.5593,13.04,78.14,39.47,32.46,44.55,48.66,50.3937,121.9419
9/27/2005,4.0668,4.2808,4.5381,12.76,75.9,39.47,32.46,44.57,48.67,53.2563,124.9216
9/28/2005,4.0754,4.2534,4.5027,12.63,75.46,39.47,32.46,45.58,49.07,56.3904,125.6608
9/29/2005,4.1233,4.2945,4.5448,12.24,75.96,31.88,39.13,53.54,52.38,52.6031,123.5493
9/30/2005,4.1649,4.324,4.5668,11.92,76.71,31.88,39.13,54.29,52.72,52.7364,125.5995
10/3/2005,4.2065,4.3833,4.6211,12.46,80.3,31.88,39.13,52.58,52.02,51.8969,125.6743
10/4/2005,4.2068,4.3674,4.6006,13.2,77.87,31.88,39.13,43.92,48.16,48.8715,125.2555
10/5/2005,4.1737,4.3398,4.5647,14.55,81.65,31.88,39.13,34.79,43.25,55.0673,127.0194
10/6/2005,4.1906,4.3873,4.6122,14.96,80.28,50,27.42,32.8,42.05,51.9745,123.2711
10/7/2005,4.183,4.354,4.5645,14.59,77.48,50,27.42,36.33,43.51,51.5846,125.6
10/10/2005,4.1832,4.3557,4.5673,15.55,77.48,50,27.42,32.73,41.41,52.4331,125.4295
10/11/2005,4.2169,4.3914,4.5973,15.63,77.54,50,27.42,31.76,40.83,49.0322,125.8594
10/12/2005,4.2253,4.4392,4.6599,16.22,77.6,50,27.42,29.04,39.16,44.6154,128.0829
10/13/2005,4.2256,4.4612,4.6915,16.47,80,38.96,48.05,28.74,38.96,41.5226,131.8823
10/14/2005,4.2517,4.4793,4.7023,14.87,80.7,38.96,48.05,37.08,42.36,37.4145,134.0677
10/17/2005,4.2773,4.4934,4.7142,14.67,81.1,38.96,48.05,39.84,43.54,39.2977,130.659
10/18/2005,4.2438,4.4694,4.6933,15.33,80.1,38.96,48.05,34.35,40.63,32.4921,130.0604
10/19/2005,4.2356,4.4594,4.6893,13.5,80.09,38.96,48.05,46.12,46.12,33.1827,129.0573
10/20/2005,4.2189,4.4295,4.6616,16.11,79.1,43.11,35.93,38.54,42.02,36.6016,132.0518
10/21/2005,4.2026,4.3837,4.6017,16.13,78.4,43.11,35.93,39.61,42.55,35.282,129.6259
10/24/2005,4.2455,4.4436,4.6614,14.74,78,43.11,35.93,49.95,47.96,35.9475,127.6378
10/25/2005,4.3313,4.5341,4.7349,14.53,77.02,43.11,35.93,48.66,47.3,29.4052,125.5899
10/26/2005,4.3661,4.5827,4.7932,14.59,82.1,43.11,35.93,46.32,46.1,33.9855,128.7277
10/27/2005,4.3407,4.5463,4.7659,16.02,80.7,32.05,46.15,41.17,43.36,36.3734,131.3657
10/28/2005,4.3819,4.5648,4.7719,14.25,80.2,32.05,46.15,50.45,48.33,34.0857,139.5245
10/31/2005,4.3738,4.5506,4.7537,15.32,80.08,32.05,46.15,53.89,50.32,38.2252,133.9355
11/1/2005,4.3987,4.5629,4.7587,14.85,77.96,32.05,46.15,51.97,49.35,30.8029,134.7136
11/2/2005,4.4237,4.6036,4.7991,13.48,82.5,32.05,46.15,56.68,52.05,35.8843,133.6444
11/3/2005,4.4571,4.6465,4.8438,13,83.4,42.95,27.56,58.56,53.16,35.9558,133.3535
11/4/2005,4.4661,4.659,4.8571,13.17,76.5,42.95,27.56,58.64,53.2,34.9538,132.0996
11/7/2005,4.4496,4.6223,4.8152,13.1,76.5,42.95,27.56,59.69,53.8,39.5655,134.7704
11/8/2005,4.408,4.5512,4.7585,13.08,78.2,42.95,27.56,57.22,52.71,35.7399,136.883
11/9/2005,4.4836,4.6388,4.8375,12.8,80.5,42.95,27.56,58.13,53.19,37.7827,134.1193
11/10/2005,4.4256,4.5535,4.7372,11.9,79.88,58.62,22.99,62.44,55.52,37.1457,136.6465
11/11/2005,4.426,4.5333,4.7412,11.63,79.88,58.62,22.99,63.89,56.34,37.9637,138.6679
11/14/2005,4.4851,4.6043,4.7956,12.18,80.9,58.62,22.99,63.22,56.07,36.9739,137.5727
11/15/2005,4.4598,4.5569,4.7482,12.23,80.3,58.62,22.99,59.85,54.71,34.5682,141.3081
11/16/2005,4.3924,4.4706,4.6635,12.26,79.09,58.62,22.99,60.89,55.23,37.4594,143.9369
11/17/2005,4.3671,4.4569,4.6487,11.25,78.83,53.63,21.79,65.9,57.86,36.6561,142.3056
11/18/2005,4.3844,4.4881,4.6831,11.12,76.51,53.63,21.79,67.99,59.04,37.0378,144.1854
11/21/2005,4.3675,4.4588,4.6594,10.82,73.1,53.63,21.79,70.33,60.42,40.9307,143.1206
11/22/2005,4.2996,4.4256,4.6544,10.6,73.1,53.63,21.79,72.45,61.71,48.2512,142.4384
11/23/2005,4.3423,4.47,4.7009,10.96,73.31,53.63,21.79,73.82,62.57,44.8592,144
11/24/2005,4.349,4.47,4.6998,10.96,73.31,57.33,16,73.82,62.57,45.9868,144
11/25/2005,4.316,4.4274,4.6581,10.88,72.06,57.33,16,74.65,63.09,46.0923,143.2622
11/28/2005,4.3159,4.404,4.6188,11.84,72.13,57.33,16,65.58,59.59,48.7199,143.5995
11/29/2005,4.3902,4.4743,4.6908,11.89,73.99,57.33,16,65.59,59.59,43.6714,142.5738
11/30/2005,4.4068,4.484,4.6927,12.06,73.5,57.33,16,59.38,57.08,48.8505,143.5955
12/1/2005,4.4318,4.5135,4.7146,11.24,73.5,52.47,23.46,65.96,60.36,47.7917,143.6505
12/2/2005,4.4157,4.5115,4.7135,11.01,69.39,52.47,23.46,66.12,60.45,46.5423,144.8506
12/5/2005,4.4659,4.5687,4.7606,11.6,67.7,52.47,23.46,63.77,59.49,45.8647,143.1271
12/6/2005,4.391,4.482,4.6776,11.52,67.3,52.47,23.46,64.5,59.84,43.1872,147.8023
12/7/2005,4.3995,4.5095,4.7134,12.18,71.44,52.47,23.46,59.42,57.79,44.5779,147.0508
12/8/2005,4.3579,4.4623,4.6676,12.21,70.6,49.47,18.95,58.24,57.3,54.8928,145.7682
12/9/2005,4.4001,4.5233,4.7273,11.69,71.89,49.47,18.95,60.22,58.15,55.0198,145.6745
12/12/2005,4.4254,4.547,4.7453,11.47,72.2,49.47,18.95,60.82,58.41,58.0025,144.3039
12/13/2005,4.4004,4.5193,4.7242,11.11,68.36,49.47,18.95,64.63,60.08,59.0352,145.0707
12/14/2005,4.3584,4.4563,4.6615,10.48,70.92,49.47,18.95,67.23,61.31,61.1442,143.3693
12/15/2005,4.35,4.4602,4.6723,10.73,71.2,46.15,22.12,65.47,60.66,55.5472,145.9788
12/16/2005,4.3503,4.4327,4.6426,10.68,70.27,46.15,22.12,61.97,59.34,58.0528,146.7317
12/19/2005,4.3673,4.4385,4.6386,11.38,67.7,46.15,22.12,55.42,56.74,54.9965,146.1461
12/20/2005,4.4014,4.4601,4.6534,11.19,66.31,46.15,22.12,55.17,56.64,53.8307,125.9886
12/21/2005,4.4356,4.4877,4.6751,10.81,66.4,46.15,22.12,57.4,57.49,52.0555,125.2346
12/22/2005,4.3762,4.4267,4.6061,10.29,66.5,41.03,28.21,60.91,58.9,53.662,125.33
12/23/2005,4.351,4.372,4.5447,10.27,67.89,41.03,28.21,61.26,59.04,53.9607,125.8
12/26/2005,4.351,4.372,4.5447,10.27,67.89,41.03,28.21,61.26,59.04,53.9607,125.8
12/27/2005,4.3426,4.3366,4.5042,11.57,68.43,41.03,28.21,50.4,54.66,56.1126,125.3359
12/28/2005,4.3597,4.3737,4.5311,11.35,70.26,41.03,28.21,51.64,55.12,58.5046,124.6317
12/29/2005,4.3598,4.3541,4.5128,11.61,71.23,37.3,36.51,48.62,53.81,53.6901,127.587
12/30/2005,4.3996,4.3911,4.5348,12.07,72.09,37.3,36.51,44.09,51.74,46.2237,125.8888
1/2/2006,4.3996,4.3911,4.5347,12.07,72.09,37.3,36.51,44.09,51.74,46.2692,125.892
1/3/2006,4.3249,4.3637,4.5463,11.14,73.29,37.3,36.51,58.15,57.42,42.9953,126.6346
1/4/2006,4.3,4.3422,4.5366,11.37,74.69,37.3,36.51,60.57,58.57,36.0856,126.782
1/5/2006,4.3165,4.3519,4.5453,11.31,72.86,29.35,40.22,60.59,58.58,37.0704,125.8105
1/6/2006,4.3494,4.3733,4.5607,11,69.12,29.35,40.22,66.39,61.43,35.1455,126.6711
1/9/2006,4.3409,4.3654,4.5509,11.13,64.9,29.35,40.22,68.36,62.48,35.1597,127.4576
1/10/2006,4.391,4.4243,4.6113,10.86,65.51,29.35,40.22,67.93,62.31,28.4684,125.5735
1/11/2006,4.4161,4.4518,4.6319,10.94,64.5,29.35,40.22,69.88,63.33,28.6329,126.8163
1/12/2006,4.3742,4.4026,4.5839,11.2,64.9,58.96,19.08,62.5,60.28,29.648,126.7417
1/13/2006,4.332,4.3534,4.5284,11.23,64.9,58.96,19.08,63.29,60.65,27.7817,125.658
1/16/2006,4.3317,4.3534,4.5284,11.23,64.9,58.96,19.08,63.29,60.65,27.8329,125.6618
1/17/2006,4.3231,4.324,4.5024,11.91,63.5,58.96,19.08,59.21,58.92,28.109,127.5992
1/18/2006,4.3231,4.3318,4.511,12.25,66.55,58.96,19.08,55.11,57.12,25.5538,127.8177
1/19/2006,4.3653,4.3729,4.5467,11.98,66.24,50,25.83,59.41,58.97,26.8805,126.7086
1/20/2006,4.3481,4.3493,4.5214,14.56,66.2,50,25.83,44.28,51.38,26.6255,127.0725
1/23/2006,4.348,4.3551,4.5301,13.93,67.72,50,25.83,45.76,52.01,28.0003,126.4881
1/24/2006,4.382,4.3904,4.5717,13.31,67.5,50,25.83,47.7,52.84,24.2566,124.9552
1/25/2006,4.4503,4.4754,4.6552,12.87,72.2,50,25.83,46.41,52.17,22.1756,124.46
1/26/2006,4.4823,4.5172,4.6939,12.42,74.91,30.77,33.33,52.22,54.66,23.2179,124.285
1/27/2006,4.4906,4.5092,4.6918,11.97,73.7,30.77,33.33,57.57,57.15,23.0936,123.0819
1/30/2006,4.5071,4.5251,4.7018,12.39,75.65,30.77,33.33,58.32,57.51,23.3623,123.4866
1/31/2006,4.5155,4.5152,4.6768,12.95,73.7,30.77,33.33,54.71,55.83,22.0003,123.4839
2/1/2006,4.5737,4.5551,4.7058,12.36,72.8,30.77,33.33,56.07,56.44,22.0182,123.4869
2/2/2006,4.5906,4.5571,4.6947,13.23,72.14,44.7,33.33,48.41,52.74,24.0729,123.2856
2/3/2006,4.5662,4.5232,4.6242,12.96,68.74,44.7,33.33,44.57,50.72,24.2371,124.6843
2/6/2006,4.6082,4.5432,4.6222,13.04,67.3,44.7,33.33,45.25,51.01,23.7564,123.6836
2/7/2006,4.6,4.5652,4.6538,13.59,68.04,44.7,33.33,39.81,48.07,22.8896,123.4775
2/8/2006,4.6254,4.5873,4.6746,12.83,70,44.7,33.33,47.08,51.16,21.9082,124.2659
2/9/2006,4.6509,4.5432,4.6508,13.12,71.4,40.19,34.58,46.05,50.62,22.9271,126.6845
2/10/2006,4.6772,4.5845,4.5518,12.87,72.4,40.19,34.58,48.15,51.52,21.0855,126.5485
2/13/2006,4.6691,4.5766,4.5557,13.35,71.14,40.19,34.58,45.69,50.3,21.9538,126.3376
2/14/2006,4.6779,4.6102,4.5887,12.25,71.4,40.19,34.58,53.54,53.78,19.6668,124.9799
2/15/2006,4.6867,4.5964,4.5722,12.31,67,40.19,34.58,55.96,54.93,20.7606,124.3634
2/16/2006,4.6871,4.5825,4.5654,11.48,62.5,40.18,35.71,60.6,57.25,23.8538,124.7457
2/17/2006,4.6714,4.5372,4.5057,12.01,62.53,40.18,35.71,59.07,56.56,24.0788,124.2792
2/20/2006,4.6718,4.5372,4.5057,12.01,62.53,40.18,35.71,59.07,56.56,24.166,124.2801
2/21/2006,4.6978,4.5648,4.5306,12.41,60.4,40.18,35.71,56.07,55.22,22.4958,124.5222
2/22/2006,4.6636,4.5215,4.4799,11.88,57.5,40.18,35.71,60.96,57.61,21.6866,124.854
2/23/2006,4.7161,4.5549,4.5009,11.87,57.8,43.21,28.4,57.47,56.04,21.6698,125.5086
2/24/2006,4.7161,4.5727,4.5258,11.46,55.24,43.21,28.4,58.33,56.45,22.8425,123.7325
2/27/2006,4.7244,4.5905,4.5498,11.59,56.22,43.21,28.4,60.78,57.63,22.864,123.9519
2/28/2006,4.6746,4.551,4.5075,12.34,56.86,43.21,28.4,51.45,53.36,20.6921,122.9049
3/1/2006,4.6995,4.5845,4.5585,11.54,58.31,43.21,28.4,57.03,56.01,23.575,123.5451
3/2/2006,4.7079,4.6282,4.6111,11.72,62.66,40.94,29.13,55.66,55.36,24.6329,124.1791
3/3/2006,4.7414,4.6801,4.6594,11.96,63.11,40.94,29.13,54.38,54.77,24.77,122.989
3/6/2006,4.7666,4.7504,4.7354,12.74,66.31,40.94,29.13,48.72,52.05,29.9716,120.9632
3/7/2006,4.7499,4.7223,4.7093,12.66,68.5,40.94,29.13,47.31,51.35,27.5172,123.7747
3/8/2006,4.7165,4.7263,4.7153,12.32,69.5,40.94,29.13,49.04,52.08,30.6494,122.3693
3/9/2006,4.7081,4.7243,4.7173,12.68,66.6,41.21,30.77,45.2,50.22,31.7067,122.5667
3/10/2006,4.7335,4.7567,4.7476,11.85,62.5,41.21,30.77,51.35,52.83,29.77,121.3335
3/13/2006,4.7167,4.7668,4.7597,11.37,63.2,41.21,30.77,52.9,53.52,32.8999,122.3199
3/14/2006,4.6324,4.6924,4.6993,10.74,64.4,41.21,30.77,60.08,56.93,33.2427,121.7627
3/15/2006,4.6746,4.7266,4.7496,11.35,63.36,41.21,30.77,62.62,58.24,31.5378,120.3437
3/16/2006,4.6154,4.6404,4.6923,11.98,65.43,46.55,32.76,63.66,58.78,33.6329,120.961
3/17/2006,4.6321,4.6705,4.7173,12.12,64.51,46.55,32.76,64.55,59.24,31.7337,120.9539
3/20/2006,4.6491,4.6565,4.6993,11.79,63.2,46.55,32.76,62.7,58.48,30.2578,120.3533
3/21/2006,4.7343,4.7167,4.7446,11.62,64.6,46.55,32.76,56.38,55.82,26.2154,120.328
3/22/2006,4.7343,4.6986,4.7224,11.21,63.2,46.55,32.76,60.63,57.8,27.3063,122.1352
3/23/2006,4.7687,4.7329,4.7537,11.17,64.21,43.75,27.5,58,56.67,30.41,121.708
3/24/2006,4.7089,4.6686,4.6893,11.19,65.7,43.75,27.5,58.74,57,33.136,122.1357
3/27/2006,4.7348,4.7028,4.7274,11.46,64,43.75,27.5,57.6,56.53,33.7559,121.7159
3/28/2006,4.7907,4.7797,4.7955,11.58,62.5,43.75,27.5,50.99,53.68,32.3667,122.0323
3/29/2006,4.799,4.8041,4.8398,10.95,65.97,43.75,27.5,57.1,56.31,36.4385,122.5896
3/30/2006,4.8323,4.8551,4.896,11.57,69.9,37.21,32.56,55.08,55.42,38.5959,121.4867
3/31/2006,4.8161,4.8472,4.8898,11.39,68.6,37.21,32.56,51.08,53.62,39.77,122.2836
4/3/2006,4.8414,4.8615,4.894,11.57,68.6,37.21,32.56,53.1,54.46,36.7198,122.8451
4/4/2006,4.8165,4.8637,4.9087,11.14,67,37.21,32.56,58.16,56.67,35.2912,121.6333
4/5/2006,4.7999,4.8433,4.9024,11.13,68.3,37.21,32.56,61.27,58.13,34.688,120.6721
4/6/2006,4.8336,4.8987,4.9734,11.45,68.6,47.67,23.26,59.15,57.24,35.6226,120.1306
4/7/2006,4.8932,4.9774,5.0553,12.26,70.8,47.67,23.26,49.27,52.74,35.328,118.2627
4/10/2006,4.8766,4.9526,5.025,12.19,67.77,47.67,23.26,50,53.05,37.0438,120.7367
4/11/2006,4.86,4.9197,4.9959,13,69.8,47.67,23.26,43.8,49.96,36.1774,121.0308
4/12/2006,4.9025,4.9777,5.0575,12.76,69.4,47.67,23.26,44.94,50.42,37.0249,119.2332
4/13/2006,4.9463,5.0447,5.1124,12.38,71.7,45.36,27.84,45.7,50.72,39.1663,118.5327
4/14/2006,4.9467,5.0448,5.1124,12.38,71.7,45.36,27.84,45.7,50.72,39.2264,118.5212
4/17/2006,4.8958,5.0032,5.0795,12.58,69.7,45.36,27.84,43.25,49.53,39.2866,118.6792
4/18/2006,4.8276,4.9824,5.0762,11.4,68.83,45.36,27.84,57.63,55.84,37.1013,116.758
4/19/2006,4.8449,5.0221,5.1202,11.32,67.95,45.36,27.84,58.78,56.42,36.6311,116.7939
4/20/2006,4.8793,5.0389,5.1379,11.64,66.5,33.73,40.83,59.57,56.81,37.1853,115.1133
4/21/2006,4.8973,5.0079,5.0928,11.59,66,33.73,40.83,59.43,56.75,36.2944,117.2091
4/24/2006,4.8718,4.9768,5.0578,11.75,64.4,33.73,40.83,56.81,55.64,37.1059,117.3201
4/25/2006,4.9324,5.0667,5.1547,11.75,67.1,33.73,40.83,51.87,53.48,33.8718,115.3339
4/26/2006,4.9846,5.1046,5.1827,11.76,66.8,33.73,40.83,54.33,54.53,35.4972,117.541
4/27/2006,4.8915,5.0669,5.1704,11.84,65.1,42.11,35.96,57.11,55.75,37.8715,115.3094
4/28/2006,4.8583,5.0505,5.1615,11.59,63,42.11,35.96,57.69,56,37.2205,112.95
5/1/2006,4.9497,5.1369,5.2268,12.54,63.9,42.11,35.96,53.04,54.06,36.2457,110.3108
5/2/2006,4.9081,5.1075,5.2076,11.99,66.1,42.11,35.96,58.38,56.37,34.3193,110.2512
5/3/2006,4.9331,5.1414,5.2336,11.99,70.6,42.11,35.96,53.96,54.48,33.7811,109.8601
5/4/2006,4.9665,5.1521,5.2382,11.86,69.1,45.89,33.56,56.85,55.74,36.9206,109.788
5/5/2006,4.9247,5.0997,5.1875,11.62,65.6,45.89,33.56,64.26,59.33,35.6598,112.0277
5/8/2006,4.9499,5.1104,5.1819,12,64.5,45.89,33.56,63.31,58.93,34.0612,110.9596
5/9/2006,4.9583,5.1211,5.1976,11.99,65.1,45.89,33.56,63.56,59.05,28.6729,110.8901
5/10/2006,4.9836,5.1234,5.192,11.78,63.2,45.89,33.56,61.38,58.18,30.0267,110.6648
5/11/2006,4.9837,5.151,5.2304,12.49,63.8,54.9,27.45,48.2,52.25,35.8446,110.8986
5/12/2006,5.0009,5.1938,5.3106,14.19,65.8,54.9,27.45,40.15,47.87,36.0348,111.6218
5/15/2006,4.9755,5.1533,5.2716,13.57,65.8,54.9,27.45,42.45,48.86,37.1981,112.6749
5/16/2006,4.9416,5.0947,5.2091,13.35,64.4,54.9,27.45,41.18,48.16,35.9677,115.5261
5/17/2006,4.9501,5.1431,5.2659,16.26,65.2,54.9,27.45,31.96,42.51,36.1621,115.6893
5/18/2006,4.9075,5.0605,5.1654,16.99,65.2,39.39,43.64,29.21,40.59,36.7445,117.9472
5/19/2006,4.9587,5.0584,5.1376,17.18,68.8,39.39,43.64,33.02,42.25,38.4098,116.1582
5/22/2006,4.9417,5.0383,5.131,17.72,71.1,39.39,43.64,31.3,41.12,40.8851,117.1669
5/23/2006,4.916,5.0123,5.1155,18.26,68.3,39.39,43.64,29.46,39.89,39.7177,122.7724
5/24/2006,4.9331,5.0363,5.1333,17.36,71.9,39.39,43.64,31.04,40.55,39.1808,118.3749
5/25/2006,4.9497,5.0683,5.1689,15.5,68.7,33.04,45.54,41.22,45.06,40.8446,119.1672
5/26/2006,4.9414,5.0481,5.1545,14.26,67.1,33.04,45.54,45.62,47.16,39.712,118.1896
5/29/2006,4.9414,5.0481,5.1545,14.26,67.1,33.04,45.54,45.62,47.16,39.712,118.1896
5/30/2006,4.9664,5.0762,5.1837,18.66,66,33.04,45.54,37.24,42.46,42.2878,120.3803
5/31/2006,5.033,5.1186,5.2277,16.44,67.1,33.04,45.54,42.93,45.31,40.5173,121.142
6/1/2006,5.0164,5.0984,5.1927,14.52,66.5,30.77,50,50.33,49.26,44.8695,123.1647
6/2/2006,4.908,4.9898,5.0949,14.32,65.5,30.77,50,51.42,49.86,47.072,122.0249
6/5/2006,4.9749,5.0177,5.106,16.65,64.3,30.77,50,42.29,44.83,42.7231,123.2257
6/6/2006,4.9918,4.9997,5.0763,17.34,64,30.77,50,41.79,44.54,41.5627,124.0332
6/7/2006,5.0002,5.0177,5.0873,17.8,66.4,30.77,50,39.12,42.99,43.9158,124.2335
6/8/2006,5.0003,4.9936,5.0632,18.35,67.1,26.23,45.08,40.07,43.46,44.6918,124.6425
6/9/2006,4.9921,4.9714,5.0199,18.12,66.1,26.23,45.08,38.04,42.32,43.8102,126.8569
6/12/2006,5.0091,4.9774,5.0231,20.96,64.3,26.23,45.08,32.96,39.3,42.7386,127.2616
6/13/2006,5.0008,4.9613,5.0145,23.81,64.6,26.23,45.08,29.57,37.12,44.3839,127.8659
6/14/2006,5.1113,5.0617,5.0919,21.46,64.3,26.23,45.08,33.27,38.87,45.5743,127.8312
6/15/2006,5.1286,5.094,5.1361,15.9,64.2,26.41,54.98,45.87,45.38,57.3695,130.6005
6/16/2006,5.155,5.1264,5.1686,17.25,65.4,26.41,54.98,44.28,44.51,55.2228,130.3616
6/19/2006,5.1725,5.1345,5.1742,17.83,66.3,26.41,54.98,40.53,42.44,55.3133,130.55
6/20/2006,5.19,5.1487,5.1911,16.69,66.8,26.41,54.98,40.53,42.44,52.0166,131.1266
6/21/2006,5.1903,5.1528,5.1922,15.52,67,26.41,54.98,46.12,45.32,54.3087,131.72
6/22/2006,5.2337,5.208,5.2432,15.88,69.3,34.4,41.6,43.7,44.07,56.5381,130.2038
6/23/2006,5.261,5.2223,5.2536,15.89,70.7,34.4,41.6,43.3,43.86,52.5081,132.7667
6/26/2006,5.2441,5.2326,5.2719,15.62,69,34.4,41.6,46.27,45.33,51.4998,132.7389
6/27/2006,5.2358,5.1998,5.232,16.4,67.5,34.4,41.6,41.84,43.14,46.8945,133.0215
6/28/2006,5.275,5.2429,5.2812,15.79,67.2,34.4,41.6,45.22,44.8,50.9963,132.7084
6/29/2006,5.1833,5.1936,5.2469,13.03,65.1,38.6,39.77,56.08,50.66,52.0024,131.6355
6/30/2006,5.1498,5.1364,5.1859,13.08,65.5,38.6,39.77,54.91,50.11,50.495,128.3596
7/3/2006,5.1664,5.1486,5.1995,13.05,65.5,38.6,39.77,58.4,52.11,47.4548,128.1365
7/4/2006,5.1664,5.1486,5.1995,13.05,65.5,38.6,39.77,58.4,52.11,42.4081,128.137
7/5/2006,5.2336,5.2204,5.2666,14.15,67.6,38.6,39.77,54.21,50.18,47.9864,127.9623
7/6/2006,5.2084,5.1793,5.2222,13.65,66.9,37.7,42.62,55.39,50.82,51.9084,129.0683
7/7/2006,5.1663,5.1261,5.1738,13.97,64,37.7,42.62,51.51,49.04,51.3557,129.3855
7/10/2006,5.1662,5.1241,5.1705,14.02,65,37.7,42.62,52.29,49.44,50.4241,129.5904
7/11/2006,5.1493,5.0996,5.1459,13.14,64.3,37.7,42.62,54.48,50.55,44.8148,129.0374
7/12/2006,5.1662,5.0976,5.137,14.49,64.9,37.7,42.62,48.1,47.64,43.8761,130.2424
7/13/2006,5.1068,5.063,5.1127,17.79,68,36.5,39.42,41.91,44.54,46.6819,131.7004
7/14/2006,5.0895,5.0629,5.115,18.05,68.9,36.5,39.42,39.85,43.45,44.9772,131.7066
7/17/2006,5.1064,5.0629,5.0984,18.64,69.5,36.5,39.42,39.26,43.14,42.1576,132.7086
7/18/2006,5.1831,5.1302,5.1651,17.74,69.8,36.5,39.42,40.57,43.71,37.5344,131.9834
7/19/2006,5.0977,5.0487,5.0985,15.55,66.1,36.5,39.42,51.41,48.86,41.6862,132.1345
7/20/2006,5.0549,5.0263,5.082,16.21,66.4,23.85,57.8,47.11,46.8,42.8995,130.3679
7/21/2006,5.0715,5.0404,5.0931,17.4,66.1,23.85,57.8,43.83,45.17,41.5872,130.9558
7/24/2006,5.08,5.0424,5.102,14.98,64.9,23.85,57.8,52.18,49.42,41.1193,130.7551
7/25/2006,5.1142,5.0628,5.1219,14.85,63.7,23.85,57.8,54.97,50.94,36.5344,130.724
7/26/2006,5.0625,5.0302,5.0943,14.62,63.7,23.85,57.8,54.76,50.84,40.7259,130.978
7/27/2006,5.0416,5.0343,5.1043,14.94,63.6,34.88,43.02,52.45,49.8,39.297,130.5744
7/28/2006,4.9751,4.9896,5.0703,14.33,63.7,34.88,43.02,58.06,52.76,44.0392,128.0427
7/31/2006,4.95,4.9794,5.0649,14.95,63.4,34.88,43.02,57.17,52.37,39.7206,130.0575
8/1/2006,4.9499,4.9753,5.0605,15.05,61.8,34.88,43.02,54.43,51.17,36.3648,130.4654
8/2/2006,4.9497,4.9632,5.0529,14.34,66.2,34.88,43.02,57.36,52.66,36.8742,129.6816
8/3/2006,4.983,4.9591,5.0442,14.46,66.1,31.46,47.19,58.01,52.99,37.7575,130.0894
8/4/2006,4.8989,4.8925,4.988,14.34,62.5,31.46,47.19,57.51,52.79,43.0252,131.7496
8/7/2006,4.9406,4.9186,5.001,15.23,61.6,31.46,47.19,55.46,51.97,34.0426,131.1398
8/8/2006,4.8985,4.9165,5.0194,15.23,59.2,31.46,47.19,53.04,51,35.2489,131.3459
8/9/2006,4.9067,4.9367,5.0488,15.2,58.4,31.46,47.19,50,49.75,34.2201,130.3343
8/10/2006,4.9233,4.9309,5.0729,14.46,60.7,36.59,41.46,53.07,51.06,36.1819,130.9054
8/11/2006,4.965,4.9691,5.0939,14.3,58.8,36.59,41.46,50.2,49.9,34.6257,131.0921
8/14/2006,5.0072,4.9952,5.1127,14.26,58,36.59,41.46,51.03,50.24,33.7443,130.4751
8/15/2006,4.9394,4.9289,5.0479,13.42,59.4,36.59,41.46,59.57,54.05,34.32,131.1066
8/16/2006,4.8714,4.859,4.9915,12.41,59.9,36.59,41.46,63.46,56.03,34.8451,132.0977
8/17/2006,4.8966,4.863,4.998,12.24,59.9,30.53,35.79,64.23,56.44,31.0865,131.7017
8/18/2006,4.8705,4.841,4.9786,11.64,59.3,30.53,35.79,66.05,57.39,30.948,130.8983
8/21/2006,4.8532,4.8112,4.9572,12.22,58,30.53,35.79,62.65,56.13,31.9323,132.8806
8/22/2006,4.8614,4.8092,4.9433,12.19,59.6,30.53,35.79,63.2,56.4,30.5838,132.0822
8/23/2006,4.8612,4.8072,4.9455,12.4,59.4,30.53,35.79,58.98,54.84,31.695,133.2837
8/24/2006,4.8695,4.7992,4.938,12.4,58.7,39.35,37.42,60.48,55.51,31.7657,133.0803
8/25/2006,4.8516,4.7793,4.9243,12.31,58.3,39.35,37.42,59.73,55.24,29.9001,134.0725
8/28/2006,4.8685,4.7911,4.9296,12.18,57.1,39.35,37.42,63.1,56.73,32.0486,133.8871
8/29/2006,4.8511,4.7772,4.9232,12.28,57.7,39.35,37.42,64.3,57.28,33.7749,134.2779
8/30/2006,4.8087,4.7515,4.9042,12.22,58.1,39.35,37.42,64.28,57.28,35.9243,133.8539
8/31/2006,4.7754,4.7258,4.8768,12.31,59.8,41.57,25.84,63.85,57.14,36.7831,133.4247
9/1/2006,4.7579,4.7236,4.8716,11.96,56.7,41.57,25.84,67.61,58.8,38.4492,132.641
9/4/2006,4.7576,4.7235,4.8716,11.96,56.7,41.57,25.84,67.61,58.8,38.4548,132.6457
9/5/2006,4.7908,4.7789,4.9297,12.63,55.1,41.57,25.84,68.7,59.31,41.6354,132.1088
9/6/2006,4.8075,4.7948,4.9488,13.74,57.4,41.57,25.84,56.76,55.22,43.2388,131.5202
9/7/2006,4.8073,4.7848,4.9339,13.88,55.8,42.99,29.91,52.07,53.39,43.3062,132.5167
9/8/2006,4.8068,4.7708,4.918,13.16,56.4,42.99,29.91,55.2,54.61,46.6217,131.9169
9/11/2006,4.8235,4.8006,4.9404,12.99,56.3,42.99,29.91,55.59,54.77,46.6881,131.9389
9/12/2006,4.8149,4.7688,4.9032,11.92,56.9,42.99,29.91,63.23,58.02,49.4069,132.1226
9/13/2006,4.7895,4.7588,4.8927,11.18,57.5,42.99,29.91,65.56,59.13,49.4725,132.1184
9/14/2006,4.8315,4.7886,4.916,11.55,57.5,47.95,38.36,63.99,58.55,46.4224,131.1421
9/15/2006,4.8566,4.7885,4.9096,11.76,55.9,47.95,38.36,65.76,59.37,45.5839,132.1515
9/18/2006,4.8735,4.8044,4.9234,11.78,56.2,47.95,38.36,66.42,59.68,45.6506,131.5605
9/19/2006,4.7969,4.7328,4.8581,11.98,56.2,47.95,38.36,63.56,58.68,45.2502,131.7197
9/20/2006,4.8137,4.7288,4.8477,11.39,55,47.95,38.36,67.19,60.32,47.0829,132.1202
9/21/2006,4.6859,4.636,4.7721,12.25,59.5,47.75,34.23,60.44,57.86,48.3746,133.3962
9/22/2006,4.6678,4.5888,4.7343,12.59,69.5,47.75,34.23,57.6,56.77,45.7226,134.1213
9/25/2006,4.6333,4.5418,4.6878,12.12,70.2,47.75,34.23,64.08,59.57,47.5816,134.8152
9/26/2006,4.6928,4.5828,4.7141,11.53,66.7,47.75,34.23,68.53,61.78,48.8599,133.7227
9/27/2006,4.6839,4.5984,4.7374,11.58,65.8,47.75,34.23,68.63,61.84,49.238,132.1634
9/28/2006,4.658,4.612,4.7548,11.72,63.5,51.32,32.89,69.74,62.4,50.8165,133.7973
9/29/2006,4.6829,4.6276,4.7619,11.98,63.1,51.32,32.89,66.47,61.19,49.8102,133.2448
10/2/2006,4.6414,4.6,4.7476,12.57,62.6,51.32,32.89,62.16,59.56,48.8379,135.0016
10/3/2006,4.6496,4.6137,4.7538,12.24,61,51.32,32.89,63.73,60.24,46.3678,133.6337
10/4/2006,4.583,4.5587,4.7202,11.86,66.3,51.32,32.89,71.13,63.85,46.4337,133.1296
10/5/2006,4.6496,4.6037,4.7589,11.98,66,37.78,46.67,72.27,64.47,44.2354,132.6292
10/6/2006,4.7333,4.6943,4.8343,11.56,63.7,37.78,46.67,68.74,63.11,43.6506,132.5744
10/9/2006,4.7334,4.6942,4.8343,11.68,63.7,37.78,46.67,69.22,63.35,43.7173,132.579
10/10/2006,4.8178,4.7518,4.8835,11.52,63.1,37.78,46.67,70.47,63.96,40.8606,131.816
10/11/2006,4.8515,4.7778,4.9057,11.62,62,37.78,46.67,66.8,62.6,36.3866,133.2204
10/12/2006,4.8349,4.7698,4.9057,11.09,60.7,48.98,37.76,72.52,65.43,33.3689,133.0227
10/13/2006,4.861,4.7977,4.9334,10.75,60.3,48.98,37.76,73.58,66,32.5392,132.229
10/16/2006,4.8442,4.7757,4.9079,11.09,59.1,48.98,37.76,74.87,66.71,32.672,132.4345
10/17/2006,4.8359,4.7656,4.8984,11.73,61.1,48.98,37.76,69.55,64.68,29.133,131.4374
10/18/2006,4.8362,4.7536,4.8836,11.34,59.1,48.98,37.76,70.41,65.1,29.1407,131.6396
10/19/2006,4.862,4.7816,4.9101,10.9,58.4,54.2,29.77,70.88,65.32,28.172,129.8419
10/20/2006,4.8713,4.7855,4.908,10.63,56.6,54.2,29.77,71.67,65.7,29.6116,129.4486
10/23/2006,4.906,4.8277,4.957,11.08,58.6,54.2,29.77,75.36,67.54,27.7306,129.2308
10/24/2006,4.9063,4.8196,4.941,10.78,57.7,54.2,29.77,75.5,67.62,26.5746,130.0376
10/25/2006,4.8418,4.7614,4.8816,10.66,57.1,54.2,29.77,77.45,68.65,26.6462,130.8611
10/26/2006,4.8004,4.7174,4.8366,10.56,58.3,52.17,30.43,79.89,70.06,27.3825,130.2605
10/27/2006,4.7425,4.6715,4.793,10.8,59.5,52.17,30.43,66.61,64.91,28.573,134.852
10/30/2006,4.7508,4.6694,4.7827,11.2,58.5,52.17,30.43,66.91,65.04,30.2826,130.0555
10/31/2006,4.6926,4.5981,4.7153,11.1,60.9,52.17,30.43,66.91,65.05,29.798,130.192
11/1/2006,4.6426,4.5645,4.684,11.51,63.8,52.17,30.43,56.83,60.8,31.8847,129.5504
11/2/2006,4.6671,4.594,4.7153,11.42,63.5,43.75,36.88,56.41,60.61,31.7676,129.5996
11/3/2006,4.816,4.715,4.8086,11.16,60.9,43.75,36.88,53.61,59.37,29.0486,128.4976
11/6/2006,4.7992,4.693,4.7839,11.16,58.9,43.75,36.88,63.51,63.32,30.6886,128.6977
11/7/2006,4.7655,4.6571,4.7551,11.09,60.9,43.75,36.88,65.1,64.04,30.27,127.287
11/8/2006,4.7486,4.6352,4.7276,10.75,63.5,43.75,36.88,66.57,64.71,28.1679,127.4774
11/9/2006,4.7399,4.6253,4.7296,11.01,62,50.6,26.51,59.62,61.66,28.422,128.4749
11/10/2006,4.7308,4.5877,4.6972,10.79,63.5,50.6,26.51,61.14,62.3,29.4866,128.235
11/13/2006,4.7642,4.6093,4.7053,10.86,65.1,50.6,26.51,63.19,63.17,30.5326,129.0742
11/14/2006,4.7387,4.5622,4.656,10.5,66.3,50.6,26.51,67.75,65.25,29.195,129.7828
11/15/2006,4.806,4.6171,4.7002,10.31,66.2,50.6,26.51,69.31,66,29.0787,129.2894
11/16/2006,4.8482,4.6644,4.7419,10.16,64.5,46.56,30.53,70.76,66.71,28.297,127.556
11/17/2006,4.7629,4.5993,4.6881,10.05,65,46.56,30.53,71.42,67.04,29.5486,127.0686
11/20/2006,4.7712,4.5973,4.6791,9.97,63.6,46.56,30.53,70.59,66.71,32.297,127.2675
11/21/2006,4.7539,4.5698,4.657,9.9,62.7,46.56,30.53,71.76,67.25,31.8148,128.0201
11/22/2006,4.7364,4.558,4.646,10.14,62.9,46.56,30.53,73.37,68.02,31.9546,129.2028
11/23/2006,4.7356,4.5579,4.646,10.14,62.9,41.94,41.94,73.37,68.02,32.1642,129.212
11/24/2006,4.7268,4.548,4.6311,10.73,63,41.94,41.94,66.91,65.53,34.3102,128.1956
11/27/2006,4.7182,4.5285,4.6112,12.3,65.1,41.94,41.94,49.52,57.5,34.3102,129.1542
11/28/2006,4.675,4.5011,4.5914,11.62,67.1,41.94,41.94,52.86,58.82,33.3416,129.8943
11/29/2006,4.6829,4.5206,4.6142,10.83,66.9,41.94,41.94,60.34,62.05,33.9018,128.9442
11/30/2006,4.6084,4.4581,4.5619,10.91,68.5,40.22,47.49,60.94,62.33,35.0723,128.1904
12/1/2006,4.5168,4.4327,4.5463,11.66,72.25,40.22,47.49,57.73,60.77,34.8423,126.7327
12/4/2006,4.5083,4.4229,4.5404,11.23,70.1,40.22,47.49,64.17,63.74,35.6741,128.7088
12/5/2006,4.508,4.4403,4.5727,11.27,71.6,40.22,47.49,66.65,64.98,37.0926,126.9666
12/6/2006,4.5828,4.4851,4.5994,11.33,75,40.22,47.49,65.05,64.23,37.1605,125.4906
12/7/2006,4.5743,4.4811,4.6024,12.67,75.6,38.94,41.59,60.34,61.99,38.5803,125.8856
12/8/2006,4.6662,4.5437,4.6532,12.07,71.1,38.94,41.59,61.7,62.6,41.1089,127.6291
12/11/2006,4.6577,4.5182,4.6242,10.71,68.3,38.94,41.59,63.39,63.37,43.6881,127.1843
12/12/2006,4.6072,4.4848,4.6064,10.65,64.7,38.94,41.59,62.02,62.75,43.2894,127.5168
12/13/2006,4.6999,4.5791,4.6965,10.18,65.2,38.94,41.59,62.98,63.17,43.3559,127.0927
12/14/2006,4.7337,4.5968,4.7137,9.97,64.5,41.33,38,69.21,66.06,42.4467,127.3173
12/15/2006,4.717,4.5928,4.7138,10.05,64.25,41.33,38,69.92,66.42,46.1973,127.7184
12/18/2006,4.7085,4.5809,4.7057,10.6,62.7,41.33,38,65.25,64.41,44.1881,128.9062
12/19/2006,4.7086,4.5888,4.7189,10.3,63.4,41.33,38,66.84,65.14,41.7108,128.1176
12/20/2006,4.7086,4.5947,4.728,10.26,61.5,41.33,38,64.74,64.24,40.7388,127.526
12/21/2006,4.649,4.5454,4.6875,10.53,61.8,39.08,42.53,59.54,61.96,40.8692,127.4648
12/22/2006,4.7175,4.6185,4.7578,11.36,65.3,39.08,42.53,52.93,58.85,38.7498,127.1546
12/25/2006,4.7175,4.6184,4.7578,11.36,65.3,39.08,42.53,52.93,58.85,38.8176,127.1557
12/26/2006,4.709,4.5986,4.7312,11.26,64.6,39.08,42.53,57.1,60.52,38.8854,127.1415
12/27/2006,4.7779,4.6503,4.7763,10.64,65.1,39.08,42.53,62.85,63.03,39.5747,127.9738
12/28/2006,4.7914,4.6802,4.8064,10.99,65.9,46,36,60.98,62.16,37.1894,127.9807
12/29/2006,4.808,4.7022,4.8095,11.56,66.8,46,36,55.56,59.58,35.3862,125.7771
1/1/2007,4.808,4.7022,4.8096,11.56,66.8,46,36,55.56,59.58,35.4548,125.7762
1/2/2007,4.7913,4.6802,4.7847,11.56,67.6,46,36,55.56,59.58,32.4111,126.9788
1/3/2007,4.758,4.6582,4.7631,12.04,70.9,46,36,54.19,58.9,31.9243,126.1778
1/4/2007,4.6913,4.6024,4.7079,11.51,72,49.14,29.31,55.41,59.39,33.0331,126.756
1/5/2007,4.7494,4.6442,4.7385,12.14,67.4,49.14,29.31,48.54,56,32.2026,125.5762
1/8/2007,4.7744,4.6522,4.7334,12,64.3,49.14,29.31,50.92,56.92,31.234,125.7776
1/9/2007,4.7912,4.6542,4.7375,11.91,61.8,49.14,29.31,50.33,56.64,28.735,125.5779
1/10/2007,4.808,4.6843,4.7745,11.47,62.2,49.14,29.31,52.53,57.47,27.7657,124.5748
1/11/2007,4.8502,4.7305,4.8181,10.87,63,44.44,34.26,58.94,60.06,26.797,123.9518
1/12/2007,4.8758,4.775,4.86,10.15,61.2,44.44,34.26,63.08,61.91,28.1193,122.5009
1/15/2007,4.8759,4.775,4.86,10.15,61.2,44.44,34.26,63.08,61.91,28.215,122.4981
1/16/2007,4.859,4.7467,4.8401,10.74,60.9,44.44,34.26,63.74,62.21,28.2606,122.3269
1/17/2007,4.9016,4.7791,4.8706,10.59,60.1,44.44,34.26,62.41,61.65,25.6862,122.0903
1/18/2007,4.8762,4.7427,4.8401,10.85,58,57.78,27.27,58.09,59.8,24.7179,121.7287
1/19/2007,4.9107,4.7752,4.8623,10.4,57.2,57.78,27.27,60.93,60.98,22.8551,120.4842
1/22/2007,4.9023,4.759,4.8476,10.77,57.2,57.78,27.27,53.77,57.77,23.9657,121.102
1/23/2007,4.9368,4.8077,4.9057,10.34,57.2,57.78,27.27,57.37,59.25,22.4941,119.2289
1/24/2007,4.9283,4.8077,4.9099,9.89,57.5,57.78,27.27,64.53,62.52,23.6063,118.2253
1/25/2007,4.9663,4.8731,4.9667,11.22,60.75,39.51,33.33,51.97,56.28,22.6385,117.69
1/26/2007,4.9663,4.8733,4.9722,11.13,60.3,39.51,33.33,50.83,55.67,23.8939,118.6745
1/29/2007,4.9747,4.8897,4.995,11.45,60,39.51,33.33,49.78,55.11,23.9657,118.0286
1/30/2007,4.958,4.8693,4.9777,10.96,61.9,39.51,33.33,55.06,57.43,23.5344,120.0739
1/31/2007,4.9165,4.808,4.9069,10.42,61.6,39.51,33.33,60.25,59.91,25.6862,121.1991
2/1/2007,4.9581,4.8346,4.9294,10.31,61.3,46.32,30.53,63.91,61.78,24.7179,119.5425
2/2/2007,4.9331,4.8204,4.922,10.08,56.1,46.32,30.53,65.01,62.36,22.8551,118.9593
2/5/2007,4.9163,4.8021,4.9071,10.55,54.9,46.32,30.53,63.81,61.81,23.9657,118.7915
2/6/2007,4.8912,4.7655,4.8679,10.65,56.3,46.32,30.53,64.32,62.06,22.4941,117.452
2/7/2007,4.866,4.7432,4.8521,10.32,60.5,46.32,30.53,65.38,62.57,21.5263,117.6827
2/8/2007,4.8743,4.7319,4.8396,10.44,58.9,46.15,30,63.66,61.84,21.5988,117.8118
2/9/2007,4.8993,4.7797,4.8635,11.1,60.1,46.15,30,54.43,57.68,21.8161,118.0263
2/12/2007,4.9246,4.8037,4.8857,11.61,60,46.15,30,50.8,55.9,20.85,117.6254
2/13/2007,4.933,4.8078,4.8989,10.34,59.8,46.15,30,57.84,58.94,20.4134,119.2247
2/14/2007,4.8653,4.7359,4.8333,10.23,59.8,46.15,30,63.53,61.72,21.5263,117.4138
2/15/2007,4.8314,4.7061,4.8054,10.22,61.1,47.57,31.07,64.24,62.08,20.559,116.3949
2/16/2007,4.8224,4.6882,4.7875,10.02,60.7,47.57,31.07,63.12,61.57,19.8113,117.1816
2/19/2007,4.8222,4.6882,4.7874,10.02,60.7,47.57,31.07,63.12,61.57,19.8843,117.182
2/20/2007,4.8136,4.6743,4.7766,10.24,60.9,47.57,31.07,65.24,62.6,19.9572,116.5703
2/21/2007,4.8392,4.6902,4.7904,10.2,57.8,47.57,31.07,63.3,61.75,19.446,115.9839
2/22/2007,4.8578,4.7279,4.8293,10.18,57.5,53.85,22.31,62.09,61.23,18.4792,115.2061
2/23/2007,4.7997,4.6703,4.7765,10.58,57.8,53.85,22.31,57.2,59.08,18.6993,116.9693
2/26/2007,4.7583,4.6248,4.7303,11.15,61.6,53.85,22.31,55.55,58.34,19.8113,117.5206
2/27/2007,4.5847,4.5109,4.6316,18.31,70.3,53.85,22.31,29.85,42.9,25.6148,118.9138
2/28/2007,4.6423,4.5657,4.6806,15.42,69.8,53.85,22.31,34.87,45.22,22.4193,118.4326
3/1/2007,4.6089,4.5499,4.6758,15.82,72.9,36.63,39.6,33.65,44.34,22.4282,120.0059
3/2/2007,4.5252,4.497,4.6382,18.61,76.7,36.63,39.6,28.89,40.77,25.635,122.3017
3/5/2007,4.5165,4.495,4.6344,19.63,74.5,36.63,39.6,25.7,38.18,25.1193,125.5013
3/6/2007,4.5743,4.5282,4.6584,15.96,67.1,36.63,39.6,37.77,44.17,23.6148,123.1793
3/7/2007,4.5241,4.4871,4.6286,15.24,71.3,36.63,39.6,36.74,43.47,25.7657,124.291
3/8/2007,4.5571,4.5125,4.6545,14.29,69.8,35.8,44.89,41.72,46.04,26.8759,120.7535
3/9/2007,4.6651,4.5871,4.7214,14.09,63.6,35.8,44.89,42.19,46.28,26.0486,121.2947
3/12/2007,4.6313,4.5516,4.697,13.99,65.3,35.8,44.89,44.1,47.25,27.6193,121.8428
3/13/2007,4.5051,4.4907,4.6564,18.13,72.2,35.8,44.89,34.67,41.37,30.3028,122.9259
3/14/2007,4.5551,4.5338,4.6989,17.27,69.7,35.8,44.89,39.18,43.7,30.9243,123.6177
3/15/2007,4.58,4.5358,4.695,16.43,67.9,32.99,45.36,41.58,44.96,32.0331,123.4245
3/16/2007,4.5876,4.5435,4.6931,16.79,67,32.99,45.36,39.81,43.9,33.2793,124.6472
3/19/2007,4.6212,4.5632,4.7135,14.59,66,32.99,45.36,46.73,47.51,33.3482,124.6802
3/20/2007,4.604,4.5494,4.7115,13.27,66,32.99,45.36,50.35,49.49,30.8547,125.0624
3/21/2007,4.5274,4.5356,4.7203,12.19,66.2,32.99,45.36,58.56,54.33,31.9638,123.4433
3/22/2007,4.578,4.5829,4.7744,12.93,67.2,43.88,33.09,58.34,54.21,30.6249,125.7128
3/23/2007,4.6028,4.6105,4.8022,12.95,68.7,43.88,33.09,58.86,54.52,28.9137,125.9458
3/26/2007,4.5769,4.6006,4.8002,13.16,68.2,43.88,33.09,59.33,54.79,29.1958,126.9386
3/27/2007,4.5595,4.5966,4.7982,13.48,69.7,43.88,33.09,54.95,52.69,30.8547,128.3365
3/28/2007,4.5677,4.6204,4.8311,14.98,69.9,43.88,33.09,49.86,50.15,30.9243,122.9571
3/29/2007,4.5827,4.6423,4.8432,15.14,65.9,42.68,25.61,52.09,51.28,31.9711,122.7705
3/30/2007,4.5744,4.6443,4.8432,14.64,67.9,42.68,25.61,51.32,50.91,32.2409,124.5729
4/2/2007,4.5828,4.6403,4.8361,14.53,65.9,42.68,25.61,52.98,51.72,32.3102,124.9719
4/3/2007,4.6161,4.6642,4.8482,13.46,63.8,42.68,25.61,58.44,54.5,31.8945,124.5785
4/4/2007,4.5912,4.6482,4.8422,13.24,66.1,42.68,25.61,59.06,54.83,31.9638,125.1755
4/5/2007,4.6249,4.6782,4.8745,13.23,64,32.26,39.78,60.78,55.73,33.2793,124.1778
4/6/2007,4.7342,4.7485,4.9203,13.23,64,32.26,39.78,60.78,55.73,32.3102,117.1456
4/9/2007,4.7344,4.7425,4.9183,13.14,58.3,32.26,39.78,61.13,55.91,33.4171,124.7483
4/10/2007,4.6923,4.7184,4.904,12.68,60.2,32.26,39.78,62.69,56.7,35.5135,124.1636
4/11/2007,4.7178,4.7304,4.908,13.49,58.7,32.26,39.78,56.54,54.16,34.5426,122.9551
4/12/2007,4.7265,4.7345,4.907,12.71,57.9,40.85,38.03,60.46,56.07,34.6744,122.5506
4/13/2007,4.7611,4.7608,4.9296,12.2,57.8,40.85,38.03,62.51,57.12,36.0437,122.9217
4/16/2007,4.7359,4.7346,4.8897,11.98,58.7,40.85,38.03,68.06,60.15,37.337,122.5436
4/17/2007,4.6682,4.6803,4.8432,12.14,59.3,40.85,38.03,69.01,60.7,38.0806,122.9728
4/18/2007,4.6344,4.6502,4.8151,12.42,59.2,40.85,38.03,69.34,60.89,39.0127,121.9782
4/19/2007,4.6345,4.6642,4.8331,12.54,59.4,46.94,29.59,67.98,60.37,38.7673,122.5762
4/20/2007,4.6434,4.6703,4.8452,12.07,59.1,46.94,29.59,72.47,62.92,38.97,120.9732
4/23/2007,4.6179,4.6402,4.8221,13.04,57.8,46.94,29.59,69.82,61.88,39.0376,120.9792
4/24/2007,4.5924,4.6202,4.8061,13.12,58.8,46.94,29.59,69.4,61.72,39.6715,120.9795
4/25/2007,4.6267,4.6502,4.8331,13.21,57.8,46.94,29.59,74.18,64.46,40.7779,120.9778
4/26/2007,4.6655,4.6964,4.8806,12.79,58.7,39.24,37.97,73.22,64.09,42.9224,121.3567
4/27/2007,4.6489,4.6924,4.8806,12.45,57.8,39.24,37.97,73.06,64.03,44.2846,122.756
4/30/2007,4.591,4.6222,4.8131,14.22,59.8,39.24,37.97,63.55,60.33,51.487,122.7822
5/1/2007,4.6242,4.6362,4.8151,13.51,58.9,39.24,37.97,65.19,61.12,47.9849,123.3805
5/2/2007,4.6409,4.6422,4.8151,13.08,61.1,39.24,37.97,68.88,62.96,48.05,122.779
5/3/2007,4.691,4.6723,4.8382,13.09,60.8,28.57,54.29,71.1,64.14,48.1781,123.7651
5/4/2007,4.6665,4.6382,4.8051,12.91,57.1,28.57,54.29,72.16,64.72,48.4662,123.1799
5/7/2007,4.6666,4.6262,4.7822,13.15,54.5,28.57,54.29,73.43,65.42,50.6058,123.3835
5/8/2007,4.6668,4.6342,4.8021,13.21,54.3,28.57,54.29,71.82,64.82,48.1729,122.5811
5/9/2007,4.7258,4.6618,4.8362,12.88,53.3,28.57,54.29,73.54,65.72,50.4403,123.8237
5/10/2007,4.6755,4.6379,4.8221,13.6,52.8,42.86,42.86,57.25,58.94,52.7683,124.2067
5/11/2007,4.7013,4.6717,4.8493,12.95,52.4,42.86,42.86,63.22,61.72,52.9601,122.8293
5/14/2007,4.7269,4.6936,4.8675,13.96,52.5,42.86,42.86,61.49,60.92,55.0981,121.6381
5/15/2007,4.7272,4.7016,4.8746,14.01,51.2,42.86,42.86,60.19,60.33,54.7177,121.8376
5/16/2007,4.7274,4.7096,4.8787,13.5,51.6,42.86,42.86,65.38,62.79,63.0863,121.0362
5/17/2007,4.7787,4.7517,4.9133,13.51,52.7,38.39,36.61,64.41,62.36,57.9586,121.8285
5/18/2007,4.8138,4.8001,4.9576,12.76,56.7,38.39,36.61,68.07,64.18,56.072,120.988
5/21/2007,4.797,4.782,4.937,13.3,55.4,38.39,36.61,68.89,64.6,53.024,121.7973
5/22/2007,4.8316,4.8245,4.9804,13.06,54.6,38.39,36.61,68.11,64.27,52.0511,121.5544
5/23/2007,4.832,4.8468,5.0034,13.24,56,38.39,36.61,66.58,63.65,47.5113,121.3216
5/24/2007,4.8324,4.8387,4.9898,14.08,56.5,37.35,38.55,55.83,58.96,47.5766,122.1265
5/25/2007,4.8513,4.8572,5.0024,13.34,56.9,37.35,38.55,59.73,60.63,49.9126,121.2773
5/28/2007,4.8517,4.8573,5.0024,13.34,56.9,37.35,38.55,59.73,60.63,49.9773,121.2712
5/29/2007,4.8955,4.8818,5.0171,13.53,56.5,37.35,38.55,60.81,61.11,56.2613,120.8237
5/30/2007,4.875,4.8675,5.0014,12.83,57.6,37.35,38.55,65.83,63.43,53.4627,123.2485
5/31/2007,4.9081,4.8879,5.0098,13.05,58.9,33.33,44.79,65.98,63.5,62.8926,122.2057
6/1/2007,4.9665,4.9516,5.0572,12.78,58,33.33,44.79,68.2,64.57,57.8771,121.8431
6/4/2007,4.9581,4.9271,5.0224,13.29,54.7,33.33,44.79,69.27,65.09,60.0187,122.2949
6/5/2007,5.0001,4.9908,5.087,13.63,55.3,33.33,44.79,62.67,62.33,54.4406,119.919
6/6/2007,4.9498,4.9641,5.0806,14.87,58.9,33.33,44.79,53.61,58.12,57.6271,122.5856
6/7/2007,5.0255,5.13,5.23,17.06,70.8,40.59,42.57,41.05,51.11,56.6489,117.999
6/8/2007,4.9836,5.0991,5.207,14.84,79.1,40.59,42.57,49.2,54.7,59.9568,125.0927
6/11/2007,5.009,5.1514,5.2555,14.71,69.5,40.59,42.57,49.84,54.99,64.1765,120.8579
6/12/2007,5.0938,5.2928,5.4019,16.67,85.2,40.59,42.57,43.31,51.19,63.8112,116.7157
6/13/2007,5.0771,5.1979,5.2789,14.73,84.6,40.59,42.57,52.69,55.65,72.1958,123.2126
6/14/2007,5.0858,5.2212,5.3012,13.64,78.3,37.3,43.65,55.26,56.97,73.2946,121.8809
6/15/2007,5.0182,5.1627,5.259,13.94,70.6,37.3,43.65,58.55,58.69,81.7815,120.7321
6/18/2007,4.9927,5.1335,5.2523,13.42,68.1,37.3,43.65,57.7,58.23,83.9147,121.6545
6/19/2007,4.9331,5.0814,5.1952,12.85,68.4,37.3,43.65,58.63,58.7,69.0153,121.8648
6/20/2007,4.9673,5.1316,5.2413,14.67,71.4,37.3,43.65,49.43,53.8,63.8721,120.8389
6/21/2007,4.9673,5.1863,5.3037,14.21,76.3,43.16,33.68,52.99,55.52,67.054,119.3659
6/22/2007,4.9074,5.13,5.2481,15.75,76.3,43.16,33.68,45.71,51.36,65.1552,121.9981
6/25/2007,4.8645,5.08,5.203,16.65,79,43.16,33.68,44.11,50.4,58.9792,122.0045
6/26/2007,4.8644,5.078,5.1986,18.89,77.2,43.16,33.68,42.5,49.44,55.4819,125.2016
6/27/2007,4.8915,5.0802,5.1943,15.53,79.4,43.16,33.68,48.16,52.06,58.6681,122.9814
6/28/2007,4.9414,5.1033,5.202,15.54,75.5,39.02,35.77,47.92,51.93,59.771,125.6708
6/29/2007,4.8582,5.0244,5.1239,16.23,77.5,39.02,35.77,46.98,51.43,55.7972,124.5601
7/2/2007,4.8415,4.9892,5.0896,15.4,76,39.02,35.77,53.64,54.52,49.6209,126.077
7/3/2007,4.8746,5.0372,5.139,14.92,73.5,39.02,35.77,55.66,55.51,40.9644,128.2801
7/4/2007,4.8745,5.0373,5.139,14.92,73.5,39.02,35.77,55.66,55.51,41.0313,128.2692
7/5/2007,4.9667,5.1402,5.2308,15.48,76.5,43.84,32.88,55.87,55.6,42.2727,126.9778
7/6/2007,4.9835,5.1824,5.2684,14.72,74.4,43.84,32.88,57.84,56.54,42.2727,126.7622
7/9/2007,4.9499,5.1382,5.2363,15.16,74.4,43.84,32.88,58.4,56.8,44.42,128.1751
7/10/2007,4.8321,5.0212,5.1176,17.57,78.1,43.84,32.88,47.85,51.8,41.9395,128.8807
7/11/2007,4.8909,5.086,5.1902,16.64,77,43.84,32.88,51.59,53.48,42.0062,127.3973
7/12/2007,4.933,5.1239,5.2221,15.54,75.5,43.64,30,61.55,58.51,41.0313,127.608
7/13/2007,4.9161,5.0928,5.1849,15.15,73.1,43.64,30,62.91,59.26,40.1913,128.7197
7/16/2007,4.8652,5.0385,5.1264,15.59,71.1,43.64,30,61.46,58.58,43.3797,129.1478
7/17/2007,4.8736,5.0491,5.1383,15.63,69.8,43.64,30,61.38,58.54,39.8552,132.0923
7/18/2007,4.848,5.0283,5.1232,16,71.4,43.64,30,59.66,57.78,40.9644,130.1689
7/19/2007,4.8394,5.0159,5.1092,15.23,68.9,41.77,36.71,62.12,58.98,38.9481,133.409
7/20/2007,4.7623,4.9497,5.0581,16.95,72.2,41.77,36.71,52.62,54.57,39.1505,136.0292
7/23/2007,4.7792,4.9477,5.057,16.81,75.3,41.77,36.71,55.5,55.91,37.1368,138.227
7/24/2007,4.7362,4.9085,5.0296,18.55,76.7,41.77,36.71,43.77,49.71,35.6861,142.1491
7/25/2007,4.7274,4.8983,5.0243,18.1,78.4,41.77,36.71,46.58,51.01,38.8806,142.1729
7/26/2007,4.5589,4.7854,4.9533,20.74,93.5,44.21,36.84,36.67,44.97,45.1972,147.4583
7/27/2007,4.4929,4.757,4.9317,24.17,92.6,44.21,36.84,31.79,41.56,51.3867,155.2982
7/30/2007,4.5837,4.802,4.9544,20.87,97.9,44.21,36.84,37.44,44.32,50.2859,157.7977
7/31/2007,4.5174,4.7388,4.9019,23.52,96.4,44.21,36.84,33.7,41.78,41.8055,162.1213
8/1/2007,4.6,4.7919,4.9224,23.67,94.3,44.21,36.84,37.5,43.66,48.2091,157.8086
8/2/2007,4.575,4.7654,4.9122,21.22,92,45.88,40,39.76,44.79,48.321,157.4601
8/3/2007,4.4167,4.6842,4.8652,25.16,95.4,45.88,40,32.11,39.77,53.7171,159.5849
8/6/2007,4.5078,4.7371,4.9092,22.94,97.5,45.88,40,42.63,45.37,50.2859,160.2947
8/7/2007,4.5576,4.7677,4.9267,21.56,86.9,45.88,40,45.02,46.71,42.9816,158.2273
8/8/2007,4.6578,4.8767,5.0404,21.45,92.9,45.88,40,50.17,49.64,44.0062,152.3281
8/9/2007,4.4404,4.7678,5.0204,26.48,118.5,45.76,38.98,41.27,44.26,72.7304,157.2156
8/10/2007,4.4562,4.8076,5.0331,28.3,116.4,45.76,38.98,41.41,44.33,103.2815,156.2394
8/13/2007,4.414,4.7599,4.9995,26.57,111.7,45.76,38.98,41.27,44.25,87.0443,160.009
8/14/2007,4.3634,4.7243,4.9884,27.68,106.8,45.76,38.98,36.5,41.31,90.1776,158.5722
8/15/2007,4.2875,4.7243,5.026,30.67,102.7,45.76,38.98,33.37,39.28,143.2545,161.5746
8/16/2007,4.2116,4.6572,4.9581,30.83,109.8,42.22,45.56,34.76,39.98,165.1059,164.2774
8/17/2007,4.1846,4.6847,4.9863,29.99,106.9,42.22,45.56,44.24,44.98,174.5794,165.5332
8/20/2007,4.0831,4.6257,4.9651,26.33,109.5,42.22,45.56,44.16,44.94,240.2355,168.4335
8/21/2007,4.0236,4.5904,4.948,25.25,114.4,42.22,45.56,44.58,45.16,189.3227,163.9612
8/22/2007,4.1826,4.6452,4.9611,22.89,112.6,42.22,45.56,49.06,47.51,184.6186,161.4794
8/23/2007,4.2496,4.6452,4.936,22.62,111.4,41.28,43.12,48.67,47.32,161.4562,158.4833
8/24/2007,4.2904,4.6156,4.8843,20.72,104.4,41.28,43.12,53.02,49.61,128.4724,166.4404
8/27/2007,4.2049,4.5627,4.8577,22.72,103.9,41.28,43.12,49.64,48,100.4991,167.727
8/28/2007,4.0684,4.5062,4.84,26.3,106.6,41.28,43.12,41.8,43.95,118.3283,165.3779
8/29/2007,4.1611,4.5587,4.8793,23.81,107.5,41.28,43.12,49.62,48.08,153.6772,165.1285
8/30/2007,4.0904,4.5061,4.8244,25.06,110.3,40.3,46.27,48.26,47.38,178.3213,166.3914
8/31/2007,4.132,4.5292,4.8224,23.38,111,40.3,46.27,52.04,49.42,151.5349,170.0828
9/3/2007,4.1321,4.5291,4.8224,23.38,111,40.3,46.27,52.04,49.42,156.331,170.0889
9/4/2007,4.1239,4.5466,4.8302,22.78,110.24,40.3,46.27,55.36,51.27,129.253,170.3394
9/5/2007,4.0079,4.4669,4.77,24.58,113.5,40.3,46.27,51.13,49.21,134.1854,169.3136
9/6/2007,4.0825,4.5076,4.7951,23.99,110.5,38.38,42.42,52.56,49.97,141.8823,170.2434
9/7/2007,3.8998,4.3816,4.6973,26.23,116.9,38.38,42.42,46.69,47.05,167.0463,171.8416
9/10/2007,3.8498,4.322,4.6371,27.38,120.4,38.38,42.42,46.28,46.84,170.1462,174.7987
9/11/2007,3.941,4.3679,4.653,25.27,123.5,38.38,42.42,51.23,49.34,161.5218,176.2061
9/12/2007,3.9576,4.4102,4.6859,24.96,124.5,38.38,42.42,51.25,49.34,170.9022,176.9777
9/13/2007,4.0243,4.4643,4.7325,24.76,122.1,40,35.29,54.31,50.89,164.8865,179.5666
9/14/2007,4.0327,4.4544,4.7191,24.92,123.4,40,35.29,54.38,50.93,166.4245,181.559
9/17/2007,4.0663,4.466,4.6982,26.48,121.6,40,35.29,52.06,49.93,151.2326,180.4016
9/18/2007,3.9738,4.4717,4.7545,20.35,114.4,40,35.29,61.97,55.09,159.2956,176.8258
9/19/2007,3.9905,4.5458,4.835,20.03,106.25,40,35.29,63.7,56.1,133.6697,167.4182
9/20/2007,4.1088,4.6957,4.9642,20.45,118.8,39.24,31.65,60.41,54.69,142.357,163.4338
9/21/2007,4.0327,4.6203,4.8852,19,103.2,39.24,31.65,61.86,55.48,144.8294,163.9669
9/24/2007,4.0412,4.6282,4.8823,19.37,102.8,39.24,31.65,59.19,54.36,140.4788,161.1808
9/25/2007,3.9902,4.6242,4.9021,18.6,106.5,39.24,31.65,59.01,54.29,141.2786,161.5796
9/26/2007,3.9816,4.6202,4.8922,17.63,104.9,39.24,31.65,61,55.27,150.4518,161.9783
9/27/2007,3.9425,4.5631,4.834,17,103.3,49.37,34.18,62.43,55.99,153.7391,162.695
9/28/2007,3.9835,4.5865,4.836,18,103.7,49.37,34.18,60.57,55.28,143.3144,163.3482
10/1/2007,3.9999,4.5452,4.7863,17.84,104.9,49.37,34.18,65.42,57.7,133.1275,167.4831
10/2/2007,3.9669,4.5216,4.767,18.49,103.6,49.37,34.18,65.25,57.64,129.7309,166.8421
10/3/2007,4.0163,4.5588,4.796,18.8,101.8,49.37,34.18,62.18,56.5,130.1484,163.1181
10/4/2007,3.9749,4.5097,4.7564,18.44,102,51.81,25.3,63.04,56.91,131.2273,165.029
10/5/2007,4.0743,4.6356,4.8655,16.91,98.1,51.81,25.3,66.76,58.72,127.1916,161.4375
10/8/2007,4.0744,4.6356,4.8655,17.46,98.1,51.81,25.3,64.39,57.86,128.2347,161.4407
10/9/2007,4.1244,4.6475,4.8615,16.12,91.4,51.81,25.3,67.5,59.39,123.6543,161.2501
10/10/2007,4.1412,4.6495,4.8674,16.67,86.6,51.81,25.3,66.18,58.92,121.191,159.0544
10/11/2007,4.1162,4.6355,4.8635,18.88,82.4,54.64,25.77,62.21,57.5,113.4756,160.4471
10/12/2007,4.2258,4.6812,4.9011,17.73,79.6,54.64,25.77,64.32,58.45,103.4444,158.8803
10/15/2007,4.2176,4.6772,4.9121,19.25,79.3,54.64,25.77,58.13,56.15,94.2595,156.2812
10/16/2007,4.1252,4.6473,4.9031,20.02,82.8,54.64,25.77,53.79,54.42,96.5128,157.2704
10/17/2007,3.9739,4.5522,4.8252,18.54,93.5,54.64,25.77,54.76,54.8,120.4642,156.7777
10/18/2007,3.9065,4.4893,4.7698,18.5,92.3,41.96,35.71,54.24,54.6,133.142,161.0736
10/19/2007,3.7798,4.3915,4.6856,22.96,95.8,41.96,35.71,40.17,48.31,133.4941,162.8545
10/22/2007,3.8552,4.4108,4.6885,21.64,97.4,41.96,35.71,42.49,49.18,113.1643,164.917
10/23/2007,3.8128,4.403,4.6942,20.41,96.3,41.96,35.71,47.59,51.17,110.9949,163.7038
10/24/2007,3.7366,4.3388,4.6422,20.8,104.9,41.96,35.71,46.35,50.6,121.6015,164.1176
10/25/2007,3.7641,4.3775,4.6828,21.17,103.8,31.25,48.21,45.84,50.37,108.9517,163.2484
10/26/2007,3.7723,4.4006,4.6979,19.56,102.04,31.25,48.21,53.62,53.49,104.3182,163.9385
10/29/2007,3.7969,4.3811,4.6638,19.87,99.1,31.25,48.21,55.5,54.3,99.9143,164.8934
10/30/2007,3.8051,4.379,4.6742,21.07,96.34,31.25,48.21,51.57,52.64,95.819,166.0964
10/31/2007,3.9452,4.4708,4.7457,18.53,90.18,31.25,48.21,57.54,55.25,98.2582,164.9207
11/1/2007,3.7562,4.3458,4.6365,23.21,100.25,44.71,36.47,44.39,49.02,108.0713,169.4164
11/2/2007,3.6741,4.3165,4.6159,23.01,103.64,44.71,36.47,44.79,49.19,126.5971,167.3518
11/5/2007,3.6742,4.3338,4.6272,24.31,102.56,44.71,36.47,42.74,48.13,115.2217,168.6172
11/6/2007,3.7072,4.3726,4.6666,21.39,98.4,44.71,36.47,48.85,50.79,116.2085,168.7392
11/7/2007,3.5422,4.3084,4.6534,26.49,107.98,44.71,36.47,38.06,44.93,145.0988,174.1555
11/8/2007,3.4678,4.2829,4.6676,26.16,112.08,36.19,51.43,37.89,44.82,148.3297,172.7065
11/9/2007,3.4254,4.2133,4.6028,28.5,112.08,36.19,51.43,33.82,42.36,163.1954,178.6686
11/12/2007,3.4251,4.2133,4.6028,31.09,112.08,36.19,51.43,31.32,40.76,162.2863,178.6686
11/13/2007,3.5412,4.2635,4.615,24.1,102.5,36.19,51.43,44.13,46.75,141.5103,180.6451
11/14/2007,3.4995,4.25,4.5972,25.94,95.36,36.19,51.43,42.02,45.56,148.394,184
11/15/2007,3.3167,4.1403,4.5189,28.06,102.22,33.01,49.51,38.35,43.44,160.4766,189.9713
11/16/2007,3.3403,4.167,4.5344,25.49,99.14,33.01,49.51,40.54,44.48,153.5784,189.2974
11/19/2007,3.1486,4.0714,4.4761,26.01,101.04,33.01,49.51,35.94,41.8,162.0878,193.8618
11/20/2007,3.1978,4.0961,4.4978,24.88,109.2,33.01,49.51,37.86,42.7,171.9842,191.3892
11/21/2007,2.9969,4.0067,4.4588,26.84,112.2,33.01,49.51,33.95,40.39,193.1631,199.3338
11/22/2007,2.9942,4.0065,4.4587,26.84,112.2,25.58,52.71,33.95,40.39,194.741,199.3537
11/23/2007,3.0776,3.9989,4.4246,25.61,112.1,25.58,52.71,40.81,43.68,182.3257,200.1111
11/26/2007,2.885,3.8391,4.2899,28.91,126.9018,25.58,52.71,35.29,40.45,195.017,201.0875
11/27/2007,3.0677,3.9477,4.3633,26.28,133.4,25.58,52.71,40.71,43.18,191.6032,202.2251
11/28/2007,3.176,4.0347,4.4183,24.11,127.4,25.58,52.71,49.54,47.97,204.923,202.5266
11/29/2007,3.0439,3.9344,4.3456,23.97,133.6,28.57,56.12,49.68,48.05,216.4201,210.5597
11/30/2007,2.9947,3.9379,4.379,22.87,131.5,28.57,56.12,52,49.32,198.6754,219.2073
12/3/2007,2.8483,3.8459,4.3253,23.61,136.1124,28.57,56.12,50.1,48.38,215.111,221.412
12/4/2007,2.8722,3.8926,4.356,23.79,141.7,28.57,56.12,48.02,47.35,210.7407,219.739
12/5/2007,2.9288,3.9547,4.4413,22.53,140.4,28.57,56.12,52.89,49.9,209.7968,217.5325
12/6/2007,3.0265,4.0076,4.4756,20.96,138.5,40.65,39.84,57.22,52.3,207.3202,224.2362
12/7/2007,3.1,4.1048,4.5697,20.85,139.9648,40.65,39.84,56.55,51.99,207.8671,225.5185
12/10/2007,3.1659,4.1567,4.619,20.74,126.8903,40.65,39.84,58.75,53.2,210.1736,221.3298
12/11/2007,2.9189,3.9694,4.4664,23.59,140.6,40.65,39.84,49.58,48.89,221.3123,224.0638
12/12/2007,3.1328,4.0893,4.5411,22.47,142.8,40.65,39.84,51.48,49.87,220.0853,223.0657
12/13/2007,3.2322,4.2011,4.6105,22.56,139.2,47.62,35.71,51.88,50.07,210.3274,220.8923
12/14/2007,3.3076,4.234,4.6583,23.27,139.3754,47.62,35.71,47.19,47.83,210.019,219.5974
12/17/2007,3.1744,4.1449,4.5788,24.52,138.7334,47.62,35.71,42.71,45.56,196.2039,223.5094
12/18/2007,3.1911,4.1179,4.5354,22.64,141.5,47.62,35.71,45.03,46.64,189.3979,219.2104
12/19/2007,3.0994,4.0278,4.4472,21.68,147.8277,47.62,35.71,44.6,46.43,202.2417,224.2221
12/20/2007,3.091,4.0507,4.4788,20.58,154.7,35.85,47.17,46.55,47.3,195.5144,214.9349
12/21/2007,3.1914,4.1679,4.5823,18.47,145.5,35.85,47.17,52.67,50.18,188.8358,216.2086
12/24/2007,3.2421,4.2125,4.6149,18.6,144,35.85,47.17,55.38,51.52,156.4399,216.7503
12/25/2007,3.2422,4.2125,4.6149,18.6,144,35.85,47.17,55.38,51.52,154.1969,216.752
12/26/2007,3.3014,4.2749,4.6704,18.66,141.3,35.85,47.17,55.65,51.66,153.1634,216.5086
12/27/2007,3.2094,4.1969,4.6111,20.26,140.9,30,50,49.82,49.14,171.5664,216.309
12/28/2007,3.1039,4.0732,4.4949,20.74,144,30,50,50.37,49.4,158.4254,219.6844
12/31/2007,3.0466,4.0232,4.4522,22.5,145.4,30,50,47.65,48.21,146.5683,219.6798
1/1/2008,3.0463,4.0231,4.4522,22.5,145.4,30,50,47.65,48.21,138.1299,219.6855
1/2/2008,2.876,3.9033,4.3524,23.17,148.7,30,50,42.47,45.82,143.1763,216.6727
1/3/2008,2.8107,3.8918,4.3638,22.49,145.6,25.71,55.24,42.47,45.82,142.8658,220.816
1/4/2008,2.744,3.8651,4.3761,23.94,138.1,25.71,55.24,35.06,42.08,143.4223,219.4868
1/7/2008,2.7432,3.8311,4.3382,23.79,130.9,25.71,55.24,36.58,42.7,130.6027,223.8877
1/8/2008,2.6775,3.7822,4.3101,25.43,124,25.71,55.24,31.96,40.16,129.7174,233.7784
1/9/2008,2.7174,3.8215,4.3407,24.12,128,25.71,55.24,38.1,42.73,121.4295,229.8482
1/10/2008,2.6922,3.8837,4.4502,23.45,125.3,19.63,58.88,41.46,44.19,116.9616,225.6335
1/11/2008,2.5511,3.7835,4.375,23.68,130.9,19.63,58.88,37.66,42.26,116.4594,223.6462
1/14/2008,2.5502,3.7647,4.3582,22.9,130.565,19.63,58.88,42.16,44.25,90.0456,227.5312
1/15/2008,2.4757,3.6751,4.2725,23.34,131.9,19.63,58.88,35.73,40.88,85.1652,234.4941
1/16/2008,2.4992,3.7345,4.3423,24.38,133,19.63,58.88,34.48,40.19,82.6324,231.547
1/17/2008,2.4001,3.6211,4.2551,28.46,135.1,24.3,54.44,28.89,36.85,93.5753,236.8949
1/18/2008,2.3461,3.6297,4.281,27.18,137.1,24.3,54.44,27.91,36.22,104.8521,236.0279
1/21/2008,2.3448,3.6296,4.2809,27.18,137.1,24.3,54.44,27.91,36.22,100.2492,236.0422
1/22/2008,1.9934,3.4332,4.1942,31.01,147.3,24.3,54.44,26.17,35.09,144.8607,249.6755
1/23/2008,2.1468,3.598,4.314,29.02,165.1,24.3,54.44,34.6,38.86,113.3472,228.2012
1/24/2008,2.3094,3.7018,4.3925,27.78,171.7,25.14,59.02,38.24,40.57,88.1609,235.8197
1/25/2008,2.1818,3.5494,4.2634,29.08,178.8,25.14,59.02,34.9,38.78,105.7628,244.0571
1/28/2008,2.1885,3.5806,4.2781,27.78,170.2,25.14,59.02,40.94,41.68,100.2766,243.9394
1/29/2008,2.2857,3.6769,4.3551,27.32,161.8,25.14,59.02,42.97,42.68,96.3589,238.3086
1/30/2008,2.1651,3.6656,4.3843,27.62,146.7056,25.14,59.02,41.77,42.09,109.2986,245.4396
1/31/2008,2.0929,3.5931,4.3225,26.2,153.7,30.08,48.87,47.34,44.82,117.0994,250.6916
2/1/2008,2.0685,3.5926,4.3084,24.02,144.7,30.08,48.87,51.08,46.74,101.0725,245.737
2/4/2008,2.0604,3.6444,4.3779,25.99,142,30.08,48.87,47.91,45.33,92.7337,242.5555
2/5/2008,1.9152,3.5701,4.3258,28.24,145.9,30.08,48.87,39.85,41.41,100.5084,243.987
2/6/2008,1.923,3.5885,4.3549,28.97,146.2,30.08,48.87,38.25,40.57,104.275,245.1526
2/7/2008,2.0439,3.7569,4.5177,27.66,150.4,34.11,47.2,40.87,41.82,90.8881,239.3123
2/8/2008,1.9218,3.6428,4.4166,28.01,153,34.11,47.2,39.89,41.33,87.0333,245.7244
2/11/2008,1.9053,3.6144,4.3986,27.6,149.8,34.11,47.2,41.98,42.3,82.1516,246.5578
2/12/2008,1.9131,3.6579,4.4576,26.33,148.5,34.11,47.2,44.56,43.49,78.7339,250.2101
2/13/2008,1.9128,3.7282,4.537,24.88,146.1,34.11,47.2,49.14,45.67,80.5544,244.1773
2/14/2008,1.8881,3.8163,4.6368,25.54,144.2,33.33,41.86,45.12,43.92,78.5123,245.366
2/15/2008,1.9113,3.7686,4.5762,25.02,146.6,33.33,41.86,45.42,44.05,88.3154,250.1437
2/18/2008,1.911,3.7686,4.5762,25.02,146.6,33.33,41.86,45.42,44.05,88.3284,250.1386
2/19/2008,2.0671,3.8959,4.6649,25.59,147.5,33.33,41.86,45.14,43.93,85.2471,246.4084
2/20/2008,2.1247,3.8902,4.6079,24.4,154.3,33.33,41.86,48.34,45.35,85.9795,253.9826
2/21/2008,1.968,3.7706,4.5438,25.12,160.6,33.18,44.7,44.04,43.58,90.5131,251.9365
2/22/2008,2.0169,3.8016,4.5733,24.06,161.5,33.18,44.7,47.1,44.93,89.3023,249.845
2/25/2008,2.108,3.8964,4.6549,23.03,158.1,33.18,44.7,52.09,47.23,91.2805,251.36
2/26/2008,2,3.8596,4.6559,21.9,149.2,33.18,44.7,54.44,48.37,99.4857,251.0386
2/27/2008,1.9915,3.8481,4.6499,22.69,142.9055,33.18,44.7,54.06,48.22,112.348,250.1931
2/28/2008,1.8162,3.6697,4.5213,23.53,145.2,34.31,45.26,50.36,46.83,117.5796,259.032
2/29/2008,1.6158,3.5092,4.4023,26.54,155.2,34.31,45.26,41.24,42.96,121.9505,267.0787
3/3/2008,1.6313,3.5468,4.4327,26.28,152.2,34.31,45.26,41.45,43.05,137.1227,265.323
3/4/2008,1.6547,3.6242,4.5068,25.52,155.7,34.31,45.26,40.41,42.59,136.4534,263.5776
3/5/2008,1.6222,3.668,4.598,24.6,164.9,34.31,45.26,42.76,43.54,151.0168,270.2042
3/6/2008,1.5018,3.5826,4.5605,27.55,171.4,21.98,51.65,36.24,40.59,163.3322,276.7386
3/7/2008,1.5158,3.5317,4.5399,27.49,172.6,21.98,51.65,34.14,39.55,150.0349,280.8274
3/10/2008,1.483,3.4549,4.4633,29.38,169.6,21.98,51.65,30.66,37.73,157.5466,283.5141
3/11/2008,1.7402,3.5921,4.5077,26.36,155.3,21.98,51.65,44.95,44.03,139.8093,288.7866
3/12/2008,1.6186,3.4604,4.4098,27.22,154.3,21.98,51.65,42.58,42.9,144.2089,293.9568
3/13/2008,1.6261,3.5261,4.447,27.29,162.7,20.42,59.15,44.37,43.74,144.3322,296.3922
3/14/2008,1.4787,3.4679,4.3635,31.16,167.2,20.42,59.15,39.03,41.18,160.1548,296.2144
3/17/2008,1.3405,3.3061,4.2854,32.24,168.8,20.42,59.15,37.01,40.16,158.0079,315.3855
3/18/2008,1.5991,3.4828,4.3485,25.79,159.2,20.42,59.15,50.08,46.61,166.5621,310.7172
3/19/2008,1.4603,3.3282,4.2104,29.84,159.9,20.42,59.15,44.19,43.7,203.8805,317.1794
3/20/2008,1.5963,3.3336,4.1599,26.62,158.6,25.21,54.27,50.25,46.99,203.6145,314.6423
3/21/2008,1.5958,3.3335,4.1599,26.62,158.6,25.21,54.27,50.25,46.99,203.6154,314.6467
3/24/2008,1.8011,3.5563,4.3644,25.73,161,25.21,54.27,53.79,49.01,153.6097,307.3685
3/25/2008,1.7681,3.5053,4.3028,25.72,160.7,25.21,54.27,54.33,49.32,138.0094,305.4664
3/26/2008,1.6193,3.4602,4.3065,26.08,157.7,25.21,54.27,51.86,48.18,140.6619,309.9784
3/27/2008,1.6862,3.528,4.3898,25.88,152.4,41.6,33.6,48.78,46.74,143.1663,305.2036
3/28/2008,1.6463,3.4414,4.3177,25.71,145.9,41.6,33.6,46.72,45.76,133.0741,309.86
3/31/2008,1.5824,3.4096,4.2917,25.61,145.5,41.6,33.6,48.38,46.58,137.2576,312.0437
4/1/2008,1.79,3.5583,4.3993,22.68,141.9,41.6,33.6,57.45,51.39,129.6261,308.1734
4/2/2008,1.8945,3.5963,4.405,23.43,146.2,41.6,33.6,56.85,51.12,133.3036,308.3723
4/3/2008,1.8866,3.5773,4.3785,23.21,139.7,36.7,39.36,57.18,51.3,134.0116,308.2729
4/4/2008,1.8145,3.4657,4.3055,22.45,140.2,36.7,39.36,57.39,51.41,136.0741,304.4297
4/7/2008,1.9116,3.5356,4.3447,22.42,132.9,36.7,39.36,57.83,51.63,132.2827,298.4441
4/8/2008,1.8713,3.5564,4.3794,22.36,128.2,36.7,39.36,55.8,50.84,134.2985,294.357
4/9/2008,1.7661,3.4807,4.3204,22.81,128.7,36.7,39.36,52.67,49.61,142.0305,292.9259
4/10/2008,1.8391,3.5394,4.3484,21.98,127.8,45.76,37.29,54.19,50.29,147.6101,294.0636
4/11/2008,1.7417,3.4694,4.299,23.46,129.4,45.76,37.29,46.78,47.25,153.0481,295.0611
4/14/2008,1.758,3.5109,4.3493,23.82,127.4,45.76,37.29,45.69,46.78,163.8566,293.9052
4/15/2008,1.8642,3.6003,4.4412,22.78,129.9,45.76,37.29,47.48,47.52,158.423,290.9665
4/16/2008,1.9628,3.6886,4.4932,20.53,144,45.76,37.29,55.34,51.01,161.2298,293.139
4/17/2008,2.1031,3.7273,4.5263,20.37,149.7,30.37,48.69,55.54,51.11,154.2683,292.2734
4/18/2008,2.1294,3.7061,4.4961,20.13,144.1,30.37,48.69,61.05,53.8,156.1205,292.3855
4/21/2008,2.1715,3.7255,4.4884,20.5,135.2,30.37,48.69,60.35,53.53,162.4904,283.4469
4/22/2008,2.1887,3.6908,4.4441,20.87,129.1,30.37,48.69,56.4,52.03,165.5326,286.9214
4/23/2008,2.1893,3.7314,4.4913,20.26,125.6,30.37,48.69,57.38,52.48,170.6516,282.8557
4/24/2008,2.3825,3.8249,4.5459,20.06,129.2,46.67,27.5,59.56,53.49,166.2752,283.5055
4/25/2008,2.4148,3.8703,4.5914,19.59,131,46.67,27.5,61.7,54.5,155.5973,279.9725
4/28/2008,2.3421,3.8252,4.5597,19.64,130.1,46.67,27.5,61.13,54.3,153.2672,277.4759
4/29/2008,2.3502,3.8194,4.5509,20.24,126.5,46.67,27.5,58.97,53.55,141.3644,271.0556
4/30/2008,2.2537,3.7279,4.4672,20.79,119.1,46.67,27.5,56.84,52.81,147.28,271.2073
5/1/2008,2.367,3.763,4.4991,18.88,115.2,53.29,26.32,63.2,55.63,138.676,266.7031
5/2/2008,2.4492,3.8551,4.5775,18.18,111.8,53.29,26.32,64.29,56.15,127.0172,255.4865
5/5/2008,2.417,3.867,4.6014,18.9,108.9,53.29,26.32,61.54,55.21,117.8067,253.2979
5/6/2008,2.3848,3.9164,4.6625,18.21,110.4,53.29,26.32,64.3,56.48,113.4405,252.3557
5/7/2008,2.3036,3.8475,4.6054,19.73,116.1,53.29,26.32,54.27,52.79,107.0357,258.2483
5/8/2008,2.2143,3.7748,4.5421,19.4,119.7,52.81,24.72,55.75,53.41,106.1933,258.5194
5/9/2008,2.2391,3.7692,4.5216,19.41,121.1,52.81,24.72,52.39,52.1,100.0784,257.0836
5/12/2008,2.3048,3.7974,4.5343,17.79,118.3,52.81,24.72,56.94,54.01,89.1494,256.2593
5/13/2008,2.4695,3.9131,4.6384,17.98,120.9,52.81,24.72,56.73,53.93,85.7694,259.6937
5/14/2008,2.5112,3.9112,4.6134,17.66,127.2,52.81,24.72,58.42,54.64,90.2154,263.8844
5/15/2008,2.4208,3.8144,4.551,16.3,125.3,45.16,29.68,62.58,56.47,89.0736,259.5636
5/16/2008,2.4386,3.8446,4.5737,16.47,122.5,45.16,29.68,63.06,56.69,85.7005,255.5424
5/19/2008,2.3892,3.8294,4.5717,17.01,117.5,45.16,29.68,63.42,56.85,82.9342,253.06
5/20/2008,2.2983,3.7746,4.5294,17.58,116.6,45.16,29.68,57.21,54.69,79.852,252.5396
5/21/2008,2.3982,3.8067,4.5392,18.59,115.9,45.16,29.68,48.45,51.24,77.9245,256.3349
5/22/2008,2.5237,3.9111,4.6205,18.05,120.9,46.3,34.26,49.78,51.75,77.9339,258.8874
5/23/2008,2.4252,3.8425,4.5678,19.55,120.4,46.3,34.26,43.65,49.08,79.7472,257.7466
5/26/2008,2.434,3.8425,4.5728,19.55,120.4,46.3,34.26,43.65,49.08,79.7565,257.7484
5/27/2008,2.5012,3.9188,4.6406,19.64,121.1,46.3,34.26,47.23,50.43,75.5295,259.1239
5/28/2008,2.6028,4.0033,4.6881,19.07,126.6,46.3,34.26,49.25,51.21,76.9972,257.6699
5/29/2008,2.6816,4.075,4.7475,18.14,131.6,31.36,45.76,51.93,52.26,78.2046,255.5038
5/30/2008,2.6411,4.0595,4.7147,17.83,130.2,31.36,45.76,52.7,52.56,80.1608,250.0479
6/2/2008,2.5036,3.9571,4.67,19.83,130.5,31.36,45.76,47.07,50.28,84.8601,254.2858
6/3/2008,2.3984,3.8939,4.6206,20.24,132.7,31.36,45.76,44.3,49.08,82.9463,255.6122
6/4/2008,2.4465,3.9764,4.6984,20.8,131.9,31.36,45.76,44.14,49.01,82.8306,251.3587
6/5/2008,2.4949,4.0383,4.7363,18.63,133.8,43.48,38.04,54.52,53.03,83.3399,251.1707
6/6/2008,2.3724,3.9092,4.6237,23.56,139.6,43.48,38.04,41.2,46.86,86.2657,254.0827
6/9/2008,2.7066,3.9977,4.6297,23.12,151,43.48,38.04,41.58,47.02,80.7229,256.2276
6/10/2008,2.9206,4.1027,4.6985,23.18,149.6,43.48,38.04,40.71,46.58,77.8782,259.7312
6/11/2008,2.8055,4.0735,4.6945,24.12,144.6,43.48,38.04,35.18,43.64,85.2444,259.6534
6/12/2008,3.0373,4.2108,4.7571,23.33,148.9,31.25,53.57,36.94,44.34,78.9481,259.9193
6/13/2008,3.0306,4.2565,4.7893,21.22,153.7,31.25,53.57,44.42,47.41,84.7775,259.3452
6/16/2008,3.0312,4.2666,4.7914,20.95,143.5,31.25,53.57,44.46,47.43,86.7096,257.3446
6/17/2008,2.89,4.1973,4.7675,21.13,142.2,31.25,53.57,41.83,46.18,83.2005,263.2688
6/18/2008,2.8487,4.1363,4.713,22.24,140.4,31.25,53.57,38.35,44.46,88.7287,262.3655
6/19/2008,2.9324,4.2073,4.7582,21.58,136.8,32.98,45.74,40.4,45.27,89.6372,261.268
6/20/2008,2.8917,4.1641,4.7243,22.87,137.8,32.98,45.74,34.33,42.12,94.845,259.5908
6/23/2008,2.934,4.1641,4.7008,22.64,136.7,32.98,45.74,34.36,42.13,92.0359,264.5851
6/24/2008,2.8337,4.0818,4.636,22.42,134.8,32.98,45.74,33.49,41.67,97.5946,268.8242
6/25/2008,2.8103,4.0994,4.643,21.14,129.8,32.98,45.74,37.04,43.01,101.5711,268.0585
6/26/2008,2.657,4.033,4.601,23.93,133.7,31.25,52.27,28.7,38.4,109.0113,268.6953
6/27/2008,2.6248,3.9652,4.521,23.44,132.5,31.25,52.27,27.87,37.89,113.2075,279.4839
6/30/2008,2.6164,3.969,4.5239,23.95,126,31.25,52.27,28.63,38.18,105.2491,280.0952
7/1/2008,2.6483,4.0021,4.5485,23.65,128.5,31.25,52.27,30.99,39.08,92.3365,279.795
7/2/2008,2.5753,3.9575,4.5025,25.92,133.1,31.25,52.27,26.49,36.47,97.8371,279.2542
7/3/2008,2.525,3.975,4.5348,24.78,125.1,23.93,52.14,27.17,36.73,94.8049,277.5039
7/4/2008,2.5326,3.975,4.5328,24.78,125.1,23.93,52.14,27.17,36.73,95.6499,277.5022
7/7/2008,2.4266,3.8995,4.484,25.78,123,23.93,52.14,25.26,35.58,97.8911,283.0451
7/8/2008,2.4753,3.8822,4.4502,23.15,118.9,23.93,52.14,35.15,39.52,93.6099,281.7784
7/9/2008,2.3855,3.8112,4.4176,25.23,116.1,23.93,52.14,29.46,36.4,99.9461,284.8764
7/10/2008,2.401,3.7959,4.4138,25.59,118.7,22.17,55.17,32.97,37.92,112.8729,287.4071
7/11/2008,2.5952,3.9576,4.5398,27.49,129.2,22.17,55.17,30.37,36.48,121.3193,287.2393
7/14/2008,2.4474,3.8553,4.4464,28.48,126,22.17,55.17,28.43,35.36,133.5799,287.4745
7/15/2008,2.365,3.8188,4.458,28.54,126,22.17,55.17,26.26,34.06,145.6724,291.1217
7/16/2008,2.4216,3.9344,4.5853,25.1,123.4,22.17,55.17,37.85,39.29,143.1979,290.5625
7/17/2008,2.4867,3.9907,4.6073,25.01,129.4,25,58.14,42.62,41.65,139.2448,295.9266
7/18/2008,2.6337,4.0828,4.6475,24.05,131,25,58.14,42.74,41.7,133.5741,293.7163
7/21/2008,2.592,4.0417,4.6214,23.05,131.1,25,58.14,42.56,41.63,137.5172,299.835
7/22/2008,2.7161,4.0987,4.6587,21.18,124.9,25,58.14,48.18,44.33,125.9347,298.1322
7/23/2008,2.7325,4.1165,4.6739,21.31,123.7,25,58.14,49.79,45.14,125.2945,300.352
7/24/2008,2.6048,3.9968,4.6014,23.44,123.8,35.82,44.03,41.79,41.59,115.6042,298.3249
7/25/2008,2.7096,4.0969,4.6852,22.91,123.4,35.82,44.03,43.51,42.41,107.2631,297.3055
7/28/2008,2.5726,4.0008,4.6015,24.23,122.7,35.82,44.03,38.07,39.81,110.6494,296.924
7/29/2008,2.6209,4.038,4.6235,22.03,121.3,35.82,44.03,46.88,44.18,108.8072,296.1995
7/30/2008,2.6289,4.0439,4.6447,21.21,133.8,35.82,44.03,52.22,47.08,112.0707,296.6069
7/31/2008,2.5079,3.9462,4.5727,22.94,131.7,40,41.18,48.05,45.14,113.1849,301.3796
8/1/2008,2.4907,3.9307,4.5608,22.57,118.3,40,41.18,46.38,44.34,113.5205,298.9321
8/4/2008,2.5308,3.9619,4.5896,23.49,117.2,40,41.18,43.76,43.09,110.8374,297.8142
8/5/2008,2.5467,4.0167,4.6408,21.14,110.3,40,41.18,52.86,47.92,107.0748,295.3345
8/6/2008,2.5707,4.0501,4.6925,20.23,112.3,40,41.18,53.83,48.47,116.3468,295.9908
8/7/2008,2.4243,3.92,4.555,21.15,118.8,35.61,42.42,48.13,45.81,113.2877,296.9959
8/8/2008,2.4963,3.9276,4.5333,20.66,109.1,35.61,42.42,54.86,49.55,111.3915,299.237
8/11/2008,2.5367,3.9904,4.6024,20.12,107.4,35.61,42.42,56.67,50.6,99.1321,297.9551
8/12/2008,2.422,3.8954,4.5333,21.17,110.9,35.61,42.42,52.7,48.77,95.0479,299.4584
8/13/2008,2.4706,3.9314,4.5594,21.55,112.3,35.61,42.42,51.77,48.33,97.1038,300.8574
8/14/2008,2.4293,3.886,4.5169,20.34,111.8,42.86,38.96,53.45,49.22,95.3168,301.4039
8/15/2008,2.3787,3.8349,4.4634,19.58,112.1,42.86,38.96,54.7,49.87,97.5777,302.5096
8/18/2008,2.3289,3.8104,4.434,20.98,112.8,42.86,38.96,49.36,47.51,104.8693,301.9589
8/19/2008,2.2954,3.8292,4.4615,21.28,110.1,42.86,38.96,46.4,46.13,101.8743,304.084
8/20/2008,2.2455,3.8009,4.4453,20.42,110.7,42.86,38.96,48.59,47.18,113.1957,302.9087
8/21/2008,2.3024,3.8291,4.4624,19.82,109.4,38.1,37.3,49.49,47.6,110.0113,306.0939
8/22/2008,2.3999,3.8704,4.4662,18.81,109.8,38.1,37.3,53.49,49.51,112.0165,306.9555
8/25/2008,2.3247,3.7837,4.3936,20.97,109.6,38.1,37.3,46.54,46.44,114.0682,307.6264
8/26/2008,2.3241,3.7743,4.3871,20.49,108.2,38.1,37.3,47.89,47.07,110.8849,309.5702
8/27/2008,2.2737,3.763,4.3815,19.76,104.1,38.1,37.3,50.78,48.42,114.0224,309.7009
8/28/2008,2.3588,3.7779,4.3759,19.43,103,30.68,45.45,55.73,50.86,107.895,312.2071
8/29/2008,2.3669,3.8116,4.4227,20.65,103,30.68,45.45,50.58,48.63,110.0353,308.8448
9/1/2008,2.3669,3.8115,4.4227,20.65,103,30.68,45.45,50.58,48.63,109.9803,308.85
9/2/2008,2.2539,3.7326,4.3554,21.99,102.4,30.68,45.45,49.15,47.99,113.3593,312.7356
9/3/2008,2.2538,3.699,4.3185,21.43,105.9,30.68,45.45,48.41,47.67,113.3827,312.1046
9/4/2008,2.1729,3.6227,4.2592,24.03,115.2,37.04,43.21,39.17,43.26,114.5377,315.7315
9/5/2008,2.3017,3.6986,4.3019,23.06,111.8,37.04,43.21,40.92,44.03,104.2764,315.1351
9/8/2008,2.3016,3.6743,4.2664,22.64,116.3,37.04,43.21,48.34,47.45,111.6904,315.5668
9/9/2008,2.1633,3.5668,4.1703,25.47,123.8,37.04,43.21,39.3,42.85,115.8578,323.324
9/10/2008,2.1955,3.6295,4.2257,24.52,123.7,37.04,43.21,41.36,43.83,117.9718,324.0454
9/11/2008,2.2197,3.6425,4.2212,24.39,126.1,29.27,54.88,45.82,46,121.0453,325.7547
9/12/2008,2.2026,3.7187,4.3147,25.66,125.4,29.27,54.88,46.5,46.33,135.3651,329.1299
9/15/2008,1.7059,3.3868,4.0227,31.7,160.3,29.27,54.88,35.71,40.56,201.3763,346.3241
9/16/2008,1.8023,3.4357,4.091,30.3,168.4,29.27,54.88,40.94,43.15,218.5605,335.4264
9/17/2008,1.6392,3.4137,4.0736,36.22,162,29.27,54.88,33.02,38.41,302.194,334.6262
9/18/2008,1.695,3.5437,4.1889,33.1,163.5,27.21,54.42,43.36,43.99,313.2765,340.6328
9/19/2008,2.1679,3.8105,4.3823,32.07,162.3,27.21,54.42,51.21,48.66,232.6058,346.9466
9/22/2008,2.1263,3.8351,4.4208,33.85,158.1,27.21,54.42,44.63,44.84,236.4479,346.4877
9/23/2008,2.0681,3.7991,4.3805,35.72,159.5,27.21,54.42,42.32,43.45,250.0242,355.092
9/24/2008,1.9604,3.8104,4.4123,35.19,163.8,27.21,54.42,42.03,43.28,301.9475,343.9615
9/25/2008,2.1605,3.854,4.4095,32.82,176.3,34.04,45.74,46,45.5,301.7066,352.6005
9/26/2008,2.0962,3.852,4.3702,34.74,183.6,34.04,45.74,46.64,45.86,291.8641,360.8027
9/29/2008,1.6571,3.5776,4.1127,46.72,201,34.04,45.74,34.33,38.53,320.25,381.2356
9/30/2008,1.9599,3.8234,4.311,39.39,208.5,34.04,45.74,43.38,43.76,314.8059,386.6627
10/1/2008,1.8157,3.7382,4.2147,39.81,200.5,34.04,45.74,42.82,43.42,334.7407,399.179
10/2/2008,1.6158,3.6276,4.1514,45.26,206.7,33.33,55,38.13,40.56,360.8412,403.2439
10/3/2008,1.5822,3.6031,4.0872,45.14,204.8,33.33,55,36.73,39.69,386.6836,405.6933
10/6/2008,1.4299,3.4532,3.972,52.05,217.3,33.33,55,33.07,37.36,382.1842,440.6756
10/7/2008,1.4531,3.5028,4.0301,53.68,221.1,33.33,55,28.66,34.37,355.8123,441.7201
10/8/2008,1.5484,3.6401,4.0482,57.53,239.8,33.33,55,27.91,33.85,391.4493,476.9898
10/9/2008,1.5317,3.785,4.102,63.92,250.1,31.47,60.84,23.52,30.65,423.2257,480.5019
10/10/2008,1.6342,3.8705,4.1363,69.95,264.6,31.47,60.84,22.97,30.23,463.6171,483.9498
10/13/2008,1.5774,3.978,4.1362,54.99,264.6,31.47,60.84,38.23,38.71,456.9922,473.201
10/14/2008,1.8122,4.0772,4.2761,55.13,230.4,31.47,60.84,37.81,38.46,436.1075,482.2775
10/15/2008,1.5521,3.9453,4.1913,69.25,220.5,31.47,60.84,31.6,34.59,433.697,546.4658
10/16/2008,1.6164,3.9569,4.2561,67.61,218.9,40.94,39.77,36.41,37.38,407.6219,549.3101
10/17/2008,1.6148,3.9299,4.3229,70.33,207.3,40.94,39.77,36,37.13,362.6423,585.0146
10/20/2008,1.6959,3.8416,4.2552,52.97,191.6,40.94,39.77,41.49,40.28,298.1299,596.8432
10/21/2008,1.6137,3.7388,4.2163,53.11,192.9,40.94,39.77,39.05,38.92,276.6302,590.1174
10/22/2008,1.4987,3.594,4.0548,69.65,203.8,40.94,39.77,34.81,36.46,253.4982,600.6002
10/23/2008,1.6044,3.6745,4.0496,67.8,229.7,38.74,38.74,36.26,37.26,256.9513,587.5481
10/24/2008,1.5122,3.6856,4.0687,79.13,239.4,38.74,38.74,34.01,35.97,267.3031,609.4405
10/27/2008,1.5362,3.6874,4.0453,80.06,237,38.74,38.74,32.1,34.86,275.5894,617.2593
10/28/2008,1.5686,3.8336,4.1912,66.96,229.9,38.74,38.74,43.35,41.04,271.3301,611.6397
10/29/2008,1.5319,3.8546,4.237,69.96,217.2,38.74,38.74,42.49,40.59,284.1249,609.537
10/30/2008,1.5637,3.9645,4.3302,62.9,209.4,37.14,40.57,45.19,42.11,281.7014,598.5534
10/31/2008,1.548,3.953,4.3664,59.89,207.2,37.14,40.57,46.84,43.04,259.025,626.7
11/3/2008,1.436,3.9141,4.3219,53.68,204.6,37.14,40.57,46.58,42.92,242.2329,627.5878
11/4/2008,1.3719,3.7247,4.192,47.73,203,37.14,40.57,51.14,45.42,222.9149,628.532
11/5/2008,1.3398,3.7019,4.175,54.56,217.5,37.14,40.57,45.53,42.81,212.0602,615.812
11/6/2008,1.2836,3.6886,4.1983,63.68,189,44.83,33.33,41.13,40.63,208.3105,616.1432
11/7/2008,1.3228,3.7929,4.2733,56.1,178.1,44.83,33.33,44.29,42.29,200.5919,608.7073
11/10/2008,1.2418,3.7432,4.192,59.98,173.2,44.83,33.33,43.16,41.75,203.2126,592.6756
11/11/2008,1.2414,3.7432,4.192,61.44,173.2,44.83,33.33,41.23,40.81,174.8714,592.6815
11/12/2008,1.161,3.6466,4.1687,66.46,173.2,44.83,33.33,37.1,38.75,199.0505,601.3433
11/13/2008,1.233,3.8525,4.3562,59.83,181.4,38.33,42.5,44.65,42.55,196.6168,590.7508
11/14/2008,1.2076,3.7349,4.2279,66.31,189.5,38.33,42.5,41.22,40.86,210.4403,610.5124
11/17/2008,1.1748,3.6484,4.1919,69.15,188.4,38.33,42.5,39.29,39.89,214.748,620.1562
11/18/2008,1.1257,3.5293,4.1138,67.64,191.6,38.33,42.5,40.4,40.43,210.5941,632.0672
11/19/2008,1.0604,3.3205,3.9053,74.26,192,38.33,42.5,35.94,38.19,211.1657,651.9532
11/20/2008,0.9788,3.0131,3.4857,80.86,211.6,24.37,57.14,32.01,36.05,213.7921,677.6927
11/21/2008,1.0986,3.1974,3.6937,72.67,212.9,24.37,57.14,38.38,39.15,214.7361,676.2631
11/24/2008,1.2043,3.3236,3.7805,64.7,189,24.37,57.14,44.48,42.29,215.8611,681.6438
11/25/2008,1.1785,3.1078,3.6194,60.9,206.2,24.37,57.14,45.11,42.62,209.4835,686.2215
11/26/2008,1.0914,2.9784,3.5226,54.92,213.9,24.37,57.14,48.53,44.4,214.069,697.1606
11/27/2008,1.0914,2.9778,3.5225,54.92,213.9,31.25,44.89,48.53,44.4,216.1941,697.216
11/28/2008,0.9807,2.92,3.4369,55.28,214,31.25,44.89,49.48,44.91,217.6321,698.0023
12/1/2008,0.9014,2.7309,3.2136,68.51,213.3,31.25,44.89,41.68,41.3,217.9441,702.9105
12/2/2008,0.8851,2.6724,3.174,62.98,216.6,31.25,44.89,45.45,43.22,215.9299,712.7574
12/3/2008,0.8846,2.6585,3.162,60.72,214.7,31.25,44.89,47.9,44.49,219.1111,719.1484
12/4/2008,0.8129,2.5513,3.0409,63.64,216.9,26.67,47.78,45.35,43.33,223.35,725.8676
12/5/2008,0.9224,2.7037,3.1254,59.93,216.4,26.67,47.78,48.89,45.12,217.063,719.631
12/8/2008,0.9379,2.7378,3.1504,58.49,213.4,26.67,47.78,52.49,47,222.438,720.2189
12/9/2008,0.8418,2.6399,3.0412,58.91,214.7,26.67,47.78,50.11,45.98,217.875,723.0097
12/10/2008,0.8492,2.6824,3.0857,55.73,218.9,26.67,47.78,51.31,46.59,211.375,719.7626
12/11/2008,0.7768,2.6019,3.0609,55.78,223.4,37.5,39.84,48.28,45.31,200.125,724.8087
12/12/2008,0.7588,2.5705,3.0436,54.28,222.7,37.5,39.84,49.06,45.68,191.625,725.9473
12/15/2008,0.7341,2.5127,2.955,56.76,214.5,37.5,39.84,47.66,45.11,187.625,733.727
12/16/2008,0.6453,2.2558,2.7352,52.37,194.9,37.5,39.84,53.37,47.8,187.25,747.4191
12/17/2008,0.7407,2.1915,2.6505,49.84,182.1,37.5,39.84,52.17,47.33,156.7361,734.8543
12/18/2008,0.6757,2.0788,2.521,47.34,194.6,39.73,35.62,49.54,46.3,151.3,728.1199
12/19/2008,0.7378,2.1231,2.5502,44.93,195.8,39.73,35.62,49.91,46.46,148.25,719.6922
12/22/2008,0.8181,2.17,2.6166,44.56,194.6,39.73,35.62,47.57,45.56,145.325,725.0005
12/23/2008,0.9145,2.1729,2.6375,45.02,193.8,39.73,35.62,46.34,45.09,146.118,723.7105
12/24/2008,0.9066,2.182,2.6318,44.21,193.8,39.73,35.62,47.2,45.44,148.4735,719.8021
12/25/2008,0.9066,2.1809,2.6315,44.21,193.8,28.95,43.86,47.2,45.44,146.243,719.9125
12/26/2008,0.8829,2.1318,2.6056,43.38,193.5,28.95,43.86,48.04,45.76,147.7639,718.818
12/29/2008,0.7725,2.0989,2.632,43.9,192.1,28.95,43.86,47.45,45.56,139.7908,718.1142
12/30/2008,0.7252,2.053,2.5548,41.63,192.6,28.95,43.86,51.47,47.1,134.8801,717.6981
12/31/2008,0.7643,2.2123,2.6758,40,190,28.95,43.86,53.73,48.01,134.8944,713.7734
1/1/2009,0.7638,2.2123,2.6756,40,190,24,54.67,53.73,48.01,135.4016,713.77
1/2/2009,0.8194,2.3688,2.7948,39.19,183.1,24,54.67,58.46,50.01,133.3402,713.1155
1/5/2009,0.7636,2.4812,3.0283,39.08,171,24,54.67,57.49,49.71,133.5052,700.8794
1/6/2009,0.7635,2.4454,2.995,38.56,160.4,24,54.67,58.72,50.23,127.6357,689.4553
1/7/2009,0.8111,2.4942,3.0363,43.39,151.7,24,54.67,52.44,48.24,130.6229,660.5848
1/8/2009,0.827,2.4398,3.0458,42.56,149.9,48.7,35.06,53.03,48.47,128.2765,657.0225
1/9/2009,0.7467,2.39,3.06,42.82,138,48.7,35.06,48.9,47.1,120.4229,658.9952
1/12/2009,0.7385,2.3044,2.9898,45.84,134.8,48.7,35.06,44.98,45.71,110.1186,652.5563
1/13/2009,0.7383,2.2924,3.0026,43.27,119.5,48.7,35.06,45.34,45.83,99.2965,654.7557
1/14/2009,0.706,2.1993,2.8863,49.14,119.4,48.7,35.06,39.98,43.83,99.1229,654.0689
1/15/2009,0.7138,2.2055,2.8672,51,129.5,27.63,47.37,40.27,43.92,98.4216,652.4452
1/16/2009,0.721,2.3188,2.8747,46.11,126.9,27.63,47.37,42,44.49,103.0943,649.125
1/19/2009,0.7207,2.3184,2.8747,46.11,126.9,27.63,47.37,42,44.49,102.0943,649.1587
1/20/2009,0.7045,2.3771,2.9804,56.65,136.5,27.63,47.37,34.44,41.44,102.1087,648.2926
1/21/2009,0.7692,2.536,3.1579,46.42,151,27.63,47.37,43.05,44.51,101.547,643.4005
1/22/2009,0.7203,2.5922,3.2575,47.29,153.1,27.21,46.32,40.94,43.65,106.3038,655.7788
1/23/2009,0.8095,2.6172,3.3212,47.27,155.3,27.21,46.32,42.01,44.04,107.3038,651.2804
1/26/2009,0.8258,2.6411,3.3771,45.69,145.3,27.21,46.32,43.16,44.46,108.7409,644.8925
1/27/2009,0.8011,2.5274,3.2435,42.25,141.2,27.21,46.32,45.46,45.28,105.456,641.2559
1/28/2009,0.8988,2.6665,3.4232,39.66,136.7,27.21,46.32,51.97,47.79,99.89,628.3503
1/29/2009,0.9543,2.8586,3.6063,42.63,147.8,25.27,47.25,45.95,45.59,95.1897,614.1445
1/30/2009,0.9463,2.8403,3.603,44.84,162.9,25.27,47.25,42.43,44.19,95.8161,609.9719
2/2/2009,0.8909,2.7226,3.4743,45.52,163.4,25.27,47.25,42.35,44.15,98.1527,610.7405
2/3/2009,0.9624,2.884,3.6771,43.06,161.2,25.27,47.25,45.62,45.37,92.4273,605.5965
2/4/2009,0.9785,2.9353,3.6811,43.85,172.5,25.27,47.25,44.32,44.89,94.6463,605.4669
2/5/2009,0.9627,2.912,3.6477,43.73,173.7,24.63,44.03,47.8,46.18,96.9346,603.7985
2/6/2009,0.9951,2.9917,3.6961,43.37,182.1,24.63,44.03,53.07,48.28,96.7321,599.8261
2/9/2009,1.0113,2.9844,3.6452,43.64,170.2,24.63,44.03,53.36,48.4,95.7249,599.5606
2/10/2009,0.891,2.8136,3.4875,46.67,172.3,24.63,44.03,43.78,44.89,90.631,596.6355
2/11/2009,0.9151,2.7537,3.4443,44.53,157,24.63,44.03,45.41,45.52,92.6852,597.6339
2/12/2009,0.9071,2.7824,3.5196,41.25,151,32.91,39.24,45.78,45.66,94.5216,588.7583
2/13/2009,0.964,2.8894,3.6728,42.93,158.7,32.91,39.24,43.92,44.96,94.8345,593.0554
2/16/2009,0.956,2.8895,3.671,42.93,158.7,32.91,39.24,43.92,44.96,95.3431,593.0527
2/17/2009,0.8588,2.648,3.4797,48.66,163.2,32.91,39.24,36.7,41.98,96.2569,602.205
2/18/2009,0.948,2.7554,3.5468,48.46,159.2,32.91,39.24,36.57,41.92,94.6852,609.4623
2/19/2009,0.9806,2.8531,3.6701,47.08,161.9,21.64,56.72,34.9,41.18,95.0297,610.6906
2/20/2009,0.9402,2.7879,3.5673,49.3,165.5,21.64,56.72,33.36,40.49,97.9897,613.2148
2/23/2009,0.9321,2.7536,3.5067,52.62,157.4,21.64,56.72,29.19,38.49,97.9899,624.6447
2/24/2009,0.9732,2.7951,3.4924,45.49,154.4,21.64,56.72,38.43,41.81,95.2708,627.4903
2/25/2009,1.0735,2.9263,3.5872,44.67,164.3,21.64,56.72,36.99,41.18,95.896,626.3688
2/26/2009,1.0814,2.9908,3.6746,44.66,163,24.3,55.14,34.93,40.25,99.4422,627.9233
2/27/2009,0.9701,3.0131,3.7083,46.35,166.6,24.3,55.14,32.1,38.92,101.786,616.688
3/2/2009,0.8671,2.8624,3.6106,52.65,164,24.3,55.14,27.47,36.5,103.2927,624.7574
3/3/2009,0.875,2.8771,3.601,50.93,164.9,24.3,55.14,26.93,36.2,101.7616,629.2939
3/4/2009,0.9387,2.9745,3.6667,47.56,166.3,24.3,55.14,32.28,38.16,102.8073,624.5545
3/5/2009,0.8829,2.8115,3.4881,50.17,162.2,18.92,70.27,28.2,36.05,109.7109,629.8511
3/6/2009,0.947,2.8717,3.5536,49.33,159.2,18.92,70.27,28.47,36.15,109.6728,630.8299
3/9/2009,0.9551,2.8589,3.5665,49.68,160.5,18.92,70.27,27.56,35.68,111.1655,644.1073
3/10/2009,1.0276,3.0044,3.7253,44.37,153.4,18.92,70.27,40.44,40.75,109.7918,641.5629
3/11/2009,1.0117,2.9048,3.6614,43.61,147,18.92,70.27,40.91,40.94,110.7835,646.5223
3/12/2009,1.0038,2.8535,3.6106,41.18,146.3,27.64,54.47,48.15,44.15,112.9299,653.6492
3/13/2009,0.9558,2.8902,3.6729,42.36,143.8,27.64,54.47,49.47,44.76,112.7977,653.9786
3/16/2009,0.9964,2.9529,3.7577,43.74,140.9,27.64,54.47,48.85,44.53,108.4562,654.7143
3/17/2009,1.029,3.0066,3.8251,40.8,142.7,27.64,54.47,54.39,47.11,107.2139,653.3372
3/18/2009,0.8102,2.533,3.5322,40.06,142.9,27.64,54.47,57.7,48.75,108.9694,666.7037
3/19/2009,0.8587,2.6023,3.629,43.68,125.6,45.06,38.27,54.97,47.78,104.1253,668.7678
3/20/2009,0.8668,2.6344,3.6606,45.89,124,45.06,38.27,51.07,46.33,102.1964,670.5574
3/23/2009,0.8913,2.6523,3.6915,43.23,119,45.06,38.27,61.42,51.64,103.4538,670.7656
3/24/2009,0.9076,2.701,3.6386,42.93,119.3,45.06,38.27,57.38,50.06,102.0324,665.9048
3/25/2009,0.9541,2.7844,3.7407,42.25,118.3,45.06,38.27,58.73,50.78,104.4917,667.5646
3/26/2009,0.9066,2.7389,3.6518,40.36,120.5,39.13,42.39,61.91,52.52,109.1915,665.1073
3/27/2009,0.9066,2.7571,3.6124,41.04,117.9,39.13,42.39,57.65,50.86,109.3226,662.2929
3/30/2009,0.8434,2.7117,3.5985,45.54,116.9,39.13,42.39,51.27,48.22,108.0726,663.8284
3/31/2009,0.796,2.6629,3.5339,44.14,117.3,39.13,42.39,53.29,49.22,99.1028,656.7065
4/1/2009,0.8038,2.6539,3.5015,42.28,112.6,39.13,42.39,55.82,50.47,97.9074,660.6097
4/2/2009,0.8829,2.7662,3.5968,42.04,111.7,42.66,37.06,59.94,52.61,96.0016,653.3833
4/3/2009,0.9467,2.8853,3.6899,39.7,119.7,42.66,37.06,61.29,53.33,96.0094,650.4677
4/6/2009,0.9388,2.9223,3.7247,40.93,122.9,42.66,37.06,59.42,52.61,97.1257,644.7695
4/7/2009,0.9069,2.8965,3.7139,40.39,118.5,42.66,37.06,54.35,50.6,95.8677,641.3543
4/8/2009,0.923,2.8559,3.6686,38.85,119.7,42.66,37.06,56.29,51.53,96.327,639.4067
4/9/2009,0.9474,2.9207,3.7517,36.53,119.7,35.71,44.29,61.97,54.4,95.5774,634.9312
4/10/2009,0.9475,2.9226,3.7499,36.53,119.7,35.71,44.29,61.97,54.4,95.5775,634.7418
4/13/2009,0.8669,2.8579,3.7104,37.81,116.4,35.71,44.29,62.33,54.6,96.3893,623.2083
4/14/2009,0.8427,2.7845,3.6545,37.67,107.7,35.71,44.29,57.62,52.77,96.4665,615.5535
4/15/2009,0.8508,2.7644,3.6625,36.17,105.6,35.71,44.29,59.63,53.75,97.152,610.564
4/16/2009,0.8992,2.8303,3.714,35.79,109,44.14,35.86,62.07,54.97,98.5177,603.9654
4/17/2009,0.9643,2.9451,3.7981,33.94,115.8,44.14,35.86,62.85,55.36,97.2062,594.4871
4/20/2009,0.9075,2.8359,3.6891,39.18,115.1,44.14,35.86,52.7,51.33,97.8928,592.406
4/21/2009,0.932,2.8969,3.7392,37.14,115.8,44.14,35.86,56.31,53.01,95.8005,594.3071
4/22/2009,0.9565,2.9397,3.8036,38.1,120.2,44.14,35.86,54.65,52.33,96.8546,592.0318
4/23/2009,0.924,2.9193,3.7918,37.15,120.2,31.82,38.64,56.43,53.13,99.5538,586.0731
4/24/2009,0.957,2.9903,3.8813,36.82,125.8,31.82,38.64,59.35,54.5,97.6158,575.9713
4/27/2009,0.8749,2.9083,3.8294,38.32,125.8,31.82,38.64,56.85,53.52,96.9581,565.1724
4/28/2009,0.9461,3.0073,3.9537,37.95,122.6,31.82,38.64,56.16,53.25,92.2748,557.2726
4/29/2009,0.9541,3.1073,4.0275,36.08,120.7,31.82,38.64,60.23,55.08,93.6229,543.272
4/30/2009,0.8987,3.1187,4.0324,36.5,124.2,36.09,43.61,59.96,54.98,89.1503,514.1254
5/1/2009,0.9068,3.1533,4.0703,35.3,129.2,36.09,43.61,61.03,55.45,86.3873,509.6749
5/4/2009,0.9387,3.1514,4.048,34.53,127.8,36.09,43.61,67,58.32,82.836,503.8557
5/5/2009,0.9627,3.1592,4.0655,33.36,125.4,36.09,43.61,65.75,57.87,80.3666,494.0832
5/6/2009,0.9628,3.1612,4.0949,32.45,125.2,36.09,43.61,68.64,59.34,79.5226,485.8825
5/7/2009,0.9949,3.3341,4.3057,33.44,129.1,44.09,33.33,64.13,57.73,77.8742,466.5917
5/8/2009,0.9793,3.2856,4.2676,32.05,130.5,44.09,33.33,68.18,59.76,76.6083,465.4406
5/11/2009,0.891,3.1654,4.1847,32.87,124.7,44.09,33.33,61.36,57.16,75.9745,471.4629
5/12/2009,0.883,3.1727,4.1593,31.8,126.3,44.09,33.33,61.06,57.05,72.5076,471.7271
5/13/2009,0.8669,3.1195,4.099,33.65,126.2,44.09,33.33,53.51,53.98,71.7798,477.0493
5/14/2009,0.8427,3.0884,4.0483,31.37,123.5,43.81,35.24,55.72,54.92,70.224,484.1562
5/15/2009,0.8507,3.1341,4.0838,33.12,122.3,43.81,35.24,52.72,53.66,66.9433,471.5855
5/18/2009,0.9074,3.23,4.1984,30.24,122.1,43.81,35.24,58.99,56.39,62.7789,457.0004
5/19/2009,0.8831,3.243,4.2085,28.8,122.7,43.81,35.24,58.5,56.19,57.702,449.7012
5/20/2009,0.8343,3.1912,4.1438,29.03,122.6,43.81,35.24,56.99,55.58,54.8889,444.8808
5/21/2009,0.8587,3.3644,4.3125,31.35,129.8,33.72,45.35,52.27,53.64,48.5771,433.5631
5/22/2009,0.8831,3.4495,4.3836,32.63,147.2,33.72,45.35,51.86,53.47,48.6554,429.0503
5/25/2009,0.8831,3.4496,4.3836,32.63,147.2,33.72,45.35,51.86,53.47,48.6555,429.0435
5/26/2009,0.9159,3.5467,4.4912,30.62,146.1,33.72,45.35,58.03,56,49.3349,421.3291
5/27/2009,0.9779,3.7381,4.6319,32.36,163.8,33.72,45.35,52.65,53.76,51.8565,406.191
5/28/2009,0.9621,3.6122,4.4873,31.67,167.5,40.37,48.62,56.14,55.23,53.4637,408.7802
5/29/2009,0.9146,3.4594,4.3361,28.92,165.4,40.37,48.62,59.04,56.52,52.6432,398.0601
6/1/2009,0.9463,3.6726,4.5337,30.04,190.3,40.37,48.62,63.99,58.87,55.873,386.7413
6/2/2009,0.9464,3.6127,4.4824,29.63,183.9,40.37,48.62,64.36,59.05,52.0488,373.7273
6/3/2009,0.9068,3.5398,4.4453,31.02,162.9,40.37,48.62,59.82,57.25,51.5176,369.0232
6/4/2009,0.9546,3.7099,4.5785,30.18,169,47.56,36.59,62.19,58.33,49.2459,365.0099
6/5/2009,1.2923,3.8279,4.6331,29.62,183.4,47.56,36.59,61.32,57.99,45.4994,369.2056
6/8/2009,1.398,3.8736,4.6138,29.77,183,47.56,36.59,60.96,57.85,47.7569,368.6428
6/9/2009,1.3015,3.8559,4.6524,28.27,175.3,47.56,36.59,61.81,58.21,47.7094,361.4083
6/10/2009,1.3508,3.9455,4.762,28.46,178.4,47.56,36.59,60.4,57.71,46.6315,351.4483
6/11/2009,1.3189,3.8543,4.6965,28.11,171.7,39.25,39.25,62.03,58.36,45.8975,350.5735
6/12/2009,1.2638,3.7916,4.6443,28.15,171.8,39.25,39.25,62.41,58.51,45.9051,343.8421
6/15/2009,1.2236,3.7113,4.5606,30.81,166.5,39.25,39.25,52.66,54.96,46.4271,342.8672
6/16/2009,1.1833,3.6588,4.4727,32.68,167.2,39.25,39.25,48.41,53.21,44.9827,340.116
6/17/2009,1.1593,3.6882,4.51,31.54,170.1,39.25,39.25,47.96,53.02,44.9742,340.1835
6/18/2009,1.2495,3.8277,4.6038,30.03,187.3,33.33,46.43,50.93,54.04,43.6316,342.2302
6/19/2009,1.2018,3.7808,4.5041,27.99,182.3,33.33,46.43,52.03,54.42,44.3507,338.9194
6/22/2009,1.1284,3.681,4.4376,31.17,173.2,33.33,46.43,42.03,50.18,42.7421,339.901
6/23/2009,1.0959,3.6208,4.3569,30.58,173.1,33.33,46.43,42.89,50.47,41.4768,343.9191
6/24/2009,1.1964,3.6851,4.427,29.05,164.9,33.33,46.43,45.38,51.31,42.3827,342.4857
6/25/2009,1.125,3.5398,4.3341,26.36,161,28,48.8,52.71,53.97,43.5919,346.0153
6/26/2009,1.1092,3.5363,4.336,25.93,159,28,48.8,52.18,53.76,42.5068,342.3728
6/29/2009,1.0933,3.4768,4.287,25.35,158.4,28,48.8,55.16,54.89,42.1405,346.3183
6/30/2009,1.1091,3.5326,4.3294,26.35,162.5,28,48.8,51.86,53.6,41.749,338.7397
7/1/2009,1.0377,3.5365,4.3285,26.22,161.6,28,48.8,53.38,54.16,42.5212,337.3451
7/2/2009,0.9815,3.4946,4.3181,27.95,149.1,37.84,44.59,43.44,49.95,42.1303,335.5435
7/3/2009,0.9813,3.4985,4.3209,27.95,149.1,37.84,44.59,43.44,49.95,40.5598,335.1508
7/6/2009,0.9412,3.5063,4.3579,29,148.1,37.84,44.59,44.39,50.29,39.5993,334.3729
7/7/2009,0.9651,3.4544,4.3086,30.85,138.6,37.84,44.59,38.95,47.69,35.6946,336.5555
7/8/2009,0.909,3.3081,4.1935,31.3,136.5,37.84,44.59,38.53,47.48,34.952,338.1901
7/9/2009,0.9247,3.403,4.3002,29.78,136.5,27.91,54.65,40.02,47.99,33.4521,337.6997
7/10/2009,0.8998,3.3026,4.1989,29.02,135.9,27.91,54.65,38.86,47.45,33.7642,338.741
7/13/2009,0.8995,3.35,4.2321,26.31,137.8,27.91,54.65,48.69,50.95,33.3905,337.0029
7/14/2009,0.9394,3.4703,4.3741,25.02,145,27.91,54.65,50.56,51.68,33.765,330.968
7/15/2009,1.0117,3.6038,4.4886,25.89,151.8,27.91,54.65,59.47,55.51,33.827,324.619
7/16/2009,0.9793,3.5689,4.4475,25.42,148.9,28.68,47.06,61.7,56.58,34.4669,323.1057
7/17/2009,0.9868,3.6433,4.535,24.34,156.3,28.68,47.06,61.53,56.51,34.1465,317.6719
7/20/2009,0.9703,3.6063,4.5142,24.4,149.7,28.68,47.06,64.55,57.95,34.1701,309.369
7/21/2009,0.9213,3.4824,4.3905,23.87,143.9,28.68,47.06,65.48,58.41,32.1561,306.7578
7/22/2009,0.9373,3.5443,4.4465,23.47,144.4,28.68,47.06,65.21,58.31,32.1327,302.5667
7/23/2009,1.0105,3.6555,4.55,23.43,147.3,37.6,42.4,70.91,61.21,32.3197,302.449
7/24/2009,0.9936,3.6578,4.5391,23.09,143.6,37.6,42.4,71.58,61.58,32.4374,295.2159
7/27/2009,1.0344,3.7189,4.6256,24.28,143.1,37.6,42.4,72.26,61.95,31.0627,291.1051
7/28/2009,1.0755,3.6856,4.5491,25.01,140.2,37.6,42.4,70.67,61.42,30.8666,288.4407
7/29/2009,1.1585,3.6582,4.5074,25.61,139.6,37.6,42.4,67.86,60.47,30.9991,289.1785
7/30/2009,1.1665,3.6074,4.4107,25.4,139.1,47.67,31.4,71.07,62.04,30.7651,284.2569
7/31/2009,1.1113,3.4796,4.2983,25.92,138.5,47.67,31.4,71.27,62.14,30.3904,275.0443
8/3/2009,1.1833,3.6333,4.404,25.56,141.1,47.67,31.4,75.02,64.12,30.1478,268.6669
8/4/2009,1.1996,3.6845,4.4632,24.89,141,47.67,31.4,75.7,64.5,29.312,265.5455
8/5/2009,1.2079,3.7459,4.5492,24.9,145.4,47.67,31.4,73.61,63.82,29.265,262.4059
8/6/2009,1.2001,3.7501,4.5333,25.67,147.7,50,35.16,69.61,62.5,29.9049,256.9947
8/7/2009,1.2977,3.8502,4.6045,24.76,153.4,50,35.16,73.32,64.31,29.0847,254.9793
8/10/2009,1.2335,3.7765,4.5313,24.99,149.1,50,35.16,70.96,63.51,30.1539,250.3516
8/11/2009,1.1691,3.6677,4.436,25.99,149.9,50,35.16,62.78,60.57,27.89,257.2272
8/12/2009,1.1532,3.7172,4.5373,25.45,147.5,50,35.16,66.52,62.2,27.9284,253.2767
8/13/2009,1.0887,3.595,4.4273,24.71,145.8,51,33,68.57,63.15,27.2639,255.5018
8/14/2009,1.0485,3.5688,4.4206,24.27,144.7,51,33,63.35,61.16,26.3036,251.1194
8/17/2009,1.0081,3.4684,4.3242,27.89,144.2,51,33,51.45,56.02,26.3892,260.1585
8/18/2009,1.0243,3.5092,4.3527,26.18,136.7,51,33,55.15,57.52,24.749,264.0849
8/19/2009,0.9837,3.4517,4.2914,26.26,136,51,33,57.53,58.53,26.1536,266.8315
8/20/2009,0.9837,3.4313,4.2426,25.09,131.9,34.07,40,61.11,60.1,25.474,266.867
8/21/2009,1.0899,3.5649,4.3748,25.01,132.3,34.07,40,66.35,62.61,23.6933,254.5092
8/24/2009,1.0163,3.4755,4.2659,25.14,131.1,34.07,40,66.07,62.49,23.4742,254.4486
8/25/2009,1.0081,3.4348,4.2228,24.92,130.1,34.07,40,66.74,62.82,22.4814,253.5241
8/26/2009,1.0475,3.4329,4.1951,24.95,125.5,34.07,40,66.77,62.83,22.6841,252.7141
8/27/2009,1.0396,3.4531,4.2236,24.68,125.4,33.98,48.54,67.64,63.23,22.0665,250.6851
8/28/2009,1.0158,3.4456,4.2004,24.76,129.1,33.98,48.54,66.3,62.73,21.058,245.44
8/31/2009,0.9683,3.3975,4.1782,26.01,130.7,33.98,48.54,61.01,60.72,22.0726,244.2473
9/1/2009,0.9049,3.3625,4.1923,29.15,135,33.98,48.54,49.46,55.68,20.5574,244.7495
9/2/2009,0.8969,3.3056,4.1201,28.9,137.6,33.98,48.54,48.04,55,20.1195,245.4364
9/3/2009,0.9126,3.344,4.1604,27.1,134.1,37.97,37.97,51.89,56.43,20.0177,243.5991
9/4/2009,0.9281,3.4378,4.2666,25.26,127.6,37.97,37.97,57.2,58.55,18.8621,240.2203
9/7/2009,0.928,3.4415,4.2693,25.26,127.6,37.97,37.97,57.2,58.55,18.1976,239.8546
9/8/2009,0.936,3.4823,4.3184,25.62,123.2,37.97,37.97,60.4,59.93,18.0179,234.7676
9/9/2009,0.9198,3.4711,4.3285,24.32,114.6,37.97,37.97,63.06,61.12,16.3797,234.8881
9/10/2009,0.8797,3.3472,4.1984,23.55,117.4,37.33,44,66.33,62.66,16.2769,236.2814
9/11/2009,0.9033,3.347,4.1797,24.15,114.7,37.33,44,65.51,62.32,16.4109,233.3024
9/14/2009,0.9193,3.4208,4.2287,23.86,116.5,37.33,44,67.53,63.28,16.5183,227.9241
9/15/2009,0.9353,3.4541,4.2656,23.42,119.6,37.33,44,68.52,63.75,16.8632,225.588
9/16/2009,0.9838,3.469,4.2574,23.69,123.7,37.33,44,72.89,65.97,19.0465,223.1037
9/17/2009,0.9351,3.3836,4.1655,23.65,121.8,42.14,40,70.74,65.13,20.4667,222.6418
9/18/2009,0.9918,3.4632,4.2169,23.92,121.4,42.14,40,71.52,65.52,21.0282,221.6796
9/21/2009,0.9836,3.4799,4.2348,24.06,118.4,42.14,40,68.97,64.55,20.5211,220.0053
9/22/2009,0.951,3.4445,4.1964,23.08,118,42.14,40,71.11,65.56,18.8273,220.5504
9/23/2009,0.9605,3.4184,4.1973,23.49,111.9,42.14,40,63.82,62.72,19.3729,219.1573
9/24/2009,0.9368,3.3813,4.1724,24.95,109.8,39.09,44.55,57.87,60.2,19.3888,219.8695
9/25/2009,0.9842,3.3184,4.09,25.61,110.7,39.09,44.55,54.39,58.65,18.6158,224.1637
9/28/2009,0.9684,3.2797,4.0322,24.88,109.9,39.09,44.55,61.6,61.62,19.6302,227.0295
9/29/2009,0.9921,3.2906,4.0176,25.19,115.2,39.09,44.55,60.29,61.04,16.9001,227.9367
9/30/2009,0.9446,3.3053,4.0501,25.61,113.8,39.09,44.55,58.31,60.17,17.9379,225.4745
10/1/2009,0.8654,3.179,3.9557,28.27,112.6,43.55,35.48,45.78,54.03,19.0066,230.0989
10/2/2009,0.8648,3.2188,3.9962,28.68,107.8,43.55,35.48,44.05,53.07,19.5833,232.1221
10/5/2009,0.8726,3.2205,4.0158,26.84,105.7,43.55,35.48,50.67,55.73,19.5833,230.9492
10/6/2009,0.9043,3.2552,4.0664,25.7,107.2,43.55,35.48,55.92,58.03,21.5104,229.4821
10/7/2009,0.8563,3.182,4.0021,24.68,105.1,43.55,35.48,56.92,58.48,22.658,228.7988
10/8/2009,0.88,3.2477,4.088,24.18,101.8,35.09,41.23,59.61,59.71,22.658,227.2332
10/9/2009,0.9597,3.3802,4.2229,23.12,114.7,35.09,41.23,61.59,60.63,22.0495,222.9786
10/12/2009,0.9597,3.3783,4.2282,23.01,114.7,35.09,41.23,63.1,61.34,22.3538,223.1704
10/13/2009,0.9033,3.3468,4.1996,22.99,111.1,35.09,41.23,61.44,60.62,22.5566,218.324
10/14/2009,0.9112,3.4136,4.2634,22.86,115.4,35.09,41.23,67.29,63.42,21.8146,218.6396
10/15/2009,0.9434,3.4565,4.3024,21.72,117.8,47.3,33.78,68.52,64.05,23.1331,217.3464
10/16/2009,0.9513,3.4115,4.2443,21.43,117.4,47.3,33.78,63.46,61.87,22.7275,217.847
10/19/2009,0.9593,3.3891,4.1995,21.49,114.7,47.3,33.78,66.53,63.36,22.2538,218.0896
10/20/2009,0.9186,3.3407,4.1657,20.9,108.9,47.3,33.78,62.73,61.69,20.8088,214.9275
10/21/2009,0.951,3.3853,4.2075,22.22,111.9,47.3,33.78,57.72,59.41,21.9555,216.4736
10/22/2009,0.9347,3.4132,4.2362,20.69,111.2,40.48,35.71,61.65,61.18,23.8588,212.6811
10/23/2009,0.9999,3.49,4.2923,22.27,113.4,40.48,35.71,55.26,58.15,23.1179,208.0039
10/26/2009,1.0246,3.5542,4.3649,24.31,118.5,40.48,35.71,49.96,55.45,23.0944,205.5834
10/27/2009,0.926,3.4448,4.2759,24.83,114.1,40.48,35.71,48.55,54.71,20.9645,207.5225
10/28/2009,0.9366,3.4148,4.2587,27.91,113.3,40.48,35.71,41.23,50.63,22.1816,207.5247
10/29/2009,0.9762,3.4974,4.3353,24.76,116.6,33.65,42.31,50.34,54.59,23.2972,205.263
10/30/2009,0.8891,3.3828,4.2253,30.69,113.5,33.65,42.31,41.51,49.37,23.6014,208.7236
11/2/2009,0.9127,3.4145,4.2604,29.78,113.7,33.65,42.31,43.88,50.47,24.0849,207.5499
11/3/2009,0.9126,3.4652,4.3288,28.81,114,33.65,42.31,44.79,50.88,23.757,207.484
11/4/2009,0.8966,3.5237,4.3993,27.72,116.2,33.65,42.31,45.2,51.07,23.3898,204.6339
11/5/2009,0.8726,3.5236,4.3984,25.43,112.7,22.22,55.56,52.3,54.32,24.1849,201.6363
11/6/2009,0.8401,3.4971,4.3974,24.19,105,22.22,55.56,53.17,54.73,23.2486,200.2939
11/9/2009,0.8479,3.4857,4.3993,23.15,99.9,22.22,55.56,60.12,58.21,22.8898,199.431
11/10/2009,0.8234,3.4724,4.4124,22.84,95.7,22.22,55.56,60.09,58.2,21.47,199.7596
11/11/2009,0.8232,3.4831,4.4124,23.04,95.7,22.22,55.56,61.61,58.98,21.6728,198.6883
11/12/2009,0.8071,3.4438,4.3909,24.24,102.2,38.6,38.6,56.82,56.73,22.1799,198.6165
11/13/2009,0.8063,3.4177,4.3516,23.36,97.2,38.6,38.6,58.73,57.66,22.0785,198.2268
11/16/2009,0.7658,3.3343,4.2737,22.89,92.5,38.6,38.6,63.19,59.9,21.5479,197.5744
11/17/2009,0.7574,3.3232,4.2572,22.41,91.2,38.6,38.6,63.47,60.04,21.6567,197.6843
11/18/2009,0.7409,3.3638,4.2976,21.63,89.1,38.6,38.6,63.21,59.93,24.8781,196.6164
11/19/2009,0.7001,3.3361,4.2774,22.63,86.9,42.73,31.82,56.15,56.81,26.149,197.3949
11/20/2009,0.7232,3.3656,4.2948,22.19,87.3,42.73,31.82,54.6,56.09,25.712,195.4354
11/23/2009,0.7228,3.3489,4.2764,21.16,87.7,42.73,31.82,59.67,58.38,25.1741,197.1056
11/24/2009,0.7263,3.3027,4.2462,20.47,83.7,42.73,31.82,59.38,58.25,23.0211,198.7304
11/25/2009,0.7421,3.2695,4.2334,20.48,82.8,42.73,31.82,61.06,59.02,22.1155,203.053
11/26/2009,0.7421,3.2694,4.2352,20.48,82.8,41.66,41.66,61.06,59.02,21.9905,203.0626
11/27/2009,0.6791,3.2051,4.1998,24.74,88.9,41.66,41.66,52.14,55.02,24.0421,199.4873
11/30/2009,0.6632,3.1978,4.1917,24.51,86.1,41.66,41.66,53.71,55.69,20.9916,199.2238
12/1/2009,0.671,3.2822,4.2735,21.92,87.5,41.66,41.66,58.43,57.78,21.475,194.7787
12/2/2009,0.7183,3.3099,4.2515,21.12,88.1,41.66,41.66,58.55,57.83,21.6469,195.0104
12/3/2009,0.7183,3.3842,4.3318,22.46,93.1,41.58,33.66,54.07,55.86,21.8807,190.5843
12/4/2009,0.8297,3.4722,4.3947,21.25,95.3,41.58,33.66,56.41,56.85,21.8029,188.7822
12/7/2009,0.758,3.429,4.3843,22.1,89.8,41.58,33.66,55.05,56.26,24.1351,187.0992
12/8/2009,0.7181,3.3804,4.3739,23.69,86.1,41.58,33.66,49.71,53.86,23.5661,183.9599
12/9/2009,0.742,3.4328,4.4184,22.66,90,41.58,33.66,51.51,54.57,23.4911,179.7231
12/10/2009,0.766,3.4967,4.5058,22.32,90.9,42.68,35.37,54.31,55.7,23.3971,175.3253
12/11/2009,0.7982,3.5498,4.5009,21.59,94,42.68,35.37,56.05,56.41,23.3351,171.0169
12/14/2009,0.8467,3.548,4.4816,21.15,93.3,42.68,35.37,59.22,57.73,23.3471,170.2033
12/15/2009,0.8468,3.5861,4.5214,21.49,96.8,42.68,35.37,55.74,56.31,21.288,163.395
12/16/2009,0.8308,3.5975,4.5243,20.54,94.4,42.68,35.37,56.3,56.53,22.0289,159.2462
12/17/2009,0.75,3.478,4.4164,22.51,92.6,42.11,28.42,49.29,53.56,21.6877,161.1986
12/18/2009,0.7906,3.5368,4.4575,21.68,93.8,42.11,28.42,52.4,54.76,21.4747,159.3228
12/21/2009,0.8558,3.6745,4.5586,20.49,102.6,42.11,28.42,57.5,56.85,20.7176,154.5519
12/22/2009,0.9049,3.7538,4.61,19.54,107.7,42.11,28.42,59.12,57.55,17.8779,151.621
12/23/2009,0.9215,3.7481,4.607,19.71,102.4,42.11,28.42,60.17,58,19.6887,152.1947
12/24/2009,0.9637,3.8029,4.6833,19.47,105,37.68,37.68,62.55,59.04,21.1085,151.7118
12/25/2009,0.964,3.803,4.6834,19.47,105,37.68,37.68,62.55,59.04,21.1085,151.7022
12/28/2009,1.0387,3.8402,4.6894,19.93,108.2,37.68,37.68,63.08,59.27,19.4859,150.9762
12/29/2009,1.0792,3.7972,4.637,20.01,108.9,37.68,37.68,61.95,58.86,16.8488,152.2783
12/30/2009,1.0792,3.7856,4.6091,19.96,104.4,37.68,37.68,62.05,58.9,21.007,150.4393
12/31/2009,1.1354,3.8368,4.6411,21.68,107.5,49.18,22.95,53.98,55.9,20.2972,147.3163
1/1/2010,1.1356,3.835,4.6281,21.68,107.5,49.18,22.95,53.98,55.9,19.4859,147.502
1/4/2010,1.0638,3.8155,4.6431,20.04,106.4,49.18,22.95,62.32,59.29,19.9623,149.4514
1/5/2010,1.008,3.7608,4.6091,19.35,102.5,49.18,22.95,63.72,59.92,19.1657,142.9192
1/6/2010,0.992,3.8215,4.6875,19.16,106.9,49.18,22.95,63.97,60.03,20.1327,135.8538
1/7/2010,1.024,3.8235,4.6855,19.06,104.4,41,26,65.85,60.86,20.5778,134.6476
1/8/2010,0.9759,3.8297,4.715,18.13,96.3,41,26,67.19,61.46,21.1705,131.0285
1/11/2010,0.9357,3.818,4.7314,17.55,93,41,26,68,61.83,23.0971,130.1954
1/12/2010,0.9034,3.7108,4.6171,18.25,92.7,41,26,59.42,58.71,21.2718,133.9181
1/13/2010,0.9597,3.7908,4.712,17.85,95.5,41,26,63.75,60.52,20.2577,131.9183
1/14/2010,0.9193,3.7382,4.6271,17.63,91.1,47.44,26.92,64.94,61.04,20.0549,131.1801
1/15/2010,0.8621,3.6744,4.5814,17.91,89.8,47.44,26.92,56.11,57.54,19.9535,133.5597
1/18/2010,0.8619,3.6745,4.5814,17.91,89.8,47.44,26.92,56.11,57.54,19.5007,133.5529
1/19/2010,0.8862,3.6919,4.5873,17.58,87.9,47.44,26.92,62.4,60.24,20.5398,135.8075
1/20/2010,0.8698,3.6474,4.5342,18.68,88.3,47.44,26.92,55.1,57.02,20.325,137.256
1/21/2010,0.829,3.5858,4.4932,22.27,87.5,40,34.74,45.06,51.94,21.0349,139.4191
1/22/2010,0.7875,3.6071,4.5312,27.31,88.3,40,34.74,36.78,46.98,20.5458,139.2867
1/25/2010,0.8117,3.6265,4.5469,25.41,88.1,40,34.74,39.23,48.03,20.5148,142.3517
1/26/2010,0.8033,3.6188,4.5528,24.55,88.8,40,34.74,37.78,47.14,18.7907,138.1184
1/27/2010,0.9146,3.6479,4.5627,23.14,86.3,40,34.74,40.51,48.28,17.9794,136.2123
1/28/2010,0.8592,3.6344,4.5489,23.73,87.9,35,36.67,36.34,45.8,17.9794,136.5608
1/29/2010,0.8118,3.5844,4.4884,24.62,86.3,35,36.67,33.3,43.89,18.0104,134.5635
2/1/2010,0.8512,3.6501,4.5617,22.59,85.3,35,36.67,40.94,47.17,16.4891,135.9867
2/2/2010,0.8512,3.6405,4.5588,21.48,83.7,35,36.67,46.97,49.96,16.3096,133.9495
2/3/2010,0.875,3.7047,4.6383,21.6,90,35,36.67,44.86,48.82,16.1847,131.5278
2/4/2010,0.8035,3.6058,4.5499,26.08,90.9,29.23,43.08,35.23,43.07,16.458,135.4207
2/5/2010,0.7633,3.5654,4.5186,26.11,89.1,29.23,43.08,36.55,43.69,16.4506,139.4571
2/8/2010,0.7632,3.5597,4.4972,26.51,88,29.23,43.08,34.24,42.23,16.0759,145.0304
2/9/2010,0.827,3.6448,4.5835,26,88.1,29.23,43.08,40.18,45,15.3657,142.5174
2/10/2010,0.875,3.6897,4.6364,25.4,90.2,29.23,43.08,39.51,44.61,15.0614,142.0346
2/11/2010,0.8669,3.7155,4.6646,23.96,89.2,36.75,41.88,43.85,46.65,15.6701,141.451
2/12/2010,0.8265,3.6928,4.6463,22.73,87,36.75,41.88,42.9,46.15,16.2788,137.721
2/15/2010,0.8265,3.6909,4.6493,22.73,87,36.75,41.88,42.9,46.15,16.2788,137.9095
2/16/2010,0.8022,3.6569,4.6318,22.25,85.5,36.75,41.88,50.45,49.8,16.3802,141.3053
2/17/2010,0.8426,3.7307,4.6972,21.72,85.9,36.75,41.88,52.09,50.63,16.3417,138.9322
2/18/2010,0.9236,3.8012,4.7309,20.63,87.2,35.85,35.22,54.6,51.92,14.4764,134.8848
2/19/2010,0.9157,3.7726,4.7031,20.02,84.9,35.85,35.22,55.45,52.35,15.7627,134.7402
2/22/2010,0.8831,3.7955,4.7269,19.94,81.4,35.85,35.22,54.92,52.12,16.8021,130.4465
2/23/2010,0.826,3.6834,4.6298,21.37,83.9,35.85,35.22,49.12,49.51,14.7482,131.6629
2/24/2010,0.8592,3.6909,4.6356,20.27,83.2,35.85,35.22,53.33,51.5,14.241,130.9056
2/25/2010,0.8197,3.6324,4.5748,20.1,82.2,34.89,29.53,52.32,51.05,13.7338,132.7583
2/26/2010,0.8118,3.6117,4.5566,19.5,81.2,34.89,29.53,52.97,51.35,13.7089,132.831
3/1/2010,0.7959,3.6079,4.5576,19.26,79.4,34.89,29.53,57.46,53.46,12.8974,136.2083
3/2/2010,0.7879,3.6041,4.5671,19.06,78.4,34.89,29.53,58.45,53.94,13.2265,134.5856
3/3/2010,0.8036,3.6173,4.5853,18.83,78.9,34.89,29.53,58.64,54.03,11.7047,134.27
3/4/2010,0.8511,3.6022,4.5556,18.72,76.1,35.86,26.21,60.35,54.83,11.7298,133.7763
3/5/2010,0.891,3.6796,4.6423,17.42,78.9,35.86,26.21,66.05,57.68,11.0623,131.037
3/8/2010,0.891,3.7157,4.6863,17.79,77.6,35.86,26.21,65.92,57.64,10.9214,126.4276
3/9/2010,0.867,3.7005,4.6755,17.92,76.3,35.86,26.21,66.61,57.99,11.0461,126.9478
3/10/2010,0.899,3.7215,4.6912,18.57,75.9,35.86,26.21,68.43,58.93,11.0591,125.8538
3/11/2010,0.9473,3.7272,4.6667,18.06,75.6,45.29,25.29,70.01,59.76,11.1992,126.2807
3/12/2010,0.9476,3.7006,4.6248,17.58,76.4,45.29,25.29,69.8,59.69,11.5198,127.9431
3/15/2010,0.9396,3.6949,4.6267,18,77.3,45.29,25.29,70,59.79,11.2594,126.5129
3/16/2010,0.9073,3.6493,4.5871,17.69,76.9,45.29,25.29,73.2,61.46,10.5694,126.0678
3/17/2010,0.9154,3.6361,4.566,16.91,74.1,45.29,25.29,75.34,62.66,11.9312,126.3933
3/18/2010,0.9561,3.6759,4.591,16.62,75.9,35.37,29.88,74.98,62.55,12.5962,125.4118
3/19/2010,0.989,3.6892,4.5794,16.97,79.4,35.37,29.88,69.36,60.76,13.3478,126.0787
3/22/2010,0.9647,3.6588,4.5679,16.87,78.5,35.37,29.88,71.64,61.88,14.4961,128.1198
3/23/2010,0.973,3.6854,4.6054,16.35,78.6,35.37,29.88,74.53,63.41,15.8782,125.4579
3/24/2010,1.0871,3.8524,4.7318,17.55,90.1,35.37,29.88,68.72,61.44,15.2047,120.7573
3/25/2010,1.0792,3.8777,4.7577,18.4,89.5,32.39,34.66,66.98,60.84,15.7991,121.2335
3/26/2010,1.0396,3.8468,4.7457,17.77,87.4,32.39,34.66,67.37,61.01,15.3859,120.3196
3/29/2010,1.0396,3.8643,4.7677,17.59,87.1,32.39,34.66,70.24,62.33,16.4371,116.5711
3/30/2010,1.0554,3.8566,4.7457,17.13,86.2,32.39,34.66,70.26,62.34,14.5841,117.3418
3/31/2010,1.0158,3.8257,4.7129,17.59,85.3,32.39,34.66,66.34,61.06,14.1388,116.4346
4/1/2010,1.0558,3.8685,4.7278,17.47,89.8,41.3,31.16,70.36,62.84,13.9362,115.1526
4/2/2010,1.1038,3.9446,4.806,17.47,90.1,41.3,31.16,70.36,62.84,13.4289,114.541
4/5/2010,1.168,3.9859,4.8395,17.02,90.1,41.3,31.16,73.96,64.63,13.1246,114.4143
4/6/2010,1.136,3.9505,4.8324,16.23,88.6,41.3,31.16,74.67,65,13.1577,115.9466
4/7/2010,1.048,3.8531,4.7377,16.62,92.2,41.3,31.16,67.72,62.61,13.4992,114.6914
4/8/2010,1.0641,3.8901,4.7527,16.48,90.3,42.86,30.36,69.47,63.4,13.8816,112.9907
4/9/2010,1.0563,3.8825,4.7397,16.14,89.8,42.86,30.36,72.64,64.94,15.0745,112.7533
4/12/2010,1.0322,3.8417,4.6961,15.58,88.2,42.86,30.36,73.43,65.34,16.552,111.8325
4/13/2010,1.0484,3.8204,4.6813,16.2,86.7,42.86,30.36,73.75,65.5,15.7771,110.9617
4/14/2010,1.0484,3.8593,4.7298,15.59,85.3,42.86,30.36,78.3,67.96,15.3638,110.0738
4/15/2010,1.008,3.8321,4.7149,15.89,83.9,48.48,29.7,78.6,68.14,15.4269,108.7895
4/16/2010,0.9513,3.7626,4.6705,18.36,82.9,48.48,29.7,60.93,61.32,15.4186,107.745
4/19/2010,0.9756,3.7974,4.6941,17.34,82.3,48.48,29.7,63.38,62.39,15.926,109.2627
4/20/2010,1.0081,3.7993,4.6734,15.73,78.3,48.48,29.7,67.32,64.24,16.6209,107.0653
4/21/2010,0.9918,3.7356,4.6159,16.32,79.9,48.48,29.7,66.34,63.82,16.7771,107.4359
4/22/2010,1.0244,3.7723,4.6363,16.47,80.1,38.12,34.25,67.47,64.35,16.5669,105.7674
4/23/2010,1.0656,3.8092,4.6597,16.62,85.2,38.12,34.25,70.81,65.96,17.0521,107.0762
4/26/2010,1.0492,3.8054,4.6646,17.47,83,38.12,34.25,66.36,64.14,17.3641,106.4604
4/27/2010,0.9506,3.6877,4.5763,22.81,88.9,38.12,34.25,48.55,55.54,18.7844,108.232
4/28/2010,1.0237,3.7628,4.6265,21.08,87.2,38.12,34.25,52.27,57.14,18.5669,111.7156
4/29/2010,1,3.7243,4.5888,18.44,83.3,41.36,28.64,58.75,60.14,19.224,109.5741
4/30/2010,0.9603,3.6532,4.5172,22.05,85.5,41.36,28.64,49.35,54.96,19.2392,109.6793
5/3/2010,0.992,3.682,4.5266,20.19,83.6,41.36,28.64,55.32,57.87,18.6305,114.8008
5/4/2010,0.9363,3.5902,4.4123,23.84,88.7,41.36,28.64,44.84,51.53,19.693,116.9835
5/5/2010,0.8567,3.5388,4.3847,24.91,95.8,41.36,28.64,42.51,50,21.4107,121.1164
5/6/2010,0.7849,3.3938,4.2003,32.8,116.7,39.13,28.57,33.36,43.49,26.9133,128.6211
5/7/2010,0.808,3.4255,4.2749,40.95,112.6,39.13,28.57,30.17,40.96,30.8457,142.4509
5/10/2010,0.8637,3.5406,4.4104,28.84,104.4,39.13,28.57,45.95,49.54,27.6214,132.9373
5/11/2010,0.8315,3.5235,4.4197,28.32,96.8,39.13,28.57,45.06,48.95,27.5742,140.6471
5/12/2010,0.8633,3.571,4.4803,25.52,93.2,39.13,28.57,49.3,51.38,28.0078,135.8976
5/13/2010,0.823,3.5261,4.4271,26.68,89.5,36.6,36.6,45.89,49.2,28.0696,136.386
5/14/2010,0.782,3.4534,4.3357,31.24,99.8,36.6,36.6,41.19,46.12,30.0024,133.6568
5/17/2010,0.7978,3.4869,4.359,30.84,96.6,36.6,36.6,41.56,46.32,30.8877,133.3087
5/18/2010,0.7249,3.3462,4.2289,33.55,97.2,36.6,36.6,38.22,44.14,30.4431,141.3842
5/19/2010,0.773,3.3682,4.2435,35.32,98.1,36.6,36.6,37.07,43.38,31.5212,144.1787
5/20/2010,0.7079,3.2126,4.0878,45.79,110.9,41.3,33.7,29.81,38.27,32.8876,155.7382
5/21/2010,0.7636,3.2379,4.0991,40.1,108.7,41.3,33.7,34.9,40.94,34.4742,154.2127
5/24/2010,0.7226,3.1942,4.0842,38.32,107.1,41.3,33.7,32.67,39.4,36.4654,164.584
5/25/2010,0.7548,3.1578,4.057,34.61,112.7,41.3,33.7,32.79,39.46,38.3094,170.2155
5/26/2010,0.8132,3.1886,4.0921,35.02,109.9,41.3,33.7,31.78,38.79,37.7552,172.144
5/27/2010,0.8765,3.3605,4.2553,29.68,111.5,29.83,50.88,42.8,44.46,37.8182,165.948
5/28/2010,0.7658,3.2922,4.2088,32.07,112.1,29.83,50.88,40.09,42.86,38.1068,166.7762
5/31/2010,0.7658,3.2848,4.2043,32.07,112.1,29.83,50.88,40.09,42.86,38.4113,167.5156
6/1/2010,0.7658,3.2591,4.179,35.54,110.3,29.83,50.88,36.66,40.79,39.0201,172.0865
6/2/2010,0.8055,3.34,4.2388,30.17,105.2,29.83,50.88,44.25,44.87,39.7535,171.0027
6/3/2010,0.8135,3.3639,4.2698,29.46,104.3,37.09,40.85,45.39,45.5,40.2918,168.606
6/4/2010,0.7261,3.2023,4.1299,35.48,106.4,37.09,40.85,38.24,41.36,41.5873,169.774
6/7/2010,0.7101,3.1422,4.0813,36.57,106.1,37.09,40.85,35.93,39.93,43.0705,176.7767
6/8/2010,0.742,3.1857,4.1103,33.7,108.7,37.09,40.85,39.11,41.6,43.0393,175.4278
6/9/2010,0.718,3.1729,4.1103,33.73,106.6,37.09,40.85,38,40.95,44.6304,179.7089
6/10/2010,0.782,3.3193,4.2332,30.57,103.3,34.48,43.1,46.12,45.28,45.6327,176.0682
6/11/2010,0.7259,3.2346,4.1493,28.79,105.9,34.48,43.1,47.26,45.91,46.8104,175.5368
6/14/2010,0.7258,3.2529,4.1789,28.58,102.9,34.48,43.1,46.82,45.68,48.6359,176.7111
6/15/2010,0.75,3.3025,4.2195,25.87,99.6,34.48,43.1,52.95,49.03,46.7955,175.7524
6/16/2010,0.7258,3.2601,4.1816,25.92,96,34.48,43.1,52.79,48.95,44.9698,177.9894
6/17/2010,0.7015,3.1887,4.1217,25.05,95.2,42.45,30.66,53.14,49.14,45.2037,176.1335
6/18/2010,0.7094,3.2195,4.1439,23.95,94.4,42.45,30.66,53.52,49.33,44.3877,173.0491
6/21/2010,0.7093,3.2414,4.1626,24.88,87.8,42.45,30.66,52.18,48.76,43.0881,167.8565
6/22/2010,0.6768,3.1664,4.1004,27.05,85.9,42.45,30.66,46.94,46.44,42.5676,170.3609
6/23/2010,0.6723,3.119,4.06,26.91,85.2,42.45,30.66,46.03,46.03,41.8575,171.0969
6/24/2010,0.6802,3.1371,4.1039,29.74,85.4,34.46,32.43,41.2,43.77,41.6501,171.2899
6/25/2010,0.6486,3.1078,4.0625,28.53,84.7,34.46,32.43,42.29,44.24,40.7916,174.2229
6/28/2010,0.625,3.021,4.0009,29,84.2,34.46,32.43,41.69,43.97,39.855,174.905
6/29/2010,0.5935,2.9491,3.9316,34.13,89.8,34.46,32.43,33.89,40.06,39.6078,182.0902
6/30/2010,0.6014,2.9311,3.8885,34.54,89.7,34.46,32.43,31.86,38.93,36.3534,184.8894
7/1/2010,0.625,2.947,3.8944,32.86,93.8,24.68,41.99,31.22,38.58,36.7979,184.2952
7/2/2010,0.625,2.977,3.9425,30.12,88.2,24.68,41.99,30.28,38.06,37.3375,184.3015
7/5/2010,0.625,2.9733,3.9425,30.12,88.2,24.68,41.99,30.28,38.06,37.0996,184.6729
7/6/2010,0.6091,2.9302,3.89,29.65,82.6,24.68,41.99,32.77,39.03,37.0876,183.9841
7/7/2010,0.625,2.9803,3.9569,26.84,86.3,24.68,41.99,45.16,44.32,38.2812,181.9672
7/8/2010,0.617,3.0306,4.0119,25.71,85.5,20.94,57.07,48.33,45.83,38.2462,177.9372
7/9/2010,0.625,3.052,4.0361,24.98,85.1,20.94,57.07,50.71,46.97,38.1774,176.8007
7/12/2010,0.649,3.0628,4.0561,24.43,82.2,20.94,57.07,50.96,47.09,38.8641,172.7244
7/13/2010,0.6651,3.1208,4.1063,24.56,80.3,20.94,57.07,55.98,49.55,38.3945,169.9168
7/14/2010,0.6009,3.0426,4.0282,24.89,79,20.94,57.07,55.92,49.52,38.0591,169.7381
7/15/2010,0.6008,2.9937,3.9859,25.14,78.1,39.37,37.8,56.33,49.72,37.7623,170.6256
7/16/2010,0.5846,2.9215,3.9379,26.25,81.2,39.37,37.8,45.38,45.31,37.6214,173.8494
7/19/2010,0.5845,2.9537,3.9772,25.97,79.4,39.37,37.8,47.59,46.3,37.0745,172.634
7/20/2010,0.5764,2.9481,3.9789,23.93,78.7,39.37,37.8,51.64,48.17,36.7461,170.186
7/21/2010,0.552,2.8782,3.8889,25.64,78.4,39.37,37.8,47.18,46.28,35.6138,172.1823
7/22/2010,0.56,2.9353,3.9498,24.63,78.8,32.16,45.03,54.51,49.82,35.2772,167.4692
7/23/2010,0.5842,2.9943,4.0142,23.47,78.9,32.16,45.03,56.92,51.06,34.8094,164.5651
7/26/2010,0.5841,2.9924,4.0185,22.73,77.3,32.16,45.03,60.04,52.73,33.5362,162.7578
7/27/2010,0.6332,3.0485,4.0787,23.19,77.1,32.16,45.03,59.6,52.55,33.9255,157.1531
7/28/2010,0.6092,2.985,4.0638,24.25,76.3,32.16,45.03,56.65,51.39,32.8947,158.5044
7/29/2010,0.5777,2.9794,4.0778,24.13,75.9,40,33.33,54.9,50.69,32.0592,158.0585
7/30/2010,0.5461,2.9052,3.9881,23.5,78.2,40,33.33,54.92,50.7,31.3787,159.4771
8/2/2010,0.5539,2.9609,4.0619,22.01,77.6,40,33.33,62.07,54.19,30.4727,157.9133
8/3/2010,0.5301,2.9085,4.0488,22.63,81.1,40,33.33,59.8,53.32,29.8782,157.1461
8/4/2010,0.5616,2.9498,4.0795,22.21,85.9,40,33.33,61.7,54.28,27.9021,157.0211
8/5/2010,0.5299,2.9011,4.0505,22.1,84,30.39,38.24,61.05,54.04,27.8165,157.8922
8/6/2010,0.5056,2.8166,3.994,21.74,80.4,30.39,38.24,59.08,53.32,27.433,159.3436
8/9/2010,0.5293,2.8289,4.0165,22.14,79.8,30.39,38.24,61.07,54.24,26.7461,159.1112
8/10/2010,0.5212,2.7593,4.0044,22.37,76.6,30.39,38.24,57.75,53.06,25.7843,164.0651
8/11/2010,0.5131,2.6814,3.9188,25.39,76.2,30.39,38.24,45.32,47.97,23.9341,168.8568
8/12/2010,0.5369,2.7455,3.9476,25.73,81.4,39.76,30.12,43.45,47.1,22.9182,166.455
8/13/2010,0.5285,2.6716,3.8538,26.24,84.3,39.76,30.12,42.06,46.45,22.2314,172.8432
8/16/2010,0.4802,2.5626,3.711,26.1,92.8,39.76,30.12,42.12,46.48,21.1771,174.7381
8/17/2010,0.4961,2.6321,3.7632,24.33,90.9,39.76,30.12,47.94,48.75,20.4107,171.7861
8/18/2010,0.4959,2.6321,3.7331,24.59,87.5,39.76,30.12,48.63,49.02,19.5358,169.7865
8/19/2010,0.4796,2.575,3.6543,26.44,91,30.11,42.47,41.84,46.09,19.4022,170.4989
8/20/2010,0.4871,2.6106,3.6601,25.49,93.2,30.11,42.47,40.55,45.5,18.4184,171.9351
8/23/2010,0.4788,2.5981,3.6618,25.66,95.5,30.11,42.47,39.11,44.83,16.7391,172.1867
8/24/2010,0.4623,2.488,3.5605,27.46,97.6,30.11,42.47,34.43,42.54,16.246,178.2018
8/25/2010,0.5165,2.534,3.5695,26.7,100.7,30.11,42.47,36.26,43.21,15.3638,179.6003
8/26/2010,0.5165,2.4755,3.5115,27.37,104.4,20.74,49.47,33.87,42.03,15.4341,182.4458
8/27/2010,0.5481,2.6447,3.6896,24.45,109.2,20.74,49.47,42.61,45.36,15.8945,179.533
8/30/2010,0.4929,2.5285,3.5809,27.21,109.7,20.74,49.47,37.76,43.05,16.7062,182.1464
8/31/2010,0.4694,2.4683,3.5155,26.05,103.7,20.74,49.47,37.96,43.13,16.8853,186.1725
9/1/2010,0.5011,2.573,3.6457,23.89,110.1,20.74,49.47,50.76,48.64,16.581,185.6989
9/2/2010,0.4934,2.6231,3.7141,23.19,103.2,30.8,42.21,54,50.23,16.659,180.6885
9/3/2010,0.51,2.697,3.7811,21.31,95.3,30.8,42.21,58.34,52.45,16.8065,177.2993
9/6/2010,0.5101,2.7025,3.7837,21.31,95.3,30.8,42.21,58.34,52.45,16.7445,176.7549
9/7/2010,0.4784,2.5944,3.6616,23.8,98.2,30.8,42.21,53.56,50.4,16.7136,177.5624
9/8/2010,0.5103,2.6555,3.7294,23.25,100.9,30.8,42.21,55.73,51.49,16.7753,174.4515
9/9/2010,0.5665,2.7588,3.8387,22.81,104.9,43.87,31.61,57.35,52.31,15.7608,172.1206
9/10/2010,0.5673,2.7917,3.8687,21.99,107.3,43.87,31.61,58.98,53.13,16.0343,169.8255
9/13/2010,0.5273,2.748,3.8483,21.21,105.5,43.87,31.61,62.54,54.99,15.5271,166.2028
9/14/2010,0.4954,2.679,3.7993,21.56,102.4,43.87,31.61,62.16,54.84,15.6987,166.0997
9/15/2010,0.4795,2.7207,3.8713,22.1,102.7,43.87,31.61,63.33,55.45,14.5977,166.9274
9/16/2010,0.4716,2.7608,3.9248,21.72,103.8,50.89,24.26,63.12,55.37,14.1299,165.9183
9/17/2010,0.4639,2.7372,3.9033,22.01,103.6,50.89,24.26,63.43,55.52,14.4495,166.281
9/20/2010,0.4559,2.7026,3.8757,21.5,103.6,50.89,24.26,68.62,58.18,14.0201,166.7355
9/21/2010,0.4155,2.5727,3.7845,22.35,96.6,50.89,24.26,66.87,57.57,13.9578,170.7311
9/22/2010,0.4318,2.5583,3.7499,22.51,89.8,50.89,24.26,63.59,56.42,13.7239,171.1669
9/23/2010,0.4156,2.5511,3.7301,23.87,88.7,44.97,25.4,58.3,54.49,13.9269,172.8854
9/24/2010,0.4403,2.605,3.794,21.71,83.7,44.97,25.4,65.99,58.23,14.9417,171.5013
9/27/2010,0.4158,2.5242,3.7181,22.54,85.7,44.97,25.4,62.6,56.91,15.9563,171.5788
9/28/2010,0.43,2.4653,3.6579,22.6,84.6,44.97,25.4,64.28,57.75,14.7385,172.4653
9/29/2010,0.43,2.5027,3.6841,23.25,85.6,44.97,25.4,62.65,57.13,13.4815,172.7282
9/30/2010,0.4222,2.5098,3.6849,23.7,85.1,42.53,31.61,60.68,56.39,13.6845,172.017
10/1/2010,0.4145,2.5097,3.7147,22.5,86.5,42.53,31.61,62.49,57.21,14.0521,172.0261
10/4/2010,0.4066,2.4758,3.7061,23.53,96.7,42.53,31.61,57.3,55.24,14.3565,171.4211
10/5/2010,0.3987,2.4722,3.7472,21.76,89.2,42.53,31.61,65.3,59,18.2499,169.7814
10/6/2010,0.3829,2.3976,3.6747,21.49,90.4,42.53,31.61,64.87,58.83,17.5088,170.2444
10/7/2010,0.3512,2.3834,3.7121,21.56,87.8,49.03,27.74,63.76,58.41,17.4458,169.665
10/8/2010,0.3431,2.392,3.7489,20.71,80.1,49.03,27.74,66.08,59.53,17.446,168.8042
10/11/2010,0.343,2.3919,3.7489,18.96,80.1,49.03,27.74,66.13,59.55,17.446,168.8101
10/12/2010,0.367,2.4309,3.8192,18.93,78.3,49.03,27.74,67.64,60.27,17.446,166.911
10/13/2010,0.359,2.422,3.8166,19.07,81.3,49.03,27.74,70.3,61.58,16.7356,166.7998
10/14/2010,0.375,2.5076,3.9149,19.88,84.6,47.1,26.81,67.24,60.52,15.4168,163.2383
10/15/2010,0.3589,2.5597,3.9791,19.03,88.1,47.1,26.81,68.07,60.9,15.4169,164.0329
10/18/2010,0.3589,2.5075,3.9537,19.09,89.5,47.1,26.81,70.91,62.28,15.417,163.2503
10/19/2010,0.3589,2.4752,3.9131,20.63,88.6,47.1,26.81,58.51,57.65,15.924,164.4781
10/20/2010,0.3427,2.4788,3.8899,19.79,87.1,47.1,26.81,63.05,59.67,15.6591,163.124
10/21/2010,0.3507,2.5452,3.9609,19.27,89.6,49.62,25.19,63.78,60.01,16.6737,159.4823
10/22/2010,0.3506,2.5541,3.9293,18.78,92.4,49.62,25.19,64.78,60.47,16.8767,159.5865
10/25/2010,0.3587,2.5613,3.9095,19.85,90.3,49.62,25.19,65.71,60.89,17.384,158.866
10/26/2010,0.3913,2.6393,3.9946,20.22,97.4,49.62,25.19,65.71,60.89,16.6736,156.0683
10/27/2010,0.4143,2.7198,4.0564,20.71,99.9,49.62,25.19,63.3,60.04,15.831,153.0233
10/28/2010,0.3593,2.6576,4.049,20.88,98.7,51.23,21.6,63.89,60.28,16.4162,153.2445
10/29/2010,0.3357,2.5993,3.9828,21.2,99.8,51.23,21.6,63.46,60.13,17.5397,156.0697
11/1/2010,0.3435,2.6229,4.0029,21.83,98.7,51.23,21.6,64.03,60.35,18.4527,154.7065
11/2/2010,0.3435,2.5866,3.9266,21.57,98.3,51.23,21.6,68.37,62.08,17.3366,154.342
11/3/2010,0.3277,2.5702,4.0398,19.56,83.1,51.23,21.6,70.22,62.88,16.8294,156.9752
11/4/2010,0.3276,2.489,4.0713,18.52,82.1,48.23,29.79,77.63,66.72,17.1028,154.1006
11/5/2010,0.3671,2.5304,4.1192,18.26,81.7,48.23,29.79,78.8,67.44,17.1029,152.9634
11/8/2010,0.3988,2.5502,4.1201,18.29,82.5,48.23,29.79,76.45,66.63,17.5087,152.9759
11/9/2010,0.4387,2.6558,4.2466,19.08,90.4,48.23,29.79,68.15,63.63,17.1027,151.4188
11/10/2010,0.4229,2.6286,4.2311,18.47,91.6,48.23,29.79,70.04,64.52,15.8854,153.1426
11/11/2010,0.4231,2.6447,4.243,18.64,91.6,57.56,28.49,65.94,62.97,16.0885,151.5327
11/12/2010,0.5036,2.7871,4.2844,20.61,97.7,57.56,28.49,56.13,58.9,15.9635,147.2864
11/15/2010,0.5358,2.9593,4.4153,20.2,103.9,57.56,28.49,55.23,58.5,15.7606,142.0685
11/16/2010,0.4957,2.84,4.2648,22.58,100.8,57.56,28.49,44.91,53.53,15.6589,151.0012
11/17/2010,0.4798,2.8766,4.2853,21.76,95.1,57.56,28.49,45.05,53.58,15.2531,148.3368
11/18/2010,0.4961,2.895,4.2807,18.75,98.6,40,32.5,54.27,57.21,15.1517,147.496
11/19/2010,0.5047,2.8713,4.2444,18.04,94.5,40,32.5,55.62,57.78,15.4562,147.8651
11/22/2010,0.4642,2.8019,4.2048,18.37,90.6,40,32.5,54.55,57.29,15.9635,149.8064
11/23/2010,0.4529,2.7729,4.1901,20.63,90.8,40,32.5,45.89,53.04,15.3545,150.714
11/24/2010,0.5315,2.912,4.2797,19.56,101,40,32.5,53.99,56.48,13.536,149.7967
11/25/2010,0.5315,2.9085,4.275,19.56,101,47.4,24.68,53.99,56.48,14.1771,150.1462
11/26/2010,0.5079,2.8663,4.2093,22.22,100.8,47.4,24.68,49.9,54.39,14.2242,150.3726
11/29/2010,0.5079,2.8205,4.1401,21.53,100.4,47.4,24.68,49.17,54.01,14.0758,151.9534
11/30/2010,0.4528,2.7968,4.1104,23.54,101.9,47.4,24.68,45.97,52.35,14.5124,153.3236
12/1/2010,0.5315,2.9642,4.2397,21.36,110.1,47.4,24.68,56.71,57.17,14.724,150.5767
12/2/2010,0.5395,2.9885,4.2545,19.39,109.3,49.66,26.21,61.68,59.72,15.8402,150.1538
12/3/2010,0.4683,3.0055,4.3143,18.01,102.7,49.66,26.21,62.63,60.22,17.1593,146.4521
12/6/2010,0.4207,2.9201,4.2397,18.02,98.2,49.66,26.21,61.81,59.84,17.8695,147.986
12/7/2010,0.5318,3.1257,4.3674,17.99,110.4,49.66,26.21,62.02,59.94,17.0341,143.4253
12/8/2010,0.6275,3.2723,4.4561,17.74,112.1,49.66,26.21,63.6,60.71,16.7297,134.7707
12/9/2010,0.6197,3.2037,4.398,17.25,109,53.05,22.56,65.22,61.51,16.7298,140.6294
12/10/2010,0.6363,3.319,4.4289,17.61,110.8,53.05,22.56,67.65,62.73,18.493,134.0978
12/13/2010,0.5802,3.275,4.4076,17.55,110.4,53.05,22.56,67.67,62.74,18.1887,135.5026
12/14/2010,0.6528,3.4727,4.5288,17.61,118.4,53.05,22.56,68.06,62.93,17.0031,127.7275
12/15/2010,0.6691,3.5318,4.5947,17.94,125.2,53.05,22.56,63.37,61.1,16.6987,125.8206
12/16/2010,0.637,3.4224,4.5338,17.39,122.7,50.23,27.15,66.37,62.46,17.9003,133.7629
12/17/2010,0.6052,3.3279,4.4367,16.11,119.1,50.23,27.15,66.77,62.64,20.2337,130.2106
12/20/2010,0.5972,3.3358,4.4415,16.41,112.7,50.23,27.15,68.01,63.21,20.1397,131.4211
12/21/2010,0.6055,3.3031,4.4183,16.49,104.2,50.23,27.15,70.81,64.54,17.6033,133.6852
12/22/2010,0.63,3.3458,4.4464,15.45,106.4,50.23,27.15,72.28,65.27,17.299,131.42
12/23/2010,0.6554,3.3892,4.4698,16.47,106.8,63.28,16.4,70.42,64.6,17.0963,131.0802
12/24/2010,0.6474,3.3933,4.4698,16.47,106.8,63.28,16.4,70.42,64.6,17.0963,130.6726
12/27/2010,0.6394,3.3294,4.4019,17.67,106.1,63.28,16.4,70.72,64.74,17.7051,134.0595
12/28/2010,0.7433,3.4795,4.5319,17.52,110.2,63.28,16.4,71.12,64.92,16.4873,129.051
12/29/2010,0.6329,3.3489,4.4309,17.28,111.3,63.28,16.4,71.67,65.16,18.3135,129.1054
12/30/2010,0.6408,3.3646,4.4231,17.52,111.3,51.61,20.05,69.55,64.48,19.5309,129.5352
12/31/2010,0.5934,3.2935,4.3341,17.75,110.4,51.61,20.05,69.26,64.38,18.3137,131.6492
1/3/2011,0.5933,3.3324,4.3971,17.61,105.9,51.61,20.05,75.53,67.16,18.3137,129.7642
1/4/2011,0.6171,3.3287,4.4106,17.38,102.8,51.61,20.05,73.63,66.53,17.299,128.1348
1/5/2011,0.7045,3.4654,4.5439,17.02,116.2,51.61,20.05,76.09,67.72,16.7917,124.4589
1/6/2011,0.6648,3.3932,4.5112,17.4,112.9,55.88,18.25,72.97,66.67,16.3165,125.6828
1/7/2011,0.5931,3.3237,4.4846,17.14,107.5,55.88,18.25,70.27,65.76,16.8239,124.6318
1/10/2011,0.5691,3.2832,4.4611,17.54,102.5,55.88,18.25,68.25,65.08,16.824,127.68
1/11/2011,0.585,3.3396,4.4876,16.89,100.3,55.88,18.25,70.7,66.07,15.8091,124.0447
1/12/2011,0.6009,3.365,4.531,16.24,98.3,55.88,18.25,75.63,68.31,16.1135,121.4978
1/13/2011,0.5768,3.2972,4.4984,16.39,96.4,52.34,23.44,73.09,67.43,16.3165,123.2779
1/14/2011,0.5685,3.3231,4.5301,15.46,96.4,52.34,23.44,76.72,69.21,15.8094,123.6904
1/17/2011,0.5765,3.3291,4.5281,15.46,96.4,52.34,23.44,76.72,69.21,15.8095,123.0903
1/18/2011,0.5845,3.3663,4.563,15.87,97.6,52.34,23.44,77.33,69.53,15.8095,121.3717
1/19/2011,0.5683,3.339,4.5271,17.31,93.4,52.34,23.44,63.9,64.38,15.3018,121.1004
1/20/2011,0.625,3.4488,4.6093,17.99,97.8,50.75,29.1,62.42,63.76,14.7946,120.1219
1/21/2011,0.6087,3.4042,4.565,18.47,95.3,50.75,29.1,64.09,64.42,15.3021,120.5809
1/24/2011,0.625,3.4044,4.557,17.65,93.7,50.75,29.1,67.82,65.97,15.3021,119.5618
1/25/2011,0.576,3.3284,4.4896,17.59,93.5,50.75,29.1,67.98,66.04,15.9341,120.1646
1/26/2011,0.625,3.4146,4.5861,16.64,93.3,50.75,29.1,70.55,67.16,14.9195,118.5421
1/27/2011,0.5778,3.3873,4.5691,16.15,93.2,42.04,34.29,71.84,67.74,16.4415,117.2692
1/28/2011,0.5385,3.3214,4.5282,20.04,90.3,42.04,34.29,52.13,59.08,16.4417,119.8578
1/31/2011,0.562,3.3704,4.5711,19.53,96.2,42.04,34.29,57.43,61.24,15.9344,116.9578
2/1/2011,0.6013,3.4394,4.6165,17.63,97.2,42.04,34.29,66.27,65.39,16.0388,115.0627
2/2/2011,0.6566,3.4771,4.6196,17.3,102.5,42.04,34.29,63.9,64.21,16.0388,115.2893
2/3/2011,0.7042,3.5488,4.6645,16.69,102.3,51.54,26.87,65.06,64.78,16.8506,111.1174
2/4/2011,0.7444,3.6356,4.7275,15.93,105.1,51.54,26.87,66.48,65.47,16.6464,109.436
2/7/2011,0.7606,3.6299,4.6965,16.28,101.4,51.54,26.87,69.4,66.94,17.0008,107.0143
2/8/2011,0.8488,3.7373,4.7652,15.81,101.2,51.54,26.87,71.21,67.89,17.2034,102.2748
2/9/2011,0.793,3.6465,4.711,15.87,99.3,51.54,26.87,68.29,66.56,18.1166,105.3539
2/10/2011,0.8334,3.6928,4.7642,16.09,100.5,49.4,26.91,68.66,66.74,20.247,106.7214
2/11/2011,0.8342,3.6288,4.6876,15.69,97.2,49.4,26.91,71.32,68.05,20.1443,109.1246
2/14/2011,0.8426,3.6194,4.6711,15.95,95.6,49.4,26.91,72.42,68.61,20.4472,107.0629
2/15/2011,0.8186,3.6044,4.6615,16.37,94.7,49.4,26.91,68.58,66.97,19.3825,106.5639
2/16/2011,0.827,3.6193,4.6798,16.72,95.5,49.4,26.91,71.7,68.47,20.7013,106.0652
2/17/2011,0.7624,3.5725,4.6682,16.59,94.4,46.58,25.57,73.12,69.19,22.4258,104.7482
2/18/2011,0.7469,3.5799,4.6836,16.43,94.3,46.58,25.57,74,69.64,22.3259,105.0087
2/21/2011,0.7553,3.5874,4.6836,16.43,94.3,46.58,25.57,74,69.64,22.3259,104.2617
2/22/2011,0.6902,3.4533,4.6031,20.8,97.3,46.58,25.57,53.71,59.98,21.1087,107.6667
2/23/2011,0.7433,3.4848,4.5822,22.13,96.7,46.58,25.57,49.45,57.58,19.4869,107.5177
2/24/2011,0.7354,3.4477,4.5417,21.32,96.9,36.63,36.14,48.77,57.19,19.3869,112.2264
2/25/2011,0.7117,3.4125,4.496,19.22,93.1,36.63,36.14,55.67,60.11,18.5755,113.7507
2/28/2011,0.6802,3.4272,4.5007,18.35,90.5,36.63,36.14,58.84,61.55,17.461,109.2799
3/1/2011,0.6408,3.3921,4.4794,21.01,97.5,36.63,36.14,48.25,55.63,17.4607,112.7893
3/2/2011,0.6883,3.4697,4.5661,20.7,96.6,36.63,36.14,49.24,56.07,18.7796,109.032
3/3/2011,0.7598,3.5554,4.6191,18.6,100.4,36.79,33.16,58.42,60.42,18.8811,109.464
3/4/2011,0.6807,3.49,4.5963,19.06,94.6,36.79,33.16,53.85,57.84,19.8957,108.0048
3/7/2011,0.6967,3.5123,4.6219,20.66,94.6,36.79,33.16,49.2,55.1,20.9101,106.7728
3/8/2011,0.7207,3.5477,4.6632,19.82,91.2,36.79,33.16,53.76,57.32,20.5042,106.2253
3/9/2011,0.6889,3.4675,4.6067,20.22,90.9,36.79,33.16,52.98,56.87,21.8229,108.2486
3/10/2011,0.633,3.3584,4.4986,21.88,94.2,35.97,32.32,43.46,51.16,24.2572,113.1603
3/11/2011,0.641,3.4025,4.548,20.08,91.7,35.97,32.32,47.22,52.96,24.0544,109.755
3/14/2011,0.5928,3.3563,4.5349,21.13,90.8,35.97,32.32,44.48,51.27,23.4973,110.3719
3/15/2011,0.6008,3.303,4.4542,24.32,94.6,35.97,32.32,39.9,48.35,21.9758,117.7032
3/16/2011,0.5445,3.17,4.3553,29.4,103.6,35.97,32.32,33.49,43.9,22.483,123.9969
3/17/2011,0.5845,3.255,4.4358,26.37,103.7,28.49,40.12,40.43,47.28,23.4973,119.4996
3/18/2011,0.5845,3.2678,4.4166,24.44,100.3,28.49,40.12,42.53,48.33,24.5115,118.2213
3/21/2011,0.6331,3.3282,4.4514,20.61,95.6,28.49,40.12,49.27,51.81,24.0044,115.1813
3/22/2011,0.6494,3.3263,4.4367,20.21,91.9,28.49,40.12,47.82,50.95,22.2801,116.3727
3/23/2011,0.6575,3.3501,4.4477,19.17,91.7,28.49,40.12,49.14,51.63,22.383,114.9869
3/24/2011,0.6902,3.4037,4.4826,18,90.1,37.74,34.97,53.24,53.74,23.4473,113.6336
3/25/2011,0.7315,3.4388,4.5002,17.91,93.5,37.74,34.97,54.58,54.44,22.7387,114.1214
3/28/2011,0.7481,3.4313,4.4946,19.44,93.8,37.74,34.97,53.15,53.71,22.7902,115.8705
3/29/2011,0.8131,3.4872,4.5441,18.16,91.8,37.74,34.97,56.32,55.31,21.0657,114.2797
3/30/2011,0.7816,3.4349,4.502,17.71,89.6,37.74,34.97,59.15,56.78,21.3229,115.5084
3/31/2011,0.8211,3.4703,4.5076,17.74,90.9,41.81,31.07,58.03,56.25,21.1729,112.9699
4/1/2011,0.7976,3.4422,4.4853,17.4,87.5,41.81,31.07,60.23,57.37,24.5229,115.7826
4/4/2011,0.7579,3.4179,4.476,17.5,85.4,41.81,31.07,60.39,57.44,26.1261,114.2088
4/5/2011,0.8136,3.4795,4.5038,17.25,85.1,41.81,31.07,60.25,57.39,22.7836,112.0548
4/6/2011,0.8297,3.5452,4.5949,16.9,89.7,41.81,31.07,61.36,57.91,23.6858,108.4844
4/7/2011,0.7819,3.5451,4.6159,17.11,88.8,43.59,28.85,60.1,57.4,25.4011,106.4867
4/8/2011,0.8061,3.5772,4.6417,17.87,88.5,43.59,28.85,56.8,56.06,24.9761,104.2823
4/11/2011,0.8222,3.5847,4.6542,16.59,85.8,43.59,28.85,54.55,55.14,24.7261,103.5267
4/12/2011,0.742,3.4904,4.575,17.09,85.2,43.59,28.85,48.79,52.65,23.512,107.9559
4/13/2011,0.7259,3.4585,4.5429,16.92,83.9,43.59,28.85,48.94,52.7,22.7299,107.1464
4/14/2011,0.7661,3.4979,4.5485,16.27,82.2,42.25,30.99,49,52.73,20.9587,106.2115
4/15/2011,0.6934,3.4079,4.4684,15.32,81.5,42.25,30.99,52.15,53.88,21.3908,108.2097
4/18/2011,0.661,3.3743,4.4564,16.96,82.8,42.25,30.99,43.92,50.3,22.3299,108.5666
4/19/2011,0.6447,3.3631,4.4316,15.83,80.2,42.25,30.99,48.43,52,22.3049,108.6878
4/20/2011,0.6608,3.4077,4.4656,15.07,77.4,42.25,30.99,57.21,55.71,21.7978,106.2259
4/21/2011,0.6603,3.3963,4.4739,14.69,76.6,32.16,30.99,60.11,57.07,22.3049,108.3673
4/22/2011,0.652,3.3907,4.4646,14.69,76.6,32.16,30.99,60.11,57.07,22.3049,108.9325
4/25/2011,0.6355,3.3627,4.4554,15.77,74.8,32.16,30.99,58.81,56.52,22.812,108.7326
4/26/2011,0.6029,3.307,4.3905,15.62,81.3,32.16,30.99,63.58,58.81,21.6978,109.2991
4/27/2011,0.6408,3.3552,4.4526,15.35,79.2,32.16,30.99,66.52,60.32,22.2549,107.4831
4/28/2011,0.6171,3.3106,4.4141,14.62,76.8,37.9,30.65,68.11,61.17,23.7511,106.9441
4/29/2011,0.6013,3.2863,4.3968,14.75,76.8,37.9,30.65,69.13,61.72,23.7511,108.3734
5/2/2011,0.6013,3.2788,4.3786,15.99,76.3,37.9,30.65,67.35,61.04,24.2581,108.1211
5/3/2011,0.6013,3.2473,4.3507,16.7,80.1,37.9,30.65,63.95,59.73,25.1971,109.2675
5/4/2011,0.5854,3.2159,4.3211,17.08,80.2,37.9,30.65,57.61,57.16,25.5041,110.4059
5/5/2011,0.5734,3.1499,4.2556,18.2,83.4,35.46,31.87,50.53,54,25.8111,113.0133
5/6/2011,0.5493,3.1459,4.2855,18.4,84.1,35.46,31.87,53.12,55.07,26.193,113.4128
5/9/2011,0.5453,3.1604,4.3085,17.16,82.4,35.46,31.87,56.08,56.33,26.068,109.9608
5/10/2011,0.585,3.2135,4.3506,15.91,80.1,35.46,31.87,60.83,58.47,23.8651,109.6485
5/11/2011,0.545,3.1593,4.3032,16.95,83.2,35.46,31.87,52.36,54.62,24.7041,112.0745
5/12/2011,0.5509,3.2225,4.3469,16.03,81.9,30.77,35.5,55.28,55.93,24.5541,109.7455
5/13/2011,0.5325,3.1709,4.3078,17.07,82.1,30.77,35.5,49.84,53.3,24.0221,111.9108
5/16/2011,0.5204,3.147,4.2719,18.24,80.3,30.77,35.5,46.1,51.39,24.0221,111.3004
5/17/2011,0.5202,3.1158,4.2271,17.55,78.1,30.77,35.5,45.88,51.28,22.4261,111.4182
5/18/2011,0.5523,3.1801,4.2949,16.23,77.9,30.77,35.5,51.76,53.77,22.4511,109.9889
5/19/2011,0.524,3.1709,4.3032,15.52,79.8,26.69,41.29,53.13,54.37,21.794,109.9096
5/20/2011,0.5114,3.1451,4.2976,17.43,79.8,26.69,41.29,47.95,51.9,21.6941,110.4856
5/23/2011,0.5234,3.1286,4.2663,18.27,78,26.69,41.29,41.28,48.39,21.112,112.1395
5/24/2011,0.5029,3.1139,4.2498,17.82,76.7,26.69,41.29,40.86,48.16,20.4299,113.6081
5/25/2011,0.5354,3.1304,4.2819,17.07,75.8,26.69,41.29,43.25,49.12,20.887,112.957
5/26/2011,0.4843,3.0572,4.2225,16.09,74.3,25.61,41.42,46.16,50.31,20.837,115.281
5/27/2011,0.4764,3.0735,4.2424,15.98,73.9,25.61,41.42,49.09,51.53,21.3321,114.6452
5/30/2011,0.4764,3.0735,4.2424,15.98,73.9,25.61,41.42,49.09,51.53,21.3321,114.6452
5/31/2011,0.4685,3.0607,4.2242,15.45,71.5,25.61,41.42,55.81,54.54,20.725,112.9267
6/1/2011,0.4331,2.9408,4.1415,18.3,72.9,25.61,41.42,42.62,47.86,21.2209,118.9195
6/2/2011,0.4566,3.0297,4.2442,18.09,76.6,30.18,33.43,42.06,47.55,21.6414,117.0337
6/3/2011,0.4248,2.9859,4.2224,17.95,75.9,30.18,33.43,37.8,45.1,22.1498,119.4094
6/6/2011,0.4207,2.995,4.2579,18.49,75.8,30.18,33.43,33.77,42.62,23.1416,120.5047
6/7/2011,0.4047,2.9949,4.2579,18.07,73.5,30.18,33.43,33.43,42.41,21.6163,120.5083
6/8/2011,0.3808,2.9387,4.1853,18.79,77.5,30.18,33.43,31.92,41.47,21.9748,122.1344
6/9/2011,0.4164,2.9967,4.215,17.77,77.3,24.42,47.67,37.26,43.73,21.3914,121.3335
6/10/2011,0.3981,2.9693,4.1816,18.86,78.1,24.42,47.67,32.09,40.64,20.7829,123.0715
6/13/2011,0.3919,2.9838,4.2005,19.61,76.4,24.42,47.67,32.56,40.84,21.1414,124.6216
6/14/2011,0.4398,3.0972,4.2964,18.26,82.5,24.42,47.67,40.96,44.56,19.9495,121.2831
6/15/2011,0.3756,2.9692,4.1996,21.32,85.9,24.42,47.67,34.49,40.84,19.9245,123.0839
6/16/2011,0.3795,2.9274,4.1753,22.73,87.9,29,42.75,35.57,41.34,21.5998,125.2599
6/17/2011,0.3749,2.9445,4.205,21.85,85.3,29,42.75,37.51,42.22,22.1082,125.5528
6/20/2011,0.3707,2.958,4.1977,19.99,82.5,29,42.75,40.91,43.77,22.6166,126.1954
6/21/2011,0.3665,2.9835,4.2185,18.86,80.9,29,42.75,48.46,47.42,22.5221,124.6518
6/22/2011,0.3703,2.9825,4.2149,18.52,79,29,42.75,45.41,45.91,23.5361,125.7466
6/23/2011,0.3418,2.9116,4.168,19.29,83.6,37.46,35.74,44.11,45.27,24.143,127.8354
6/24/2011,0.329,2.8636,4.1832,21.1,84.8,37.46,35.74,39.12,42.7,24.118,130.6414
6/27/2011,0.3939,2.9305,4.2954,20.56,83.8,37.46,35.74,44.37,45.19,23.5611,130.9526
6/28/2011,0.4732,3.0308,4.3242,19.17,89.4,37.46,35.74,50.85,48.48,22.5416,131.9212
6/29/2011,0.4614,3.1118,4.3766,17.27,87.2,37.46,35.74,54.55,50.48,22.5416,125.8217
6/30/2011,0.4576,3.16,4.371,16.52,88.9,38.31,30.19,58.67,52.81,23.5583,123.0035
7/1/2011,0.4719,3.1823,4.3908,15.87,90.5,38.31,30.19,63.76,55.89,23.0499,123.7679
7/4/2011,0.4719,3.1823,4.3908,15.87,90.5,38.31,30.19,63.76,55.89,23.0499,123.7679
7/5/2011,0.4265,3.121,4.3728,16.06,90.7,38.31,30.19,62.98,55.54,25.0833,122.8998
7/6/2011,0.4226,3.108,4.3625,16.34,89,38.31,30.19,63.34,55.76,24.0667,120.1967
7/7/2011,0.4683,3.1377,4.3662,15.95,90.4,41.77,24.68,67,57.97,22.5716,122.2309
7/8/2011,0.3909,3.0268,4.2824,15.95,85.8,41.77,24.68,62.49,56.02,22.5716,119.3197
7/11/2011,0.3551,2.9189,4.2083,18.39,88.4,41.77,24.68,52.63,51.4,23.5883,125.1136
7/12/2011,0.351,2.877,4.1677,19.87,90.3,41.77,24.68,50.56,50.37,22.8666,129.2961
7/13/2011,0.351,2.8824,4.1722,19.91,88.1,41.77,24.68,51.98,51.08,25.4333,125.7582
7/14/2011,0.367,2.9534,4.2539,20.8,89.1,39.31,29.25,48.72,49.49,24.4667,123.6637
7/15/2011,0.3529,2.9058,4.2465,19.53,90.4,39.31,29.25,51.42,50.79,24.4667,126.419
7/18/2011,0.3629,2.9276,4.3083,20.95,89.6,39.31,29.25,47.46,48.87,24.6167,125.2378
7/19/2011,0.371,2.8802,4.1902,19.21,88.8,39.31,29.25,54.89,52.56,23.6791,128.9756
7/20/2011,0.379,2.9275,4.252,19.09,85.1,39.31,29.25,54.55,52.39,23.7791,127.2475
7/21/2011,0.3993,3.0136,4.312,17.56,89,39.86,30.61,60.04,55.29,21.7511,123.6372
7/22/2011,0.3872,2.9621,4.2575,17.52,84.3,39.86,30.61,60.39,55.48,22.2581,123.7904
7/25/2011,0.4075,3.0006,4.3194,19.35,86.8,39.86,30.61,57.04,54,22.1681,122.9373
7/26/2011,0.3872,2.9529,4.2823,20.23,84.8,39.86,30.61,54.68,52.94,18.6506,123.7149
7/27/2011,0.4419,2.9803,4.2851,22.98,89.1,39.86,30.61,44.82,48.14,17.6586,122.9667
7/28/2011,0.4183,2.9454,4.2556,23.74,86.5,37.84,31.42,43.51,47.45,18.2771,124.4563
7/29/2011,0.3554,2.7961,4.1184,25.25,88,37.84,31.42,40.93,46.08,16.398,127.3918
8/1/2011,0.3671,2.7437,4.0795,23.66,84.1,37.84,31.42,39.34,45.22,18.6041,128.6273
8/2/2011,0.3159,2.6114,3.9088,24.79,87.1,37.84,31.42,31.25,40.42,20.8515,132.8604
8/3/2011,0.3336,2.6202,3.902,23.38,85.5,37.84,31.42,34.04,41.65,25.8113,132.9843
8/4/2011,0.2547,2.4028,3.6707,31.66,91,27.16,49.85,23.99,34.6,26.4307,148.7249
8/5/2011,0.2878,2.5585,3.8458,32,100.7,27.16,49.85,23.9,34.53,26.6527,147.1531
8/8/2011,0.2599,2.3179,3.653,48,117.8,27.16,49.85,16.46,27.85,25.4446,163.2117
8/9/2011,0.1924,2.2488,3.6181,35.06,107.7,27.16,49.85,31.68,36.31,25.2972,165.1238
8/10/2011,0.1803,2.1061,3.5146,42.99,98.9,27.16,49.85,26.59,32.47,27.0443,178.3903
8/11/2011,0.184,2.3399,3.769,39,107.9,33.43,44.78,37.44,39.14,27.6003,176.0096
8/12/2011,0.1872,2.2548,3.7257,36.36,109.1,33.43,44.78,38.6,39.88,27.9893,178.5202
8/15/2011,0.1909,2.3053,3.771,31.87,99.8,33.43,44.78,43.32,42.83,29.1709,182.4718
8/16/2011,0.1826,2.2196,3.6671,32.85,92,33.43,44.78,41.74,41.86,28.776,186.0411
8/17/2011,0.1904,2.1652,3.5633,31.58,87.8,33.43,44.78,41.96,41.99,29.082,188.4819
8/18/2011,0.1901,2.0624,3.4193,42.67,95,35.56,39.82,35.23,37.83,29.7769,198.7612
8/19/2011,0.1893,2.0623,3.3904,43.05,100.3,35.56,39.82,33.37,36.62,30.2989,201.7668
8/22/2011,0.2012,2.1058,3.4233,42.44,104.2,35.56,39.82,33.44,36.66,31.3509,200.4214
8/23/2011,0.2171,2.153,3.4931,36.27,105.5,35.56,39.82,41.47,41.18,30.6697,204.7047
8/24/2011,0.2269,2.2994,3.6534,35.9,105.8,35.56,39.82,44.33,42.85,32.4446,203.0576
8/25/2011,0.2072,2.2286,3.6009,39.76,107.7,36.44,40.96,41.69,41.39,32.4083,205.1409
8/26/2011,0.1876,2.1899,3.535,35.59,101.5,36.44,40.96,45.06,43.3,32.7863,207.0136
8/29/2011,0.2033,2.2561,3.5916,32.28,98,36.44,40.96,50.87,46.72,32.2769,206.389
8/30/2011,0.1955,2.1767,3.5225,32.89,99.2,36.44,40.96,51.34,47,32.0477,205.3308
8/31/2011,0.1995,2.2234,3.6008,31.62,97.9,36.44,40.96,52.38,47.6,31.7053,201.6578
9/1/2011,0.18,2.1302,3.4945,31.82,98.8,38.62,32.34,49.62,46.28,31.9273,205.9803
9/2/2011,0.1961,1.9857,3.2969,33.92,99.4,38.62,32.34,44.32,43.65,31.5309,210.4253
9/5/2011,0.1961,1.9857,3.2969,33.92,99.4,38.62,32.34,44.32,43.65,31.7529,210.4253
9/6/2011,0.1962,1.984,3.272,37,103.1,38.62,32.34,42.91,42.92,32.0359,214.6018
9/7/2011,0.2002,2.0429,3.367,33.38,100.6,38.62,32.34,49.54,46.44,32.1579,211.7118
9/8/2011,0.1884,1.9787,3.3086,34.32,99.4,30.22,40.29,47.28,45.34,32.6663,215.1277
9/9/2011,0.1688,1.9183,3.2463,38.52,100.7,30.22,40.29,42.15,42.73,33.2857,218.173
9/12/2011,0.2047,1.9475,3.2509,38.59,99.2,30.22,40.29,43.82,43.58,33.7807,224.2514
9/13/2011,0.2009,1.9906,3.3273,36.91,97.5,30.22,40.29,46.03,44.7,34.7099,226.9351
9/14/2011,0.185,1.9837,3.271,34.6,96.6,30.22,40.29,49.23,46.35,34.9099,227.6314
9/15/2011,0.1891,2.082,3.3565,31.97,97.3,30.5,41.35,53.11,48.41,35.0209,222.8027
9/16/2011,0.1652,2.0479,3.313,30.98,97.6,30.5,41.35,54.38,49.09,35.1319,225.2134
9/19/2011,0.1532,1.9506,3.2184,32.73,99.6,30.5,41.35,51.78,47.96,35.2489,227.9379
9/20/2011,0.1613,1.9385,3.2024,32.86,99.9,30.5,41.35,51.33,47.76,34.9917,230.1514
9/21/2011,0.1936,1.8576,2.9942,37.32,93.3,30.5,41.35,44.13,44.52,35.0477,233.2383
9/22/2011,0.1978,1.718,2.7977,41.35,103.4,25.33,48,38.07,41.46,35.8049,245.1952
9/23/2011,0.2164,1.8334,2.9002,41.25,104.5,25.33,48,39.72,42.22,36.5303,246.6627
9/26/2011,0.2267,1.9002,2.9925,39.02,107.4,25.33,48,45.71,45.06,36.2769,246.976
9/27/2011,0.235,1.9711,3.0693,37.71,107.3,25.33,48,48.31,46.35,35.5053,245.8943
9/28/2011,0.2465,1.9797,3.07,41.08,103.1,25.33,48,43.89,44.26,36.3477,244.0303
9/29/2011,0.2582,1.9962,3.0537,38.84,100.4,32.51,46.79,45.94,45.24,36.1943,241.3825
9/30/2011,0.243,1.9154,2.9134,42.96,100.6,32.51,46.79,40.95,42.82,35.3996,249.4569
10/3/2011,0.2314,1.756,2.7246,45.45,105.7,32.51,46.79,36.24,40.34,38.2693,260.4037
10/4/2011,0.2513,1.8207,2.8039,40.82,109,32.51,46.79,41.77,42.96,38.0929,262.9281
10/5/2011,0.2554,1.8877,2.8519,37.81,108.9,32.51,46.79,45.89,45,38.3599,266.2349
10/6/2011,0.2635,1.9872,2.9496,36.27,108.7,35.23,45.71,49.86,47.03,38.7769,258.277
10/7/2011,0.2882,2.0764,3.0167,36.2,106.4,35.23,45.71,48.13,46.23,38.6027,254.3615
10/10/2011,0.2882,2.0764,3.0167,33.02,106.4,35.23,45.71,55.09,49.9,38.9087,254.3615
10/11/2011,0.3004,2.1496,3.0999,32.86,106.8,35.23,45.71,55.19,49.96,39.7489,247.0361
10/12/2011,0.2846,2.2101,3.1964,31.26,108.3,35.23,45.71,57.17,51.02,38.5621,242.9916
10/13/2011,0.2768,2.1834,3.1508,30.7,106.8,39.77,36.36,56.35,50.68,38.7851,235.6612
10/14/2011,0.2654,2.2477,3.2315,28.24,109.2,39.77,36.36,59.95,52.59,39.4581,230.2287
10/17/2011,0.2656,2.155,3.1304,33.39,108.4,39.77,36.36,54.46,50.31,38.5551,229.5006
10/18/2011,0.2658,2.1763,3.1718,31.56,107.5,39.77,36.36,58.67,52.51,39.3919,228.3666
10/19/2011,0.266,2.1603,3.1756,34.44,105,39.77,36.36,55.2,51.03,39.1336,224.9663
10/20/2011,0.2622,2.1888,3.216,34.78,105.9,35.98,34.6,56.19,51.53,40.0309,220.1171
10/21/2011,0.2668,2.2192,3.2638,31.32,107.5,35.98,34.6,60.14,53.58,40.3079,217.0751
10/24/2011,0.2792,2.2336,3.2707,29.26,103.6,35.98,34.6,62.67,54.95,41.5197,213.6399
10/25/2011,0.2428,2.1089,3.1301,32.22,102.1,35.98,34.6,56.58,52.42,41.7137,214.1103
10/26/2011,0.2853,2.2041,3.2205,29.86,105.2,35.98,34.6,58.8,53.56,41.4553,211.5893
10/27/2011,0.3088,2.3964,3.4561,25.46,108.1,43,25,65.12,57.06,41.7893,196.3587
10/28/2011,0.2892,2.3167,3.3754,24.53,107.4,43,25,65.19,57.1,42.9429,194.333
10/31/2011,0.2382,2.1133,3.1307,29.96,107.2,43,25,57.56,53.86,44.4689,206.6696
11/1/2011,0.2362,1.9889,2.9998,34.77,116,43,25,50.54,50.59,44.1836,213.1058
11/2/2011,0.2264,1.9854,3.0129,32.74,111.9,43,25,53.93,52.27,43.3049,214.46
11/3/2011,0.2382,2.0734,3.1216,30.5,109.2,40.18,29.62,57.63,54.18,43.4989,209.6581
11/4/2011,0.2184,2.0327,3.0916,30.16,106.6,40.18,29.62,55.98,53.43,44.2583,211.7251
11/7/2011,0.2342,2.0371,3.0997,29.85,106.3,40.18,29.62,57.29,54.09,44.1379,209.2864
11/8/2011,0.2381,2.0769,3.1372,27.48,105.6,40.18,29.62,59.72,55.31,43.91,211.3104
11/9/2011,0.2262,1.9615,3.028,36.16,111.8,40.18,29.62,50.03,50.87,44.41,221.8526
11/10/2011,0.23,2.0564,3.1063,32.81,113.7,44.73,24.56,51.93,51.78,45.2769,220.3559
11/11/2011,0.23,2.0564,3.13,30.04,113.7,44.73,24.56,56.04,53.79,45.7209,220.3559
11/14/2011,0.23,2.0556,3.1057,31.13,113.1,44.73,24.56,53.58,52.65,45.549,219.443
11/15/2011,0.238,2.0451,3.0841,31.22,108.6,44.73,24.56,54.65,53.16,46.0477,225.4865
11/16/2011,0.242,2,3.0302,33.51,106.1,44.73,24.56,50.31,51.18,46.6027,231.0006
11/17/2011,0.2621,1.9602,2.9809,34.51,111.7,41.93,31.04,46.37,49.3,47.9429,233.9788
11/18/2011,0.2782,2.0104,2.9941,32,109.8,41.93,31.04,46.28,49.25,48.7769,232.9606
11/21/2011,0.2621,1.955,2.9437,32.91,107.5,41.93,31.04,42.12,47.22,48.9917,240.5021
11/22/2011,0.2578,1.917,2.8803,31.97,103.6,41.93,31.04,41.25,46.79,48.5029,245.2964
11/23/2011,0.2618,1.8835,2.8343,33.98,104.7,41.93,31.04,36.88,44.53,49.0859,248.6525
11/24/2011,0.2618,1.8835,2.8343,33.98,104.7,32.71,38.27,36.88,44.53,49.6419,248.6525
11/25/2011,0.2735,1.9635,2.9191,34.47,102.3,32.71,38.27,36.39,44.27,50.2809,249.6453
11/28/2011,0.2539,1.9739,2.929,32.13,102.8,32.71,38.27,44.99,47.73,51.2893,244.6071
11/29/2011,0.2539,1.9913,2.9567,30.64,103.1,32.71,38.27,45.61,47.99,51.6773,244.8729
11/30/2011,0.2539,2.068,3.0554,27.8,99.7,32.71,38.27,56.02,52.76,52.8879,246.2008
12/1/2011,0.2539,2.0873,3.0912,27.41,100.8,33.04,39.42,55.49,52.53,53.2303,247.2714
12/2/2011,0.25,2.0331,3.0237,27.52,98.6,33.04,39.42,55.42,52.5,53.3413,242.6933
12/5/2011,0.2579,2.0436,3.0277,27.84,94,33.04,39.42,57.89,53.66,53.8983,237.6443
12/6/2011,0.254,2.0891,3.0984,28.13,93,33.04,39.42,58.16,53.78,53.7739,235.0861
12/7/2011,0.2342,2.0296,3.0617,28.67,94.3,33.04,39.42,58.68,54.02,53.9989,235.041
12/8/2011,0.2183,1.9704,2.997,30.59,95,38.57,34.76,51.43,51.17,53.9989,237.9634
12/9/2011,0.2221,2.0611,3.1072,26.38,99.9,38.57,34.76,56,53.17,54.1739,235.8866
12/12/2011,0.2221,2.0121,3.0505,25.67,95.8,38.57,34.76,51.32,51.22,54.3489,238.7858
12/13/2011,0.23,1.9651,3.0111,25.41,90.3,38.57,34.76,48.8,50.13,54.1167,240.4898
12/14/2011,0.238,1.9027,2.9028,26.04,91.7,38.57,34.76,45.68,48.74,56.0133,243.7303
12/15/2011,0.238,1.9079,2.9173,25.11,87.2,40.18,33.64,46.72,49.15,56.4233,246.2144
12/16/2011,0.2218,1.8474,2.8511,24.29,89.4,40.18,33.64,47.78,49.57,56.8233,247.26
12/19/2011,0.2339,1.8096,2.7861,24.92,87.6,40.18,33.64,44.28,48.07,57.2033,249.0418
12/20/2011,0.2549,1.9233,2.9264,23.22,92.3,40.18,33.64,53.51,51.85,56.4667,245.6675
12/21/2011,0.2706,1.9668,3.0008,21.43,91.8,40.18,33.64,54.06,52.09,57.1239,244.3242
12/22/2011,0.2746,1.9476,2.9805,21.16,90.2,33.73,28.24,56.42,53.13,57.3739,244.24
12/23/2011,0.2824,2.0244,3.0568,20.73,94.2,33.73,28.24,58.93,54.25,58.0833,244.557
12/26/2011,0.2824,2.0244,3.0568,20.73,94.2,33.73,28.24,58.93,54.25,58.0833,244.557
12/27/2011,0.2903,2.0052,3.0314,21.91,94.8,33.73,28.24,58.95,54.26,57.0667,243.4848
12/28/2011,0.2667,1.9162,2.9202,23.52,95.1,33.73,28.24,53.94,52.38,57.9239,243.3789
12/29/2011,0.2667,1.8988,2.9025,22.65,94.1,40.6,30.83,57.26,53.79,58.0989,243.1164
12/30/2011,0.2391,1.8762,2.8941,23.4,91.1,40.6,30.83,55.51,53.13,57.0833,243.3807
1/2/2012,0.2391,1.8762,2.8941,23.4,91.1,40.6,30.83,55.51,53.13,57.0833,243.3807
1/3/2012,0.255,1.9474,2.9812,22.97,90.7,40.6,30.83,60.2,55.16,57.7417,241.2576
1/4/2012,0.2592,1.9771,3.0274,22.22,88.9,40.6,30.83,60.26,55.19,57.2333,238.2887
1/5/2012,0.2593,1.9946,3.0607,21.48,87.9,48.88,17.16,61.17,55.59,57.2333,236.5375
1/6/2012,0.2559,1.9578,3.0156,20.63,81.7,48.88,17.16,59.89,55.15,57.6417,236.2165
1/9/2012,0.2442,1.9578,3.0266,21.07,78.6,48.88,17.16,60.68,55.47,57.5417,235.2176
1/10/2012,0.2404,1.9683,3.0242,20.69,80.2,48.88,17.16,63.71,56.74,56.9333,233.1688
1/11/2012,0.2286,1.9037,2.9632,21.05,78.2,48.88,17.16,63.82,56.78,56.1249,234.6293
1/12/2012,0.2287,1.9228,2.971,20.47,77.1,49.14,17.18,64.66,57.13,54.6082,234.7152
1/13/2012,0.2213,1.8636,2.91,20.91,79.2,49.14,17.18,61.41,56.14,54.6666,234.6417
1/16/2012,0.2213,1.8636,2.91,20.91,79.2,49.14,17.18,61.41,56.14,54.4566,234.6417
1/17/2012,0.2174,1.8566,2.8985,22.2,75.6,49.14,17.18,62.84,56.7,54.1966,233.3394
1/18/2012,0.2255,1.8983,2.9562,20.89,75,49.14,17.18,66.99,58.4,54.0866,232.1699
1/19/2012,0.2338,1.977,3.0416,19.87,80,47.23,23.61,68.69,59.15,52.0529,226.299
1/20/2012,0.2403,2.0246,3.0998,18.28,84.6,47.23,23.61,68.92,59.25,52.0429,223.5436
1/23/2012,0.2344,2.0511,3.1297,18.67,85.8,47.23,23.61,69.1,59.33,52.4514,220.8897
1/24/2012,0.2345,2.06,3.1492,18.91,81.6,47.23,23.61,68.2,59.08,52.3513,218.0023
1/25/2012,0.2226,1.9946,3.1484,18.31,76.7,47.23,23.61,71.57,60.5,52.1013,218.5422
1/26/2012,0.2108,1.9313,3.0902,18.57,75.9,48.4,18.91,66.49,59.08,50.7345,215.8683
1/27/2012,0.2108,1.891,3.0574,18.53,75.4,48.4,18.91,65.12,58.69,50.026,216.8977
1/30/2012,0.2108,1.8439,2.9989,19.4,72.4,48.4,18.91,62.92,58.06,50.1095,218.6052
1/31/2012,0.2147,1.7971,2.9375,19.44,72.1,48.4,18.91,62.5,57.94,49.151,220.2933
2/1/2012,0.2225,1.8265,2.9919,18.55,72.7,48.4,18.91,67.03,59.58,48.1176,220.3511
2/2/2012,0.2225,1.8212,3.0028,17.98,70.2,43.81,25.08,67.56,59.78,45.4336,217.8764
2/3/2012,0.2302,1.9224,3.1192,17.1,76.7,43.81,25.08,73.59,62.36,45.5821,213.7639
2/6/2012,0.2302,1.9066,3.0966,17.76,72.3,43.81,25.08,73.16,62.24,45.7156,208.3443
2/7/2012,0.246,1.9734,3.1435,17.65,79.3,43.81,25.08,73.95,62.6,43.865,203.6641
2/8/2012,0.254,1.9822,3.1509,18.16,79,43.81,25.08,74.8,62.99,43.6986,200.782
2/9/2012,0.2619,2.0364,3.1803,18.63,83.2,51.64,20.19,75.39,63.26,42.3565,196.3567
2/10/2012,0.2739,1.9862,3.1404,20.79,80.7,51.64,20.19,67.42,61.09,42.4651,197.3844
2/13/2012,0.286,1.9741,3.1202,19.04,78.8,51.64,20.19,70.69,62.4,40.5995,198.5942
2/14/2012,0.282,1.9361,3.0873,19.54,79,51.64,20.19,69.64,62.1,39.0821,198.3868
2/15/2012,0.262,1.9275,3.0897,21.14,76.6,51.64,20.19,63.82,60.38,38.8322,199.2488
2/16/2012,0.2901,1.9827,3.1387,19.22,80.1,42.71,26.63,69.43,62.56,39.6494,200.7317
2/17/2012,0.2904,2.0017,3.1476,17.78,81.5,42.71,26.63,70.49,63.02,41.6836,197.8283
2/20/2012,0.2904,2.0017,3.1476,17.78,81.5,42.71,26.63,70.49,63.02,41.6836,197.8283
2/21/2012,0.2985,2.0591,3.209,18.19,79.3,42.71,26.63,70.82,63.16,43.1591,193.0864
2/22/2012,0.297,2.0034,3.1476,18.19,79.6,42.71,26.63,67.02,62.01,41.025,194.6552
2/23/2012,0.301,1.9965,3.1387,16.8,79,43.69,27.51,69.29,62.9,40.4165,193.3497
2/24/2012,0.3049,1.9757,3.0992,17.31,77.1,43.69,27.51,70.16,63.25,39.908,193.4321
2/27/2012,0.2853,1.9255,3.0475,18.19,74.8,43.69,27.51,70.87,63.54,38.7409,193.4462
2/28/2012,0.2892,1.9428,3.0729,17.96,73.9,43.69,27.51,72.63,64.26,39.5979,189.722
2/29/2012,0.2932,1.9705,3.0848,18.43,75.9,43.69,27.51,66.5,62.46,40.7986,186.9547
3/1/2012,0.2893,2.0261,3.1476,17.26,77.4,44.51,26.83,70.03,63.81,40.8521,184.3931
3/2/2012,0.2737,1.9739,3.1024,17.29,76,44.51,26.83,66.06,62.57,41.4741,185.6116
3/5/2012,0.2935,2.0104,3.15,18.05,75,44.51,26.83,61.59,61.11,41.3541,183.9607
3/6/2012,0.2777,1.9427,3.0736,20.87,75.8,44.51,26.83,47.8,55.77,40.3371,189.7337
3/7/2012,0.3015,1.9756,3.1233,19.07,75.1,44.51,26.83,52.82,57.47,39.8286,194.4406
3/8/2012,0.3056,2.0121,3.1745,17.95,76.6,42.38,29,58.93,59.76,39.7286,191.7862
3/9/2012,0.3178,2.0279,3.1778,17.11,73.2,42.38,29,60.96,60.58,39.2201,192.2142
3/12/2012,0.3219,2.0331,3.1712,15.64,69.9,42.38,29,61.05,60.62,39.7286,189.6891
3/13/2012,0.346,2.1263,3.2663,14.8,73.8,42.38,29,69.73,64.5,39.23,185.3725
3/14/2012,0.3862,2.2686,3.4009,15.31,89.7,42.38,29,68.63,64.06,39.23,181.1379
3/15/2012,0.3623,2.2794,3.4148,15.42,83.4,45.61,27.2,71.09,65.27,39.23,177.0556
3/16/2012,0.3587,2.294,3.4061,14.47,84.9,45.61,27.2,71.54,65.5,39.2301,176.5979
3/19/2012,0.3791,2.3772,3.4779,15.04,92.3,45.61,27.2,73.16,66.31,39.7386,173.2839
3/20/2012,0.3914,2.3591,3.4454,15.58,93.3,45.61,27.2,69.92,65.11,38.2629,176.0868
3/21/2012,0.3673,2.296,3.3837,15.13,89.5,45.61,27.2,67.92,64.36,38.7715,175.3965
3/22/2012,0.3634,2.2781,3.3596,15.57,87.1,42.38,27.81,60.69,61.54,40.2471,176.1878
3/23/2012,0.3517,2.2317,3.3051,14.82,86.2,42.38,27.81,62.53,62.27,40.1971,178.8318
3/26/2012,0.3436,2.2479,3.3391,14.26,85.6,42.38,27.81,69.43,65.34,40.1471,176.2136
3/27/2012,0.3193,2.1836,3.2975,15.59,80.7,42.38,27.81,66.7,64.22,38.93,177.6441
3/28/2012,0.3405,2.1997,3.3102,15.47,77.4,42.38,27.81,62.12,62.31,39.3386,176.034
3/29/2012,0.3365,2.1587,3.2731,15.48,75.2,42.47,25.48,60.66,61.69,40.7141,179.1284
3/30/2012,0.3287,2.2088,3.3358,15.5,78.6,42.47,25.48,62.82,62.57,40.2056,178.1205
4/2/2012,0.3229,2.182,3.3281,15.64,75.6,42.47,25.48,66.8,64.3,40.7141,179.7958
4/3/2012,0.3684,2.2988,3.4404,15.66,84.3,42.47,25.48,62.91,62.7,39.7971,175.1215
4/4/2012,0.3408,2.2233,3.3572,16.44,84.6,42.47,25.48,54.25,58.83,39.7971,180.672
4/5/2012,0.3374,2.1805,3.3265,16.7,83.7,38.17,27.8,53.77,58.61,40.3056,181.9479
4/6/2012,0.3136,2.0545,3.2157,16.7,78.5,38.17,27.8,53.77,58.61,39.7971,185.5546
4/9/2012,0.3136,2.0474,3.1959,18.81,76.2,38.17,27.8,45.79,54.66,39.2886,189.2604
4/10/2012,0.2858,1.9823,3.1281,20.39,75.1,38.17,27.8,36.99,49.52,38.78,191.7664
4/11/2012,0.2899,2.0351,3.1959,20.02,76.3,38.17,27.8,42.12,51.54,38.73,191.4929
4/12/2012,0.2859,2.051,3.2116,17.2,73.5,28.14,41.56,50.25,55.01,38.53,189.9041
4/13/2012,0.266,1.9823,3.1273,19.55,72.6,28.14,41.56,44.13,51.51,38.4801,191.7692
4/16/2012,0.2681,1.9805,3.1305,19.55,72.9,28.14,41.56,43.9,51.37,38.9386,190.9453
4/17/2012,0.2701,1.9981,3.1411,18.46,73.9,28.14,41.56,52.14,55.11,38.9385,191.1886
4/18/2012,0.2661,1.9753,3.1265,18.64,72.5,28.14,41.56,50.04,53.97,39.9556,191.4732
4/19/2012,0.2661,1.9665,3.1208,18.36,72.2,31.18,33.84,47.05,52.33,39.9556,191.3514
4/20/2012,0.2642,1.9629,3.124,17.44,71.4,31.18,33.84,47.71,52.63,39.9556,192.7053
4/23/2012,0.2581,1.9349,3.0846,18.97,70.9,31.18,33.84,43.52,50.34,39.4471,195.511
4/24/2012,0.2662,1.9735,3.1281,18.1,71.9,31.18,33.84,45.75,51.29,38.45,192.6533
4/25/2012,0.2657,1.984,3.1476,16.82,70.6,31.18,33.84,53.15,54.63,37.9415,191.5986
4/26/2012,0.2578,1.9383,3.1176,16.24,65.2,27.64,37.4,56.34,56.17,37.9415,194.1658
4/27/2012,0.2578,1.9348,3.1224,16.32,64.1,27.64,37.4,57.47,56.73,37.9416,192.5213
4/30/2012,0.2559,1.9137,3.1111,17.15,62.9,27.64,37.4,54.99,55.56,37.433,194.6252
5/1/2012,0.2657,1.9435,3.146,16.6,67,27.64,37.4,57.83,56.89,37.9415,194.6473
5/2/2012,0.2618,1.9277,3.1159,16.88,65.1,27.64,37.4,56.14,56.12,38.9586,192.228
5/3/2012,0.2579,1.9312,3.1184,17.56,63.3,35.4,28.47,51.2,53.8,38.9586,190.8791
5/4/2012,0.254,1.8786,3.0709,19.16,57.8,35.4,28.47,42.73,49.38,39.4671,193.138
5/7/2012,0.254,1.8716,3.0598,18.94,56.7,35.4,28.47,42.95,49.48,38.9586,194.8397
5/8/2012,0.254,1.8402,3.0336,19.05,57.7,35.4,28.47,40.91,48.37,37.4329,195.9815
5/9/2012,0.254,1.8227,3.0249,20.08,58.7,35.4,28.47,37.88,46.68,38.0415,201.7255
5/10/2012,0.258,1.867,3.0407,18.83,57.6,25.4,42.06,39.68,47.39,37.5329,198.303
5/11/2012,0.258,1.8376,3.0103,19.89,61.5,25.4,42.06,38.08,46.53,37.533,199.2402
5/14/2012,0.262,1.7637,2.9199,21.87,70.3,25.4,42.06,33.36,43.84,37.9416,205.631
5/15/2012,0.274,1.7671,2.9168,21.97,67.7,25.4,42.06,31.23,42.54,37.4329,204.2883
5/16/2012,0.2861,1.7603,2.8989,22.27,67,25.4,42.06,29.67,41.56,37.5329,210.9734
5/17/2012,0.2942,1.6971,2.7869,24.49,70.6,23.58,45.97,25.09,38.47,37.5329,218.2915
5/18/2012,0.2924,1.7226,2.8064,25.1,70.6,23.58,45.97,23.22,37.08,39.0586,218.7376
5/21/2012,0.2864,1.7414,2.8094,22.01,69.1,23.58,45.97,34.53,41.75,40.0756,219.8577
5/22/2012,0.2905,1.7688,2.8665,22.48,70.8,23.58,45.97,34.84,41.89,38.55,223.1152
5/23/2012,0.2892,1.7346,2.8155,22.33,73.7,23.58,45.97,36.01,42.38,38.55,220.5432
5/24/2012,0.297,1.7774,2.8719,21.54,73.1,30.47,38.67,37,42.78,37.5329,219.2555
5/25/2012,0.2853,1.738,2.8412,21.76,71.2,30.47,38.67,36.06,42.3,38.5501,221.2034
5/28/2012,0.2853,1.738,2.8412,21.76,71.2,30.47,38.67,36.06,42.3,38.5501,221.2034
5/29/2012,0.2892,1.7448,2.8473,21.03,68.9,30.47,38.67,43.94,45.56,39.0587,219.5179
5/30/2012,0.2657,1.622,2.7137,24.14,73,30.47,38.67,37.44,42.32,40.0936,224.7965
5/31/2012,0.2618,1.5578,2.6421,24.06,74.4,28.02,42.02,36.53,41.84,40.0937,228.2209
6/1/2012,0.2461,1.452,2.5194,26.66,80.6,28.02,42.02,28.47,37.12,40.1937,237.7982
6/4/2012,0.25,1.5239,2.5652,26.12,86.5,28.02,42.02,28.54,37.15,40.1937,236.607
6/5/2012,0.25,1.5744,2.642,24.68,84.6,28.02,42.02,32.45,38.82,39.1794,233.5579
6/6/2012,0.2619,1.6592,2.738,22.16,87.7,28.02,42.02,45.47,44.96,38.6722,230.078
6/7/2012,0.2658,1.6388,2.7402,21.72,82.1,27.45,45.75,45.43,44.94,39.1794,230.1238
6/8/2012,0.2659,1.6353,2.7454,21.23,86,27.45,45.75,49.49,46.99,39.1795,229.4731
6/11/2012,0.2659,1.586,2.7083,23.56,86.5,27.45,45.75,43.97,44.31,39.1795,229.4003
6/12/2012,0.2899,1.6642,2.7693,22.09,88.5,27.45,45.75,49.5,47.15,38.1651,228.5804
6/13/2012,0.29,1.5927,2.7083,24.27,89.3,27.45,45.75,46.48,45.68,37.6579,231.7307
6/14/2012,0.294,1.642,2.7409,21.68,91.5,34.04,35.79,51.36,48.23,37.1508,228.8035
6/15/2012,0.2701,1.5773,2.684,21.11,95.4,34.04,35.79,55.58,50.55,38.1652,230.2736
6/18/2012,0.2822,1.5738,2.6606,18.32,85.7,34.04,35.79,56.15,50.87,39.1795,230.6171
6/19/2012,0.2903,1.6197,2.7333,18.38,84.7,34.04,35.79,59.97,53.03,38.1415,228.0342
6/20/2012,0.3105,1.6572,2.7356,17.24,77.7,34.04,35.79,59.01,52.61,38.625,223.283
6/21/2012,0.2985,1.6162,2.6868,20.08,76.2,32.89,35.88,48.09,47.56,39.1336,223.3817
6/22/2012,0.3028,1.6742,2.7616,18.11,75.1,32.89,35.88,51.16,49.15,38.5336,221.5798
6/25/2012,0.2947,1.6024,2.6765,20.38,72.8,32.89,35.88,44.78,45.92,38.4336,226.7587
6/26/2012,0.307,1.6262,2.7,19.72,71.1,32.89,35.88,46.88,46.98,37.4401,226.3753
6/27/2012,0.309,1.6177,2.6918,19.45,70.2,32.89,35.88,50.7,48.94,37.4401,227.232
6/28/2012,0.3011,1.5768,2.6757,19.71,70.2,28.67,44.37,49.79,48.5,37.9473,228.3228
6/29/2012,0.3011,1.6449,2.7533,17.08,73.2,28.67,44.37,59.13,53.58,37.9473,223.5095
7/2/2012,0.2933,1.5885,2.6962,16.8,71.6,28.67,44.37,59.94,54.06,38.9616,224.1491
7/3/2012,0.3013,1.6294,2.7428,16.66,72.4,28.67,44.37,62.01,55.26,37.9472,222.059
7/4/2012,0.3013,1.6294,2.7428,16.66,72.4,28.67,44.37,62.01,55.26,37.8472,222.059
7/5/2012,0.2856,1.5969,2.716,17.5,71.3,32.64,33.33,59.51,54.15,38.8615,222.3089
7/6/2012,0.2698,1.5491,2.6616,17.1,66.8,32.64,33.33,54.74,51.99,38.6616,224.09
7/9/2012,0.2619,1.5117,2.6209,17.98,63.4,32.64,33.33,53.94,51.62,38.6616,225.8275
7/10/2012,0.2659,1.5015,2.6022,18.72,63.3,32.64,33.33,50.05,49.82,37.1401,223.8493
7/11/2012,0.2619,1.5167,2.613,17.95,63.8,32.64,33.33,50.04,49.82,36.4829,221.3313
7/12/2012,0.254,1.4743,2.5614,18.33,63.4,30.23,34.73,47.61,48.71,35.8758,223.567
7/13/2012,0.238,1.4876,2.5727,16.74,63.3,30.23,34.73,55.3,52.32,37.3973,222.2356
7/16/2012,0.2259,1.4724,2.5577,17.11,62.8,30.23,34.73,54.08,51.78,36.8902,219.7642
7/17/2012,0.2379,1.5078,2.6035,16.48,64.2,30.23,34.73,57.32,53.36,36.3579,215.2156
7/18/2012,0.2219,1.4942,2.597,16.16,61.9,30.23,34.73,60.07,54.76,36.8665,209.5782
7/19/2012,0.2138,1.5077,2.6128,15.45,61.2,22.19,41.79,61.18,55.33,37.6836,208.228
7/20/2012,0.2015,1.4567,2.5448,16.27,61.3,22.19,41.79,55.08,52.79,36.5666,210.3288
7/23/2012,0.2095,1.4263,2.499,18.62,61.6,22.19,41.79,50.35,50.68,35.958,215.374
7/24/2012,0.2135,1.3875,2.4537,20.47,62.9,22.19,41.79,46.07,48.66,35.1757,218.2515
7/25/2012,0.2151,1.3975,2.453,19.34,63.1,22.19,41.79,45.92,48.59,35.1757,217.2525
7/26/2012,0.2288,1.4378,2.5031,17.53,62.6,28.12,43.13,54.11,52.28,34.5686,212.2177
7/27/2012,0.2386,1.5463,2.6277,16.7,69.7,28.12,43.13,61.47,56.1,34.5187,208.3693
7/30/2012,0.2229,1.5019,2.5809,18.03,68.4,28.12,43.13,61.2,55.98,34.8259,204.8067
7/31/2012,0.2113,1.4679,2.5467,18.93,69.8,28.12,43.13,58.69,54.9,34.6257,207.2101
8/1/2012,0.2271,1.524,2.5973,18.96,74.1,28.12,43.13,56.94,54.14,35.0329,205.6046
8/2/2012,0.2233,1.4779,2.5537,17.57,69.4,30.45,34.93,52.81,52.33,35.5651,206.2061
8/3/2012,0.2376,1.5631,2.6435,15.64,71.9,30.45,34.93,60.68,56.21,36.3295,204.6934
8/6/2012,0.2397,1.5664,2.6537,15.95,69.7,30.45,34.93,61.54,56.66,36.2795,200.3552
8/7/2012,0.2637,1.6283,2.7207,15.99,73.9,30.45,34.93,63.43,57.66,34.1507,198.1654
8/8/2012,0.2718,1.6491,2.7505,15.32,75.2,30.45,34.93,63.67,57.79,33.0263,197.0947
8/9/2012,0.272,1.6881,2.7549,15.28,73.7,36.47,27.35,63.83,57.87,32.5941,193.1928
8/10/2012,0.2606,1.6573,2.7508,14.74,70.1,36.47,27.35,64.76,58.33,33.5587,194.2662
8/13/2012,0.2648,1.6642,2.7523,13.7,67.2,36.47,27.35,63.75,57.95,33.8159,192.584
8/14/2012,0.275,1.7378,2.8355,14.85,67.9,36.47,27.35,63.64,57.91,32.9721,190.2209
8/15/2012,0.2853,1.8155,2.9196,14.63,73,36.47,27.35,64.23,58.17,35.315,188.4514
8/16/2012,0.2915,1.8346,2.9527,14.29,77.1,36.84,28.07,67.72,59.78,35.215,188.5384
8/17/2012,0.2862,1.8105,2.9309,13.45,74,36.84,28.07,68.59,60.2,36.8406,188.9533
8/20/2012,0.2824,1.8053,2.9189,14.02,70.2,36.84,28.07,68.57,60.19,34.7066,188.469
8/21/2012,0.2866,1.7984,2.8997,15.02,70,36.84,28.07,64.76,58.96,33.2085,187.1578
8/22/2012,0.2585,1.6916,2.8042,15.11,66.8,36.84,28.07,64.89,59.01,32.9335,190.8389
8/23/2012,0.2587,1.6779,2.7917,15.96,65.5,41.96,25.87,56.54,56.19,33.0507,189.2081
8/24/2012,0.2674,1.6865,2.8011,15.18,66.4,41.96,25.87,60.84,57.85,33.358,190.3475
8/27/2012,0.2635,1.6506,2.76,16.35,66.3,41.96,25.87,60.35,57.67,33.358,190.9419
8/28/2012,0.2637,1.6335,2.7469,16.49,64.3,41.96,25.87,59.5,57.38,32.6407,191.6496
8/29/2012,0.2696,1.6506,2.7646,17.06,64.9,41.96,25.87,60.13,57.62,32.5407,191.941
8/30/2012,0.2539,1.6233,2.7446,17.83,68,34.72,32.64,52.02,54.77,32.4408,191.6734
8/31/2012,0.2205,1.5484,2.6723,17.47,68.7,34.72,32.64,56.13,56.21,34.7266,195.1586
9/3/2012,0.2205,1.5484,2.6723,17.47,68.7,34.72,32.64,56.13,56.21,34.3366,195.1586
9/4/2012,0.2303,1.5722,2.6821,17.98,67.1,34.72,32.64,54.96,55.79,32.5652,193.7848
9/5/2012,0.2342,1.596,2.7071,17.74,68.5,34.72,32.64,53.84,55.39,30.8435,192.4041
9/6/2012,0.2579,1.6781,2.7987,15.6,71,33.06,33.06,67.38,60.88,30.6936,189.1918
9/7/2012,0.25,1.6678,2.8245,14.38,68.4,33.06,33.06,69.34,61.87,30.6337,185.2194
9/10/2012,0.246,1.6541,2.8057,16.28,68.2,33.06,33.06,63.12,59.51,30.2837,187.592
9/11/2012,0.246,1.7005,2.8529,16.41,67.9,33.06,33.06,64.85,60.3,30.2143,181.9468
9/12/2012,0.242,1.7576,2.9215,15.8,69.9,33.06,33.06,65.99,60.83,29.2558,178.2373
9/13/2012,0.234,1.723,2.9311,14.05,65.4,36.46,32.99,73.3,64.65,29.2144,179.6981
9/14/2012,0.25,1.866,3.0884,14.51,68.3,36.46,32.99,74.74,65.51,28.8645,167.4003
9/17/2012,0.254,1.8415,3.0359,14.59,64.4,36.46,32.99,71.45,64.23,28.923,165.8495
9/18/2012,0.254,1.8083,3.0053,14.18,59.8,36.46,32.99,70.09,63.71,28.2407,167.1672
9/19/2012,0.2581,1.7718,2.9604,13.88,57.5,36.46,32.99,70.65,63.99,26.9263,167.8237
9/20/2012,0.2581,1.764,2.9441,14.07,59.7,37.5,33.78,70.01,63.76,26.6514,168.603
9/21/2012,0.2581,1.7528,2.9434,13.98,59.6,37.5,33.78,69.91,63.72,26.7837,168.7235
9/24/2012,0.2581,1.7094,2.8959,14.15,57.5,37.5,33.78,67,62.71,27.0909,171.0583
9/25/2012,0.2622,1.6662,2.845,15.43,57.6,37.5,33.78,55.39,58.22,25.7013,173.3765
9/26/2012,0.2578,1.6095,2.7785,16.81,58.5,37.5,33.78,50.31,55.98,26.0835,177.0512
9/27/2012,0.25,1.6542,2.8387,14.84,61.1,36.1,36.46,57.36,58.73,27.4051,173.5816
9/28/2012,0.2304,1.6335,2.823,15.73,60.5,36.1,36.46,53.53,57.01,26.723,172.6468
10/1/2012,0.2343,1.6249,2.8199,16.32,59.4,36.1,36.46,55.42,57.76,27.4123,173.507
10/2/2012,0.2343,1.6198,2.816,15.71,60.4,36.1,36.46,56.05,58.01,26.7801,172.023
10/3/2012,0.2303,1.6146,2.8183,15.43,59.2,36.1,36.46,58.68,59.06,26.6301,171.539
10/4/2012,0.2421,1.6732,2.8896,14.55,59.8,33.86,33.23,63.38,61.07,25.0836,166.6764
10/5/2012,0.2579,1.7428,2.9712,14.33,60.4,33.86,33.23,63.03,60.93,25.4909,160.7228
10/8/2012,0.2579,1.7428,2.9712,15.11,60.4,33.86,33.23,59.26,59.42,25.3909,160.7228
10/9/2012,0.2579,1.7132,2.9257,16.37,59.3,33.86,33.23,50.07,55.39,25.0409,159.6799
10/10/2012,0.2599,1.6742,2.8784,16.29,59.6,33.86,33.23,45.38,53.08,24.6143,162.583
10/11/2012,0.262,1.6699,2.8506,15.59,61.4,30.58,38.85,45.55,53.14,24.3644,160.0149
10/12/2012,0.26,1.656,2.8317,16.14,61.4,30.58,38.85,43.31,52.03,23.7645,158.3973
10/15/2012,0.258,1.663,2.8451,15.27,63,30.58,38.85,50.43,54.68,23.873,154.7038
10/16/2012,0.266,1.7186,2.9153,15.22,64.8,30.58,38.85,57.75,57.77,23.8551,150.1421
10/17/2012,0.2942,1.8185,3.0032,15.07,68.7,30.58,38.85,60.31,58.94,21.4263,141.1548
10/18/2012,0.2983,1.8344,3.0189,15.03,69,28.66,44.55,58.05,57.95,22.2408,138.5638
10/19/2012,0.2945,1.7633,2.9339,17.06,68.5,28.66,44.55,45.63,51.84,22.598,142.6712
10/22/2012,0.3067,1.8134,2.9705,16.62,69.8,28.66,44.55,45.95,51.98,22.448,140.6591
10/23/2012,0.2865,1.7572,2.9025,18.83,68.9,28.66,44.55,37.92,47.41,21.3835,148.2778
10/24/2012,0.2892,1.7889,2.9494,18.33,67.1,28.66,44.55,36.48,46.52,20.7763,145.1143
10/25/2012,0.3108,1.8233,2.9771,18.12,73.1,29.25,43.08,38.91,47.5,20.1691,145.6746
10/26/2012,0.297,1.7451,2.9042,17.81,73,29.25,43.08,38.52,47.28,20.1693,149.4886
10/29/2012,0.2892,1.7189,2.8826,17.81,71.1,29.25,43.08,38.52,47.28,20.1193,151.1116
10/30/2012,0.2892,1.7189,2.8826,17.81,71.1,29.25,43.08,38.52,47.28,20.075,151.1116
10/31/2012,0.2814,1.6901,2.8579,18.6,71.4,29.25,43.08,38.66,47.34,20.6263,149.989
11/1/2012,0.2814,1.7242,2.901,16.69,72,35.74,40.98,47.67,50.98,22.1479,150.5794
11/2/2012,0.2816,1.7147,2.9066,17.59,72.3,35.74,40.98,41.92,48,22.148,151.535
11/5/2012,0.2737,1.6841,2.8762,18.42,68.6,35.74,40.98,43.59,48.71,22.5552,152.5919
11/6/2012,0.3015,1.7507,2.9203,17.58,69.3,35.74,40.98,49.32,51.21,22.0229,150.934
11/7/2012,0.2698,1.6466,2.8279,19.08,60.9,35.74,40.98,37.01,44.39,21.3393,152.3366
11/8/2012,0.2579,1.6148,2.7507,18.49,59.1,38.5,39.91,32.6,41.52,22.3565,154.519
11/9/2012,0.258,1.6063,2.7408,18.61,59.1,38.5,39.91,33.77,42.05,21.848,157.3674
11/12/2012,0.258,1.6063,2.7408,16.68,59.1,38.5,39.91,33.86,42.09,21.848,157.3674
11/13/2012,0.25,1.5945,2.7247,16.65,57.3,38.5,39.91,32.34,41.15,22.3566,157.5539
11/14/2012,0.246,1.5911,2.727,17.92,56.8,38.5,39.91,27.69,38.09,20.8585,158.8926
11/15/2012,0.242,1.5928,2.7308,17.99,55.6,28.82,48.82,27.21,37.76,23.4944,160.7242
11/16/2012,0.2379,1.58,2.7324,16.41,55,28.82,48.82,31.1,39.41,23.5445,162.998
11/19/2012,0.2419,1.6131,2.7631,15.24,54.7,28.82,48.82,44.29,45.54,23.5445,161.6912
11/20/2012,0.254,1.6659,2.8206,15.08,53.7,28.82,48.82,44.68,45.74,23.9515,159.4084
11/21/2012,0.2702,1.6796,2.8198,15.31,53.9,28.82,48.82,46.1,46.43,22.0229,159.0379
11/22/2012,0.2702,1.6796,2.8198,15.31,53.9,35.82,40.78,46.1,46.43,22.0229,159.0379
11/23/2012,0.2703,1.6899,2.8284,15.14,53.7,35.82,40.78,53.35,50.12,22.5302,159.0057
11/26/2012,0.2663,1.6625,2.8018,15.5,53.5,35.82,40.78,52.15,49.56,22.023,158.7454
11/27/2012,0.2602,1.6369,2.7847,15.92,51.7,35.82,40.78,49.12,48.14,23.0372,159.3083
11/28/2012,0.2618,1.6284,2.7979,15.51,52.3,35.82,40.78,53.48,50.34,21.9229,159.1614
11/29/2012,0.2539,1.6147,2.7956,15.06,51.7,40.93,34.36,55.72,51.51,22.9373,161.5256
11/30/2012,0.2461,1.6156,2.8089,15.87,51.8,40.93,34.36,55.81,51.56,23.4445,160.4416
12/3/2012,0.25,1.6207,2.7987,16.64,51,40.93,34.36,52.54,50.15,23.4445,160.9301
12/4/2012,0.2421,1.6028,2.777,17.12,51.7,40.93,34.36,51.38,49.64,21.4157,160.7213
12/5/2012,0.2381,1.5875,2.777,16.46,52.3,40.93,34.36,52.43,50.12,21.9229,161.2548
12/6/2012,0.2381,1.5857,2.7739,16.58,53.3,42.22,34.6,54.63,51.13,21.9229,160.4262
12/7/2012,0.2381,1.6215,2.8104,15.9,53.1,42.22,34.6,56.55,52.01,22.8373,159.8462
12/10/2012,0.2341,1.6164,2.7979,16.05,52.2,42.22,34.6,56.77,52.12,23.4445,159.3593
12/11/2012,0.238,1.6541,2.841,15.57,51.6,42.22,34.6,61.05,54.12,24.3586,156.5917
12/12/2012,0.242,1.698,2.8894,15.95,53.6,42.22,34.6,61.33,54.26,24.8657,154.2047
12/13/2012,0.25,1.7299,2.9054,16.56,55.1,43.23,30.08,55.22,52,25.7299,152.0076
12/14/2012,0.234,1.7015,2.864,17,52.8,43.23,30.08,51.62,50.59,28.2651,152.8525
12/17/2012,0.25,1.7717,2.9457,16.34,57.1,43.23,30.08,59.71,54.26,28.8721,149.8324
12/18/2012,0.2779,1.817,2.9979,15.57,63,43.23,30.08,65.75,57.47,25.8299,148.2958
12/19/2012,0.2739,1.8014,2.9865,17.36,57.8,43.23,30.08,59.35,54.81,25.9299,145.8629
12/20/2012,0.27,1.7962,2.9807,17.67,54.4,46.4,24.8,62.19,56.31,25.9299,145.382
12/21/2012,0.2661,1.7623,2.9312,17.84,55.3,46.4,24.8,55.06,53.18,25.4229,146.768
12/24/2012,0.2661,1.7737,2.9385,17.84,54.9,46.4,24.8,53.36,52.4,25.93,147.629
12/25/2012,0.2661,1.7737,2.9385,17.84,54.9,46.4,24.8,53.36,52.4,25.93,147.629
12/26/2012,0.2661,1.7511,2.9224,19.48,54.5,46.4,24.8,50.11,50.89,25.4229,147.8891
12/27/2012,0.2622,1.7364,2.9095,19.47,55,44.4,30.22,49.28,50.51,24.5087,145.3637
12/28/2012,0.2465,1.7009,2.8672,22.72,56.7,44.4,30.22,42.5,47.21,27.8,149.9132
12/31/2012,0.2468,1.7574,2.9499,18.02,59.4,44.4,30.22,53.06,52.12,26.5441,146.2602
1/1/2013,0.2468,1.7574,2.9499,18.02,59.4,44.4,30.22,53.06,52.12,26.5441,146.2602
1/2/2013,0.2549,1.8371,3.0419,14.68,61.1,44.4,30.22,63.93,58.25,24.9229,141.2919
1/3/2013,0.2669,1.9121,3.1251,14.56,63.5,38.71,36.2,62.62,57.61,23.9087,135.7869
1/4/2013,0.2635,1.8991,3.0972,13.83,62,38.71,36.2,64.45,58.71,23.9087,137.0935
1/7/2013,0.2637,1.8974,3.1006,13.79,59.9,38.71,36.2,62.33,57.71,24.4158,135.2636
1/8/2013,0.252,1.8683,3.0679,13.62,58.6,38.71,36.2,60.12,56.68,25.4299,136.1743
1/9/2013,0.2402,1.8568,3.0604,13.81,56.3,38.71,36.2,61.32,57.33,24.9228,136.3155
1/10/2013,0.2483,1.8958,3.0796,13.49,58.2,46.45,26.92,64.62,59.13,24.4157,135.4199
1/11/2013,0.2489,1.8677,3.0479,13.36,59.2,46.45,26.92,64.59,59.11,23.8087,136.2316
1/14/2013,0.245,1.8448,3.0313,13.52,55.8,46.45,26.92,63.81,58.78,23.8087,137.5216
1/15/2013,0.2452,1.836,3.0255,13.55,53.1,46.45,26.92,64.37,59.07,22.6944,138.3979
1/16/2013,0.2413,1.8185,3.0131,13.42,53.2,46.45,26.92,64.47,59.12,23.2015,141.1546
1/17/2013,0.2616,1.8794,3.0722,13.57,56.9,43.94,27.32,67.4,60.57,23.1015,138.0558
1/18/2013,0.2503,1.8416,3.0289,12.46,55.9,43.94,27.32,69.06,61.43,23.1016,138.8355
1/21/2013,0.2503,1.8416,3.0289,12.46,55.9,43.94,27.32,69.06,61.43,23.1016,138.8355
1/22/2013,0.2423,1.8417,3.0281,12.43,53.7,43.94,27.32,71.13,62.54,24.1158,138.8299
1/23/2013,0.2344,1.8241,3.0182,12.46,53.6,43.94,27.32,71.82,62.92,23.0015,140.5906
1/24/2013,0.2386,1.8498,3.0431,12.69,55.3,52.34,24.27,71.83,62.92,22.4444,138.0228
1/25/2013,0.2718,1.9487,3.1333,12.89,66.2,52.34,24.27,74.41,64.3,22.9516,135.1281
1/28/2013,0.274,1.9613,3.141,13.57,63.7,52.34,24.27,71.98,63.47,24.0658,134.8667
1/29/2013,0.2774,1.9991,3.1839,13.31,62.4,52.34,24.27,74.46,64.78,23.4586,133.0885
1/30/2013,0.2657,1.992,3.1822,14.32,66.4,52.34,24.27,69.39,62.98,23.7657,134.7981
1/31/2013,0.2618,1.9849,3.1719,14.28,65.6,48.04,24.3,66.22,61.82,22.7015,134.5075
2/1/2013,0.2618,2.0149,3.2178,12.9,65,48.04,24.3,71.68,64.47,22.9587,134.5082
2/4/2013,0.25,1.9548,3.1599,14.67,63.1,48.04,24.3,59.65,59.52,23.9729,137.523
2/5/2013,0.254,1.998,3.2083,13.72,64.8,48.04,24.3,65.25,62.2,22.4515,136.2005
2/6/2013,0.246,1.9603,3.1694,13.41,62.8,48.04,24.3,65.53,62.34,22.7086,136.9675
2/7/2013,0.25,1.9568,3.1703,13.5,59.9,42.77,29.56,63.74,61.58,22.6087,136.3178
2/8/2013,0.25,1.9499,3.1635,13.02,61.5,42.77,29.56,66.79,63.04,22.6087,137.01
2/11/2013,0.254,1.9635,3.1704,12.94,60,42.77,29.56,66.14,62.77,22.7187,135.6541
2/12/2013,0.262,1.977,3.1886,12.64,59.8,42.77,29.56,67.04,63.19,21.0972,137.2956
2/13/2013,0.274,2.0277,3.2338,12.98,61.7,42.77,29.56,67.39,63.35,19.8829,133.2304
2/14/2013,0.262,1.9974,3.1765,12.66,59.1,42.25,28.73,67.82,63.54,19.3758,132.2597
2/15/2013,0.2661,2.0017,3.1753,12.46,59.1,42.25,28.73,66.4,63.03,19.3759,132.8278
2/18/2013,0.2661,2.0017,3.1753,12.46,59.1,42.25,28.73,66.4,63.03,19.2759,132.8278
2/19/2013,0.2701,2.0278,3.2098,12.31,58.4,42.25,28.73,70.98,65.08,18.2615,131.2234
2/20/2013,0.2581,2.0087,3.1991,14.68,57.9,42.25,28.73,56.79,59.28,17.2469,132.1342
2/21/2013,0.25,1.9766,3.1671,15.22,59.7,41.79,32.5,51.25,56.66,16.6397,133.3412
2/22/2013,0.248,1.9619,3.1525,14.17,58.6,41.79,32.5,57.43,59.24,16.6398,133.8149
2/25/2013,0.2378,1.8637,3.0617,18.99,60,41.79,32.5,44.6,52.44,16.9971,138.6276
2/26/2013,0.2422,1.8808,3.0784,16.87,58,41.79,32.5,48.65,54.22,17.5041,136.9165
2/27/2013,0.2422,1.9014,3.0992,14.73,57.3,41.79,32.5,55.92,57.66,18.5685,135.8576
2/28/2013,0.2343,1.8756,3.0856,15.51,55.9,28.39,36.59,55.34,57.35,18.5686,136.438
3/1/2013,0.2342,1.8412,3.0506,15.36,55,28.39,36.59,56.64,57.97,18.2687,140.8771
3/4/2013,0.2342,1.8755,3.0864,14.01,53.9,28.39,36.59,59.18,59.19,19.6902,138.4514
3/5/2013,0.2381,1.8978,3.1064,13.48,56.5,28.39,36.59,63.94,61.6,18.4757,137.2183
3/6/2013,0.246,1.9375,3.1517,13.53,58.4,28.39,36.59,64.45,61.86,18.3257,135.2512
3/7/2013,0.25,1.9965,3.2032,13.06,60.5,31.06,38.51,65.34,62.32,18.4258,132.3538
3/8/2013,0.25,2.0427,3.2438,12.59,58.1,31.06,38.51,67.49,63.43,19.3902,130.7291
3/11/2013,0.254,2.0576,3.2596,11.56,55.1,31.06,38.51,69,64.22,18.883,129.2396
3/12/2013,0.254,2.0156,3.2131,12.27,53.7,31.06,38.51,66.53,63.17,18.9829,130.4369
3/13/2013,0.258,2.0209,3.2181,11.83,54.6,31.06,38.51,67.22,63.51,19.3901,130.9127
3/14/2013,0.262,2.0296,3.2388,11.3,56,45.42,32.03,70.06,64.93,18.8829,130.0383
3/15/2013,0.25,1.9895,3.2115,11.3,55.8,45.42,32.03,68.21,64.18,19.8973,132.0544
3/18/2013,0.242,1.9546,3.1843,13.36,55.9,45.42,32.03,62.21,61.67,20.9116,134.5364
3/19/2013,0.2379,1.9017,3.1281,14.39,59.6,45.42,32.03,59.73,60.6,23.1399,135.8251
3/20/2013,0.246,1.9581,3.1983,12.67,58.0251,45.42,32.03,63.99,62.46,21.8186,133.1913
3/21/2013,0.246,1.9112,3.1322,13.99,58.9583,38.94,33.33,56.04,58.88,21.8187,136.8786
3/22/2013,0.25,1.925,3.1476,13.57,61.8894,38.94,33.33,60.57,60.87,21.8687,135.4986
3/25/2013,0.2419,1.9198,3.1484,13.74,57.6686,38.94,33.33,57.58,59.47,22.2258,135.0212
3/26/2013,0.2459,1.9094,3.1427,12.77,56.0624,38.94,33.33,62.25,61.59,21.2615,136.064
3/27/2013,0.2422,1.8454,3.0879,13.15,58.4143,38.94,33.33,61.69,61.34,19.7401,140.4612
3/28/2013,0.2422,1.8487,3.1023,12.7,57.3202,38.4,28.65,64.08,62.44,21.1616,140.1325
3/29/2013,0.2421,1.8486,3.1023,12.7,57.3202,38.4,28.65,64.08,62.44,21.1616,140.1365
4/1/2013,0.2382,1.8314,3.0743,13.58,56.1681,38.4,28.65,59.65,60.47,23.697,142.8606
4/2/2013,0.2382,1.859,3.0999,12.78,55.9792,38.4,28.65,62.83,61.9,19.5901,140.1043
4/3/2013,0.2264,1.8106,3.052,14.21,57.8988,38.4,28.65,53.51,57.49,22.5328,140.9354
4/4/2013,0.2263,1.7625,2.9874,13.89,56.9154,35.49,28.17,56.17,58.65,21.9557,141.7459
4/5/2013,0.2282,1.7128,2.875,13.92,54.8462,35.49,28.17,52.71,56.94,21.8558,142.7212
4/8/2013,0.2302,1.746,2.9147,13.19,54.9331,35.49,28.17,56.89,58.76,22.3629,141.3974
4/9/2013,0.2301,1.7502,2.9377,12.84,52.7219,35.49,28.17,59.09,59.75,21.7257,140.976
4/10/2013,0.2301,1.8034,3.003,12.36,53.9292,35.49,28.17,65.62,62.94,21.1186,137.6589
4/11/2013,0.2301,1.7887,2.9952,12.24,52.609,19.31,54.48,67.28,63.81,21.6257,137.1268
4/12/2013,0.226,1.7208,2.9177,12.06,53.1198,19.31,54.48,64.59,62.59,21.6758,139.9186
4/15/2013,0.218,1.6798,2.859,17.27,52.347,19.31,54.48,47.93,53.94,22.1829,143.0213
4/16/2013,0.2259,1.7224,2.9092,13.96,51.9288,19.31,54.48,55.46,57.63,22.6399,140.7619
4/17/2013,0.2259,1.695,2.8779,16.51,51.9747,19.31,54.48,47.88,53.16,22.5399,142.5031
4/18/2013,0.2259,1.6847,2.8597,17.56,51.3105,26.85,48.22,44.84,51.26,22.5399,142.5346
4/19/2013,0.2298,1.7049,2.8847,14.97,51.3114,26.85,48.22,49.38,53.51,23.047,142.5091
4/22/2013,0.2217,1.6929,2.8778,14.39,50.5813,26.85,48.22,51.66,54.66,22.947,142.7132
4/23/2013,0.2257,1.7065,2.903,13.48,50.0439,26.85,48.22,56.4,57.13,22.997,141.3531
4/24/2013,0.2269,1.7047,2.8953,13.61,49.7509,26.85,48.22,56.41,57.13,22.4899,139.5318
4/25/2013,0.2249,1.708,2.9045,13.62,49.3939,28.29,38.82,58.27,58.08,22.4899,140.197
4/26/2013,0.2112,1.6633,2.8611,13.61,50.2379,28.29,38.82,57.07,57.48,22.4899,140.6651
4/29/2013,0.2072,1.6701,2.8785,13.71,49.6486,28.29,38.82,60.48,59.19,22.3399,139.9909
4/30/2013,0.2074,1.6717,2.8762,13.52,49.2418,28.29,38.82,61.63,59.78,22.747,140.8285
5/1/2013,0.1996,1.629,2.8278,14.49,49.0404,28.29,38.82,55.16,56.62,22.2399,143.1
5/2/2013,0.1958,1.6255,2.8211,13.59,49.6275,30.99,35.92,59.72,58.87,23.7611,142.4498
5/3/2013,0.2158,1.7382,2.9537,12.85,49.0404,30.99,35.92,64.15,61.22,22.947,139.1775
5/6/2013,0.212,1.7588,2.9762,12.66,49.4904,30.99,35.92,64.91,61.64,24.4681,137.1153
5/7/2013,0.22,1.7778,2.995,12.83,51.0928,30.99,35.92,66.99,62.77,24.9751,134.2208
5/8/2013,0.2202,1.7665,2.9871,12.66,49.3141,30.99,35.92,68.58,63.65,23.454,133.3504
5/9/2013,0.2203,1.8109,2.9926,13.13,48.8695,40.79,27.44,65.54,62.29,23.9611,129.9107
5/10/2013,0.2367,1.8973,3.0943,12.59,55.3227,40.79,27.44,67.36,63.24,23.9611,127.2702
5/13/2013,0.2368,1.9199,3.1308,12.55,56.5094,40.79,27.44,67.37,63.25,23.9611,125.0112
5/14/2013,0.245,1.974,3.1905,12.77,57.7357,40.79,27.44,71.49,65.45,23.8611,121.6035
5/15/2013,0.2371,1.9347,3.1559,12.81,58.2848,40.79,27.44,73.34,66.51,23.8611,125.527
5/16/2013,0.2293,1.8809,3.0976,13.07,55.9588,38.49,29.34,68.63,64.5,24.8751,125.9117
5/17/2013,0.2418,1.9506,3.1669,12.45,61.3274,38.49,29.34,72.51,66.63,24.3181,123.9384
5/20/2013,0.2379,1.9647,3.1762,13.02,60.5436,38.49,29.34,71.85,66.35,24.2681,123.5346
5/21/2013,0.234,1.9263,3.1309,13.37,59.7589,38.49,29.34,72.51,66.71,23.8611,126.3731
5/22/2013,0.2463,2.0395,3.2195,13.82,65.3652,38.49,29.34,64.64,63.33,23.8261,120.0547
5/23/2013,0.2465,2.0157,3.1906,14.07,68.2182,48.97,21.58,62.1,62.19,23.219,123.4271
5/24/2013,0.2472,2.0081,3.1721,13.99,65.1208,48.97,21.58,61.61,61.97,23.7261,123.1942
5/27/2013,0.2472,2.0081,3.1721,13.99,65.1208,48.97,21.58,61.61,61.97,23.7261,123.1942
5/28/2013,0.2882,2.1652,3.3217,14.48,75.5083,48.97,21.58,65.03,63.49,23.2191,116.4779
5/29/2013,0.2931,2.1153,3.266,14.83,81.2154,48.97,21.58,58.73,60.69,24.0261,122.4664
5/30/2013,0.2931,2.111,3.2712,14.53,77.4134,35.97,29.64,60.84,61.6,24.9301,122.9026
5/31/2013,0.2933,2.1282,3.2791,16.3,79.9852,35.97,29.64,50.05,56.34,24.9901,125.1822
6/3/2013,0.2914,2.1193,3.2661,16.28,79.2288,35.97,29.64,53.67,57.86,24.7901,126.0651
6/4/2013,0.2974,2.1462,3.3114,16.27,82.7881,35.97,29.64,50.02,55.98,23.339,127.3765
6/5/2013,0.2856,2.0892,3.2463,17.5,83.6421,35.97,29.64,42.32,51.66,23.8961,135.0761
6/6/2013,0.2876,2.0769,3.2446,16.63,84.7485,29.47,38.95,47.6,53.9,22.862,136.3127
6/7/2013,0.3017,2.1718,3.3343,15.14,81.5289,29.47,38.95,54.44,57.03,23.4591,132.8173
6/10/2013,0.3097,2.2097,3.3697,15.44,84.7485,29.47,38.95,54.23,56.92,23.3591,132.0281
6/11/2013,0.3218,2.1846,3.3141,17.07,82.3352,29.47,38.95,48.38,53.79,23.169,137.5382
6/12/2013,0.3259,2.228,3.3697,18.59,81.8907,29.47,38.95,44.2,51.4,22.762,136.2001
6/13/2013,0.282,2.1489,3.3168,16.41,82.4018,32.97,34.59,52.03,55.02,23.269,141.1096
6/14/2013,0.2701,2.1295,3.3046,17.15,78.4531,32.97,34.59,49.04,53.36,23.2191,136.0522
6/17/2013,0.262,2.1817,3.3512,16.8,78.4642,32.97,34.59,52.78,55.15,23.2691,134.8341
6/18/2013,0.2621,2.1854,3.3415,16.61,81.0153,32.97,34.59,56.36,56.92,22.662,135.4631
6/19/2013,0.3064,2.3527,3.4119,16.64,86.8946,32.97,34.59,49.17,53.04,23.119,131.7319
6/20/2013,0.3267,2.4144,3.5129,20.49,96.0231,37.45,29.96,39.5,47.11,23.199,138.5568
6/21/2013,0.3676,2.531,3.5818,18.9,103.7298,37.45,29.96,40.81,47.74,23.2191,134.9036
6/24/2013,0.3841,2.5368,3.5473,20.11,110.9822,37.45,29.96,36.9,45.2,23.6191,141.3237
6/25/2013,0.4047,2.6082,3.6224,18.47,108.442,37.45,29.96,41.55,47.43,22.0328,138.1752
6/26/2013,0.3789,2.5353,3.5791,17.21,103.4642,37.45,29.96,45.93,49.6,21.9828,141.4714
6/27/2013,0.3514,2.4721,3.5344,16.86,97.1255,30.28,35.17,48.64,50.96,22.837,142.7895
6/28/2013,0.3554,2.4857,3.4994,16.86,99.7542,30.28,35.17,46.88,49.99,24.2681,139.4329
7/1/2013,0.3514,2.4765,3.4775,16.37,101.318,30.28,35.17,49.35,51.2,26.2961,141.3453
7/2/2013,0.3474,2.4693,3.4729,16.44,107.5594,30.28,35.17,49.1,51.07,25.2621,140.0713
7/3/2013,0.3631,2.5032,3.4931,16.2,109.2726,30.28,35.17,49.52,51.26,23.334,138.6804
7/4/2013,0.3631,2.5032,3.4931,16.2,109.2726,41.99,23.84,49.52,51.26,23.034,138.6804
7/5/2013,0.3948,2.7391,3.713,14.89,117.8877,41.99,23.84,54.48,53.6,23.4411,130.0895
7/8/2013,0.3591,2.6356,3.6334,14.78,107.7783,41.99,23.84,56.85,54.77,23.8181,132.4371
7/9/2013,0.367,2.634,3.6477,14.35,99.5145,41.99,23.84,59.96,56.35,23.3611,129.6043
7/10/2013,0.3511,2.6238,3.6496,14.21,98.9792,41.99,23.84,60.04,56.39,23.8681,132.6232
7/11/2013,0.3291,2.5721,3.6297,14.01,93.5369,48.94,18.3,65.49,59.26,23.7681,126.7924
7/12/2013,0.339,2.5821,3.625,13.84,94.4621,48.94,18.3,66.62,59.89,23.7181,127.7878
7/15/2013,0.3269,2.5372,3.593,13.79,89.4019,48.94,18.3,67.13,60.17,24.7321,129.2844
7/16/2013,0.3228,2.5317,3.5855,14.42,87.9952,48.94,18.3,64.23,59,24.0851,126.8279
7/17/2013,0.2986,2.4888,3.5752,13.78,81.9189,48.94,18.3,65.43,59.61,24.0851,126.1184
7/18/2013,0.3026,2.5284,3.6262,13.77,77.447,47.74,21.25,67.56,60.7,24.0851,124.1642
7/19/2013,0.2982,2.4839,3.5604,12.54,75.9024,47.74,21.25,68.24,61.05,24.4421,122.6052
7/22/2013,0.3021,2.4804,3.5501,12.29,72.6182,47.74,21.25,69.12,61.5,25.4561,121.9608
7/23/2013,0.3061,2.5049,3.5773,12.66,74.0521,47.74,21.25,67.29,60.84,25.0691,120.507
7/24/2013,0.3481,2.588,3.6464,13.18,80.1974,47.74,21.25,63.57,59.48,24.4021,117.1993
7/25/2013,0.3206,2.5712,3.6407,12.97,82.604,45.12,22.56,64.96,60.09,24.8591,121.8795
7/26/2013,0.3127,2.5624,3.6209,12.72,81.6379,45.12,22.56,65.42,60.3,24.9791,118.7618
7/29/2013,0.3167,2.6023,3.6744,13.39,83.1824,45.12,22.56,61.48,58.9,25.0791,116.7665
7/30/2013,0.3127,2.6101,3.6821,13.39,83.2696,45.12,22.56,61.72,58.99,22.9511,115.9858
7/31/2013,0.3089,2.5762,3.6353,13.45,82.5984,45.12,22.56,61.57,58.94,23.0111,119.3761
8/1/2013,0.3247,2.706,3.7542,12.94,91.3993,35.62,25,69.25,62.18,23.0111,115.401
8/2/2013,0.2974,2.596,3.6843,11.98,73.1565,35.62,25,70.1,62.58,23.6181,117.396
8/5/2013,0.3014,2.6333,3.726,11.84,72.6633,35.62,25,68.26,61.97,22.9911,116.6658
8/6/2013,0.3054,2.6421,3.728,12.72,78.1799,35.62,25,61.54,59.61,23.0911,115.7854
8/7/2013,0.3015,2.5986,3.6854,12.98,75.4381,35.62,25,57.51,58.1,22.584,118.1414
8/8/2013,0.3016,2.5892,3.6729,12.73,75.362,39.5,26.65,60.35,59.19,21.907,118.0823
8/9/2013,0.3018,2.5784,3.6345,13.41,75.4038,39.5,26.65,56.59,57.75,21.3999,119.1566
8/12/2013,0.3059,2.6206,3.6838,12.81,74.0896,39.5,26.65,55.39,57.29,21.3999,116.9423
8/13/2013,0.33,2.719,3.7594,12.31,81.6737,39.5,26.65,57.71,58.12,21.857,115.1002
8/14/2013,0.3261,2.7136,3.7523,13.04,80.9185,39.5,26.65,52.24,56.01,21.757,115.6444
8/15/2013,0.3462,2.7664,3.8086,14.73,86.7418,34.51,28.17,40.82,50.77,21.757,115.3648
8/16/2013,0.3386,2.8251,3.8483,14.37,94.654,34.51,28.17,38.74,49.68,22.8611,115.4901
8/19/2013,0.3508,2.8804,3.8995,15.1,99.4839,34.51,28.17,35.29,47.78,22.7611,114.9592
8/20/2013,0.3388,2.8142,3.8529,14.91,95.7008,34.51,28.17,39.05,49.08,22.6611,116.5769
8/21/2013,0.3673,2.8935,3.9197,15.94,98.7874,34.51,28.17,35.66,47.23,23.1681,112.6483
8/22/2013,0.3877,2.8844,3.8702,14.76,103.1897,28.96,42.86,43.49,50.11,24.1821,117.5639
8/23/2013,0.3761,2.8146,3.7916,13.98,99.7944,28.96,42.86,46.72,51.37,23.6751,117.5417
8/26/2013,0.364,2.7853,3.7648,14.99,95.8018,28.96,42.86,43.94,50.02,25.703,118.4699
8/27/2013,0.356,2.7087,3.6916,16.77,94.9219,28.96,42.86,35.14,45.22,19.8557,120.1299
8/28/2013,0.3947,2.7653,3.7356,16.49,98.542,28.96,42.86,37.44,46.13,23.5151,119.4711
8/29/2013,0.3947,2.7617,3.7144,16.81,98.8459,33.54,30.75,39.11,46.79,24.0921,116.831
8/30/2013,0.3987,2.7839,3.6995,17.01,103.5277,33.54,30.75,37.37,45.85,23.9221,114.6085
9/2/2013,0.3987,2.7839,3.6995,17.01,103.5277,33.54,30.75,37.37,45.85,23.9221,114.6085
9/3/2013,0.4145,2.8576,3.7943,16.61,105.7785,33.54,30.75,41.05,47.28,24.4291,115.2353
9/4/2013,0.47,2.8966,3.797,15.88,111.3608,33.54,30.75,47.56,49.95,24.3791,115.337
9/5/2013,0.5177,2.9937,3.8849,15.77,114.1887,35.53,31.25,48.48,50.34,23.7821,113.628
9/6/2013,0.4545,2.9342,3.8657,15.85,105.4876,35.53,31.25,48.52,50.36,24.1191,116.5781
9/9/2013,0.4427,2.912,3.853,15.63,100.7114,35.53,31.25,55.93,53.57,24.5761,114.8037
9/10/2013,0.4707,2.9643,3.8941,14.53,101.8103,35.53,31.25,60.47,55.76,24.0691,115.5688
9/11/2013,0.4429,2.9122,3.8539,13.82,97.9994,35.53,31.25,62.23,56.65,23.9191,117.7846
9/12/2013,0.443,2.9095,3.8521,14.29,96.3782,45.52,24.58,59.09,55.37,23.9191,119.0544
9/13/2013,0.4312,2.8846,3.8349,14.16,96.1705,45.52,24.58,60.79,56.19,24.3761,121.5379
9/16/2013,0.387,2.8643,3.8667,14.38,94.5474,45.52,24.58,64.18,57.87,24.678,119.5718
9/17/2013,0.371,2.8468,3.8322,14.53,90.8188,45.52,24.58,66.5,59.08,24.688,119.3247
9/18/2013,0.3206,2.6878,3.7471,13.59,82.746,45.52,24.58,72.13,62.32,24.738,122.2188
9/19/2013,0.3347,2.7519,3.8024,13.16,80.3358,45.11,29.7,70.18,61.55,25.0189,117.8087
9/20/2013,0.3304,2.7337,3.7613,13.12,77.7286,45.11,29.7,63.02,58.61,23.9461,117.6271
9/23/2013,0.3304,2.6999,3.725,14.31,75.3482,45.11,29.7,58.83,56.79,24.553,120.0099
9/24/2013,0.3262,2.6552,3.6698,14.08,74.8227,45.11,29.7,56.6,55.81,22.9921,120.4761
9/25/2013,0.3402,2.628,3.6698,14.01,75.3016,45.11,29.7,54.28,54.78,23.2391,119.2008
9/26/2013,0.3402,2.6498,3.6951,14.06,77.5522,36.05,30.61,56.71,55.85,24.8089,121.0155
9/27/2013,0.3324,2.6245,3.6864,15.46,77.9955,36.05,30.61,53.14,54.29,23.8211,122.553
9/30/2013,0.3168,2.61,3.6847,16.6,80.1572,36.05,30.61,48.32,52.07,24.378,125.0035
10/1/2013,0.3287,2.65,3.7171,15.54,87.3693,36.05,30.61,54.22,54.6,23.0641,122.9987
10/2/2013,0.3169,2.6173,3.7013,16.6,82.1508,36.05,30.61,53.66,54.35,23.928,124.272
10/3/2013,0.3091,2.6046,3.7074,17.67,80.3343,37.84,30.07,46.74,51.1,22.2571,123.5411
10/4/2013,0.3292,2.6447,3.7198,16.74,82.4795,37.84,30.07,51.94,53.35,22.2571,122.529
10/7/2013,0.3412,2.6265,3.6917,19.41,80.2882,37.84,30.07,46.06,50.43,22.3071,123.3486
10/8/2013,0.3811,2.632,3.6899,20.34,81.1225,37.84,30.07,39.19,46.65,19.797,123.799
10/9/2013,0.3574,2.6631,3.7374,19.6,80.7998,37.84,30.07,39.63,46.84,20.504,120.692
10/10/2013,0.3416,2.6814,3.7339,16.48,80.0847,41.33,33.58,53.58,53.37,19.747,117.8574
10/11/2013,0.3501,2.6871,3.7472,15.72,77.1074,41.33,33.58,56.74,55.05,18.7829,115.29
10/14/2013,0.3501,2.6871,3.7472,16.07,77.1074,41.33,33.58,58.72,56.12,19.0029,115.29
10/15/2013,0.3543,2.7276,3.7891,18.66,75.8137,41.33,33.58,54.09,53.82,14.2137,114.2392
10/16/2013,0.3303,2.6633,3.7207,14.71,73.1707,41.33,33.58,60.6,57.33,15.9851,115.6654
10/17/2013,0.3103,2.5894,3.6585,13.48,70.0888,46.28,24.92,63.36,58.93,20.149,115.0555
10/18/2013,0.3106,2.5777,3.6412,13.04,72.4643,46.28,24.92,65.89,60.43,22.0271,116.2319
10/21/2013,0.3106,2.6014,3.6698,13.16,71.4668,46.28,24.92,65.92,60.45,21.3251,114.8631
10/22/2013,0.2905,2.5124,3.6085,13.33,63.0545,46.28,24.92,68.16,61.77,21.3001,115.7565
10/23/2013,0.3068,2.5016,3.5947,13.42,62.0475,46.28,24.92,64.39,60.06,20.7931,116.8405
10/24/2013,0.3028,2.5197,3.611,13.2,63.1394,49.2,17.57,65.79,60.83,20.7681,117.0325
10/25/2013,0.2989,2.5088,3.5999,13.09,61.14,49.2,17.57,67.64,61.86,20.6431,116.1174
10/28/2013,0.3031,2.5233,3.6179,13.31,58.5357,49.2,17.57,68.2,62.17,22.0641,115.6686
10/29/2013,0.3127,2.5034,3.6127,13.41,58.8118,49.2,17.57,70.53,63.48,20.1961,115.66
10/30/2013,0.3127,2.5378,3.6412,13.65,60.5962,49.2,17.57,65.97,61.55,21.1481,113.2162
10/31/2013,0.305,2.5542,3.6386,13.75,61.6804,44.97,21.48,62.55,60.07,20.6511,112.5796
11/1/2013,0.3091,2.6218,3.6961,13.28,69.5623,44.97,21.48,64.06,60.8,20.2261,111.8185
11/4/2013,0.3013,2.6035,3.6926,12.93,64.2148,44.97,21.48,65.89,61.7,20.2611,111.6467
11/5/2013,0.3014,2.6696,3.7714,13.27,68.5614,44.97,21.48,63.16,60.57,19.207,109.0351
11/6/2013,0.2896,2.6421,3.7732,12.67,67.0706,44.97,21.48,65.49,61.67,19.302,109.7906
11/7/2013,0.2817,2.5999,3.7084,13.91,66.5181,45.48,21.81,54.06,56.59,18.3128,112.0053
11/8/2013,0.3098,2.7477,3.8454,12.9,69.9217,45.48,21.81,61.36,60.02,18.8699,107.234
11/11/2013,0.3098,2.7477,3.8454,12.53,69.9217,45.48,21.81,61.72,60.19,18.8549,107.234
11/12/2013,0.3259,2.7728,3.8573,12.82,69.6409,45.48,21.81,59.77,59.3,18.3479,106.7152
11/13/2013,0.298,2.6996,3.8191,12.52,65.8254,45.48,21.81,63.95,61.32,16.9615,111.045
11/14/2013,0.29,2.69,3.7867,12.37,61.9477,39.2,27.47,66.23,62.49,16.7465,107.0048
11/15/2013,0.2902,2.7033,3.7947,12.19,62.1778,39.2,27.47,68.14,63.48,17.2187,104.6686
11/18/2013,0.2782,2.6658,3.7552,13.1,58.314,39.2,27.47,64.68,61.98,17.1437,104.4249
11/19/2013,0.2863,2.7069,3.8,13.39,62.2957,39.2,27.47,62.8,61.16,16.3044,103.3136
11/20/2013,0.2742,2.7987,3.911,13.4,66.4537,39.2,27.47,59.48,59.71,16.2044,97.1307
11/21/2013,0.2702,2.7842,3.8875,12.66,68.3506,34.39,29.48,64.04,61.8,16.6615,96.5766
11/22/2013,0.2784,2.7427,3.8292,12.26,66.8119,34.39,29.48,66.53,63.02,16.5616,98.7262
11/25/2013,0.2785,2.7283,3.8186,12.79,65.0567,34.39,29.48,65.28,62.49,17.5008,98.1669
11/26/2013,0.2893,2.7077,3.7982,12.81,65.2655,34.39,29.48,65.37,62.53,17.0686,96.2348
11/27/2013,0.2854,2.7373,3.815,12.98,67.7774,34.39,29.48,66.78,63.18,17.6757,95.2696
11/28/2013,0.2854,2.7373,3.815,12.98,67.7774,47.3,28.25,66.78,63.18,17.8257,95.2696
11/29/2013,0.2814,2.7445,3.8106,13.7,67.965,47.3,28.25,65.86,62.82,18.3329,95.5506
12/2/2013,0.2854,2.7951,3.856,14.23,73.1473,47.3,28.25,62.65,61.58,18.8149,94.4857
12/3/2013,0.2855,2.7825,3.8444,14.55,72.0794,47.3,28.25,59.02,60.14,20.5811,93.7542
12/4/2013,0.2895,2.8342,3.9011,14.7,75.7952,47.3,28.25,57.56,59.55,19.622,94.5758
12/5/2013,0.3014,2.8717,3.9138,15.08,76.0999,42.64,27.55,52.87,57.61,18.5828,91.8324
12/6/2013,0.3016,2.8553,3.8893,13.79,69.2368,42.64,27.55,61.56,61,18.5079,94.4706
12/9/2013,0.2977,2.8389,3.8713,13.49,67.754,42.64,27.55,62.77,61.52,19.1899,94.1119
12/10/2013,0.2978,2.8006,3.8381,13.91,70.5118,42.64,27.55,59.25,60.07,17.5936,91.9354
12/11/2013,0.3058,2.8535,3.8857,15.42,71.7821,42.64,27.55,48.8,55.28,17.7936,89.6471
12/12/2013,0.3219,2.8773,3.8938,15.54,72.7988,41.27,25,45.93,53.82,17.6937,90.2653
12/13/2013,0.3242,2.8646,3.8731,15.76,72.6109,41.27,25,45.85,53.78,18.3008,89.5403
12/16/2013,0.3303,2.8784,3.8938,16.03,69.918,41.27,25,51.38,55.86,18.2008,88.1629
12/17/2013,0.3184,2.8354,3.8659,16.21,68.4634,41.27,25,48.74,54.61,18.3507,88.4636
12/18/2013,0.3324,2.8931,3.9065,13.8,64.9565,41.27,25,60.48,59.63,18.4257,83.688
12/19/2013,0.3638,2.9291,3.9093,14.15,67.7439,47.46,25.08,59.95,59.39,17.9937,83.0932
12/20/2013,0.3756,2.8886,3.823,13.79,67.3065,47.46,25.08,62.83,60.76,19.2579,85.1355
12/23/2013,0.3834,2.9274,3.8489,13.04,66.1591,47.46,25.08,65.77,62.21,18.5008,83.262
12/24/2013,0.3952,2.9775,3.893,12.48,67.7712,47.46,25.08,67.31,62.99,18.0936,82.2537
12/25/2013,0.3952,2.9775,3.893,12.48,67.7712,47.46,25.08,67.31,62.99,18.0936,82.2537
12/26/2013,0.407,2.9905,3.9239,12.33,66.7598,55.06,18.54,69.69,64.24,18.6007,81.9478
12/27/2013,0.3874,3,3.9367,12.46,65.8279,55.06,18.54,69.3,64.08,18.5758,81.0005
12/30/2013,0.3795,2.9703,3.9012,13.56,69.0673,55.06,18.54,69.08,63.99,18.5758,79.971
12/31/2013,0.3799,3.0282,3.9679,13.72,73.546,55.06,18.54,71.26,65.08,18.0186,76.1838
1/1/2014,0.3799,3.0282,3.9679,13.72,73.546,55.06,18.54,71.26,65.08,18.0186,76.1838
1/2/2014,0.3801,2.989,3.9221,14.23,73.3983,43.09,29.27,60.88,60.81,18.2007,78.0954
1/3/2014,0.3965,2.9948,3.9248,13.76,72.7462,43.09,29.27,60.53,60.65,17.3937,77.5195
1/6/2014,0.3927,2.9576,3.9003,13.55,69.8862,43.09,29.27,57.81,59.48,19.372,78.2371
1/7/2014,0.3909,2.9391,3.8849,12.92,73.7774,43.09,29.27,62.23,61.35,20.6611,79.0893
1/8/2014,0.425,2.9894,3.8921,12.87,75.284,43.09,29.27,61.98,61.25,20.9981,79.062
1/9/2014,0.4292,2.9652,3.8795,12.89,73.7426,43.62,25,62.25,61.35,20.6161,79.4785
1/10/2014,0.3699,2.8579,3.7999,12.14,61.1819,43.62,25,64.03,62.09,20.6161,81.2083
1/13/2014,0.356,2.8257,3.7726,13.28,58.9156,43.62,25,50.13,56.07,21.3551,82.4267
1/14/2014,0.3782,2.8709,3.8017,12.28,61.6336,43.62,25,58.39,59.52,20.6331,81.912
1/15/2014,0.3905,2.8912,3.823,12.28,60.8149,43.62,25,61.69,61.04,20.2361,79.876
1/16/2014,0.3826,2.8414,3.7726,12.53,60.7997,38.99,21.49,60.34,60.43,20.5931,82.8574
1/17/2014,0.3712,2.8194,3.748,12.44,60.2776,38.99,21.49,56.49,58.65,20.6181,83.059
1/20/2014,0.3712,2.8194,3.748,12.44,60.2776,38.99,21.49,56.49,58.65,20.6681,83.059
1/21/2014,0.3755,2.8286,3.748,12.87,59.5467,38.99,21.49,58.51,59.52,20.1111,82.1371
1/22/2014,0.4,2.8656,3.7594,12.84,60.5215,38.99,21.49,58.94,59.71,20.6681,82.4445
1/23/2014,0.3596,2.7772,3.6821,13.77,62.2177,38.12,23.76,50.32,55.68,20.3111,85.2797
1/24/2014,0.3355,2.715,3.6325,18.14,63.5076,38.12,23.76,36.82,47.91,18.972,92.4972
1/27/2014,0.3398,2.7479,3.6649,17.42,64.2053,38.12,23.76,34.54,46.38,18.5399,91.2096
1/28/2014,0.3399,2.7488,3.6735,15.8,64.5183,38.12,23.76,39.59,48.51,19.047,89.1182
1/29/2014,0.3515,2.6767,3.6163,17.35,64.5494,38.12,23.76,34.76,45.39,19.504,91.3254
1/30/2014,0.3436,2.6949,3.6341,17.29,64.8556,32.18,32.76,42.95,49.09,22.2391,90.507
1/31/2014,0.3277,2.644,3.5985,18.41,64.725,32.18,32.76,39.82,47.17,21.6321,93.6037
2/3/2014,0.2942,2.5761,3.5307,21.44,65.7989,32.18,32.76,31.24,41.3,21.0251,96.3889
2/4/2014,0.3118,2.6294,3.601,19.11,66.7971,32.18,32.76,36.09,43.67,18.5749,95.0601
2/5/2014,0.3117,2.6675,3.6477,19.95,67.2613,32.18,32.76,35.37,43.19,18.0578,93.2488
2/6/2014,0.3196,2.7003,3.6683,17.23,67.1836,27.9,36.41,42.87,46.91,17.0937,91.9694
2/7/2014,0.3034,2.6829,3.6726,15.29,64.7498,27.9,36.41,49.69,50.53,15.2723,88.7076
2/10/2014,0.3073,2.6674,3.6503,15.26,62.2608,27.9,36.41,50.45,50.94,17.8079,90.2591
2/11/2014,0.3311,2.725,3.688,14.51,61.4936,27.9,36.41,55.55,53.77,19.097,86.5046
2/12/2014,0.339,2.7608,3.7201,14.3,61.0023,27.9,36.41,55.4,53.69,19.047,84.9245
2/13/2014,0.311,2.732,3.6829,14.14,58.0866,40.15,27.34,58.06,55.16,21.5571,82.7993
2/14/2014,0.3107,2.7428,3.6969,13.57,57.2949,40.15,27.34,60.18,56.35,22.5711,81.7211
2/17/2014,0.3107,2.7428,3.6969,13.57,57.2949,40.15,27.34,60.18,56.35,22.4961,81.7211
2/18/2014,0.2985,2.7069,3.6777,13.87,55.9861,40.15,27.34,60.7,56.63,21.9341,82.312
2/19/2014,0.3145,2.7392,3.7127,15.5,57.2794,40.15,27.34,56.25,54.54,18.797,81.0823
2/20/2014,0.3185,2.7509,3.7232,14.79,58.7042,42.2,22.8,59.21,56.08,18.997,81.9134
2/21/2014,0.3142,2.731,3.6934,14.68,58.3839,42.2,22.8,57.86,55.46,19.9361,81.8951
2/24/2014,0.3181,2.7382,3.6986,14.23,57.3609,42.2,22.8,60.94,57.05,19.8861,81.1763
2/25/2014,0.314,2.7023,3.6586,13.67,56.796,42.2,22.8,59.91,56.59,19.304,81.7717
2/26/2014,0.3245,2.6655,3.6249,14.35,57.7949,42.2,22.8,59.92,56.6,19.274,82.4454
2/27/2014,0.3206,2.6387,3.5916,14.04,58.1373,39.69,21.13,62.62,57.92,20.0611,83.127
2/28/2014,0.3169,2.6476,3.5822,14,57.6628,39.69,21.13,64.09,58.66,19.002,83.2436
3/3/2014,0.3012,2.6012,3.5542,16,57.754,39.69,21.13,57.6,55.96,19.002,86.8821
3/4/2014,0.3329,2.6977,3.6473,14.1,63.1562,39.69,21.13,65.36,59.89,18.972,82.2324
3/5/2014,0.333,2.7048,3.6473,13.89,60.8082,39.69,21.13,65.31,59.87,18.3699,81.5151
3/6/2014,0.3411,2.7373,3.6899,14.21,60.9756,40.51,26.63,66.14,60.3,18.947,81.2744
3/7/2014,0.3693,2.7879,3.7206,14.11,58.1573,40.51,26.63,66.4,60.44,19.002,81.2087
3/10/2014,0.3655,2.777,3.7215,14.2,55.6788,40.51,26.63,65.92,60.25,19.8861,82.2966
3/11/2014,0.3697,2.768,3.7092,14.8,55.5136,40.51,26.63,60.68,58.21,19.274,82.2027
3/12/2014,0.3618,2.73,3.6733,14.47,55.0744,40.51,26.63,60.88,58.29,19.354,85.0013
3/13/2014,0.338,2.6446,3.5906,16.22,57.4802,41.34,26.82,50.32,53.82,19.279,87.5444
3/14/2014,0.3424,2.6543,3.5992,17.82,62.8359,41.34,26.82,48.18,52.82,18.922,87.5671
3/17/2014,0.3586,2.6921,3.6283,15.64,61.8348,41.34,26.82,55.17,55.71,18.882,86.7948
3/18/2014,0.3466,2.6722,3.6137,14.52,59.2076,41.34,26.82,59.62,57.74,18.922,87.7762
3/19/2014,0.4195,2.7725,3.6568,15.12,65.6161,41.34,26.82,54.62,55.49,18.3149,84.7486
3/20/2014,0.4197,2.7716,3.6629,14.52,60.8191,36.78,26.15,58.31,57.18,18.2899,84.8393
3/21/2014,0.4245,2.7426,3.6068,15,60.8191,36.78,26.15,55.92,56.11,18.722,84.743
3/24/2014,0.4329,2.7281,3.5617,15.09,58.7127,36.78,26.15,52.12,54.35,18.947,86.1929
3/25/2014,0.425,2.748,3.5914,14.02,58.3352,36.78,26.15,55.08,55.64,18.872,82.1999
3/26/2014,0.4418,2.6919,3.5422,14.93,57.7753,36.78,26.15,49.79,53.16,19.279,83.8107
3/27/2014,0.4457,2.681,3.5271,14.62,59.4231,31.16,28.61,48.43,52.51,20.3181,82.8951
3/28/2014,0.4496,2.7208,3.5473,14.41,61.9359,31.16,28.61,51.86,53.94,19.7861,81.923
3/31/2014,0.4183,2.718,3.5583,13.88,61.815,31.16,28.61,57.13,56.27,20.0181,82.1958
4/1/2014,0.4301,2.7525,3.6059,13.1,61.526,31.16,28.61,61.22,58.23,19.2611,81.748
4/2/2014,0.4539,2.8045,3.6473,13.09,66.275,31.16,28.61,62.79,59,21.4891,78.5517
4/3/2014,0.454,2.7972,3.6291,13.37,65.2048,35.36,26.79,61.73,58.56,21.5141,77.2818
4/4/2014,0.4107,2.7207,3.5837,13.96,58.7747,35.36,26.79,51.35,53.88,20.9321,78.9299
4/7/2014,0.3948,2.6998,3.5574,15.57,55.6606,35.36,26.79,44.52,50.36,20.9071,79.0164
4/8/2014,0.3949,2.6808,3.5379,14.89,55.9286,35.36,26.79,47.13,51.49,20.1951,79.9186
4/9/2014,0.3631,2.6898,3.5726,13.82,54.7194,35.36,26.79,53.96,54.62,19.7131,77.0156
4/10/2014,0.3511,2.6474,3.5194,15.89,55.4351,28.48,34.11,42.53,48.38,19.6631,76.2646
4/11/2014,0.355,2.6247,3.4827,17.03,58.6405,28.48,34.11,38.61,45.96,19.0961,78.5265
4/14/2014,0.367,2.6472,3.4876,16.11,59.1522,28.48,34.11,43.43,48.26,19.8231,77.2755
4/15/2014,0.367,2.6283,3.4611,15.61,59.187,28.48,34.11,47.13,50.07,19.5931,78.1726
4/16/2014,0.367,2.6282,3.4437,14.18,58.0214,28.48,34.11,52.37,52.76,20.2501,79.1758
4/17/2014,0.3952,2.7215,3.5219,13.36,59.4777,27.22,34.25,53.03,53.1,20.5571,74.852
4/18/2014,0.3952,2.7215,3.5219,13.36,59.4777,27.22,34.25,53.03,53.1,20.5571,74.8528
4/21/2014,0.3912,2.7151,3.5219,13.25,56.8273,27.22,34.25,54.9,54.05,20.0501,75.4902
4/22/2014,0.3993,2.7105,3.4942,13.19,57.0941,27.22,34.25,56.9,55.08,20.3251,75.9464
4/23/2014,0.4418,2.6987,3.4784,13.27,56.5768,27.22,34.25,55.46,54.4,21.3541,74.1302
4/24/2014,0.4378,2.6805,3.4527,13.32,57.8493,34.5,26.02,56.38,54.85,22.278,74.9489
4/25/2014,0.43,2.6623,3.4428,14.06,58.073,34.5,26.02,51.01,52.33,21.6461,75.7698
4/28/2014,0.4319,2.7005,3.4859,13.97,59.1022,34.5,26.02,52.93,53.21,21.978,71.955
4/29/2014,0.4378,2.6913,3.4867,13.71,59.9428,34.5,26.02,55.68,54.5,21.5211,74.8667
4/30/2014,0.4104,2.6459,3.4593,13.41,58.8846,34.5,26.02,57.37,55.3,19.8001,75.409
5/1/2014,0.4065,2.6133,3.4132,13.25,58.8385,29.77,29.45,57.26,55.25,20.2571,75.6694
5/2/2014,0.4224,2.5843,3.3668,12.91,55.3438,29.77,29.45,56.14,54.78,20.7641,78.569
5/5/2014,0.4185,2.6068,3.4074,13.29,55.3438,29.77,29.45,57.38,55.32,20.7641,77.3161
5/6/2014,0.4226,2.5914,3.383,13.8,58.6651,29.77,29.45,50.02,52.21,20.4571,77.8554
5/7/2014,0.3988,2.5878,3.4025,13.4,57.3378,29.77,29.45,53.96,53.87,19.8601,77.2205
5/8/2014,0.3869,2.6161,3.4344,13.43,57.3378,28.34,28.66,52.85,53.4,19.8001,72.3915
5/9/2014,0.383,2.6233,3.4634,12.92,56.0906,28.34,28.66,53.97,53.86,20.3821,73.6727
5/12/2014,0.395,2.6611,3.4967,12.23,56.1711,28.34,28.66,60.43,56.7,20.4821,71.8907
5/13/2014,0.379,2.6089,3.4464,12.13,56.0906,28.34,28.66,60.69,56.82,20.3571,75.1098
5/14/2014,0.367,2.5427,3.3767,12.17,55.2719,28.34,28.66,56.23,55.05,20.5071,75.7294
5/15/2014,0.3509,2.4893,3.3245,13.17,55.7207,33.12,22.61,48.6,51.74,20.5571,79.0655
5/16/2014,0.3589,2.5231,3.346,12.44,58.6954,33.12,22.61,51.42,52.9,21.3391,76.6887
5/19/2014,0.3427,2.5445,3.3858,12.42,58.1717,33.12,22.61,54.2,54.08,20.6671,75.5481
5/20/2014,0.3346,2.5106,3.3833,12.96,60.0082,33.12,22.61,49.07,51.81,20.2751,75.9353
5/21/2014,0.3386,2.532,3.4118,11.91,59.1208,33.12,22.61,54.79,54.27,19.6931,76.7967
5/22/2014,0.3426,2.5499,3.4261,12.03,58.228,30.43,26.4,56.34,54.97,19.6731,77.0101
5/23/2014,0.3424,2.5321,3.3933,11.36,58.228,30.43,26.4,59.06,56.22,19.8931,76.795
5/26/2014,0.3424,2.5321,3.3933,11.36,58.228,30.43,26.4,59.06,56.22,19.8931,76.795
5/27/2014,0.3444,2.5142,3.3608,11.51,56.7714,30.43,26.4,62.62,57.93,20.4501,77.5799
5/28/2014,0.3652,2.4431,3.2942,11.68,55.1642,30.43,26.4,61.54,57.49,19.7181,78.6911
5/29/2014,0.375,2.4644,3.3228,11.57,56.3801,36.46,23.2,64.69,59.02,19.6931,77.5643
5/30/2014,0.373,2.4759,3.3277,11.4,58.295,36.46,23.2,65.73,59.54,19.6981,76.4123
6/2/2014,0.3868,2.5267,3.3691,11.58,59.7275,36.46,23.2,66.16,59.75,20.1801,79.3291
6/3/2014,0.3987,2.5985,3.4379,11.87,60.9403,36.46,23.2,65.7,59.58,19.6981,76.1479
6/4/2014,0.3908,2.6021,3.4396,12.08,64.9098,36.46,23.2,66.93,60.16,19.9081,75.7855
6/5/2014,0.379,2.5824,3.4362,11.68,65.1219,39.51,22.22,70.82,62.07,20.0181,75.7649
6/6/2014,0.3988,2.5869,3.432,10.73,59.2726,39.51,22.22,73.25,63.37,19.9181,75.3098
6/9/2014,0.4188,2.6032,3.4388,11.15,57.3291,39.51,22.22,73.73,63.63,20.0131,74.6848
6/10/2014,0.4388,2.6439,3.4779,10.99,56.8955,39.51,22.22,73.36,63.51,19.9881,72.6122
6/11/2014,0.4309,2.6394,3.4659,11.6,55.3718,39.51,22.22,68.06,61.73,19.4311,73.0623
6/12/2014,0.437,2.5951,3.4101,12.56,56.0907,44.69,21.25,58.9,58.34,19.5111,73.4909
6/13/2014,0.4493,2.6033,3.4134,12.18,58.3924,44.69,21.25,61.36,59.35,20.1681,73.6719
6/16/2014,0.4675,2.597,3.3958,12.65,58.0734,44.69,21.25,62.02,59.63,20.5251,74.3024
6/17/2014,0.4797,2.6523,3.4421,12.06,58.3924,44.69,21.25,63.74,60.34,20.0581,72.7729
6/18/2014,0.4435,2.5844,3.4008,10.61,59.4466,44.69,21.25,69.1,62.76,21.5791,76.563
6/19/2014,0.4477,2.6206,3.466,10.62,55.5349,35.17,24.13,69.9,63.15,21.9461,71.9429
6/20/2014,0.4561,2.6052,3.4337,10.85,54.88,35.17,24.13,71,63.68,22.0461,73.4755
6/23/2014,0.4643,2.6261,3.4549,10.98,54.5909,35.17,24.13,70.78,63.61,22.753,71.388
6/24/2014,0.4563,2.5781,3.3991,12.13,53.8576,35.17,24.13,61.18,60.15,21.3321,73.1852
6/25/2014,0.4804,2.5592,3.3815,11.59,54.0555,35.17,24.13,65.04,61.78,21.3571,74.0796
6/26/2014,0.4627,2.5286,3.3557,11.63,53.2533,37.22,21.09,63.4,61.15,20.8751,74.1415
6/27/2014,0.4607,2.534,3.3665,11.26,53.2783,37.22,21.09,64.94,61.8,21.4321,74.5999
6/30/2014,0.4567,2.5304,3.3599,11.57,52.7366,37.22,21.09,64.37,61.59,21.0421,74.9596
7/1/2014,0.4645,2.5647,3.3983,11.15,58.2541,37.22,21.09,69.54,63.84,21.1521,74.5304
7/2/2014,0.4803,2.6264,3.4609,10.82,59.5758,37.22,21.09,70.01,64.05,21.9391,73.3628
7/3/2014,0.5059,2.6383,3.4694,10.32,56.8914,38.51,22.39,73.62,65.81,22.703,73.1672
7/4/2014,0.5059,2.6383,3.4694,10.32,56.8914,38.51,22.39,73.62,65.81,22.803,73.1672
7/7/2014,0.5119,2.611,3.4362,11.33,55.0533,38.51,22.39,67.33,63.5,22.3961,73.8955
7/8/2014,0.504,2.5557,3.3723,11.98,54.9666,38.51,22.39,57.82,59.62,21.3321,76.4258
7/9/2014,0.4761,2.5503,3.374,11.65,55.1653,38.51,22.39,61.64,61.22,21.3821,74.9674
7/10/2014,0.4541,2.5359,3.3698,12.59,55.6134,37.64,28.65,56.69,59.06,21.8391,77.4126
7/11/2014,0.4479,2.516,3.3366,12.08,54.7685,37.64,28.65,57.98,59.58,21.8391,77.3971
7/14/2014,0.4599,2.5468,3.3715,11.82,54.4204,37.64,28.65,61.99,61.28,21.7391,77.3243
7/15/2014,0.4759,2.5468,3.3673,11.96,54.0261,37.64,28.65,59.54,60.23,21.7891,77.3233
7/16/2014,0.4839,2.526,3.3374,11,52.8802,37.64,28.65,62.96,61.7,21.8391,79.4029
7/17/2014,0.4436,2.4458,3.2661,14.54,54.4908,32.36,28.48,50.06,55.68,22.3461,83.4154
7/18/2014,0.4777,2.4809,3.2881,12.06,54.4105,32.36,28.48,58,59.21,22.1461,81.9137
7/21/2014,0.4899,2.4674,3.2563,12.81,53.8511,32.36,28.48,55.82,58.12,21.7891,83.2645
7/22/2014,0.4716,2.4601,3.2498,12.24,53.8013,32.36,28.48,59.37,59.77,21.2321,82.9851
7/23/2014,0.4675,2.4655,3.2636,11.52,53.3872,32.36,28.48,60.57,60.34,21.3821,82.4464
7/24/2014,0.4918,2.5025,3.2954,11.84,54.2576,29.63,29.94,60.92,60.5,21.4821,81.7503
7/25/2014,0.4877,2.4655,3.2385,12.69,54.4272,29.63,29.94,55.68,58.07,20.8751,82.4502
7/28/2014,0.5,2.4853,3.2547,12.56,54.0815,29.63,29.94,55.92,58.18,21.0751,82.4671
7/29/2014,0.5393,2.4601,3.2248,13.28,53.8049,29.63,29.94,51.2,55.95,22.1891,82.9926
7/30/2014,0.5551,2.5569,3.3126,13.33,55.8916,29.63,29.94,51.26,55.97,20.9181,80.308
7/31/2014,0.5276,2.5578,3.3167,16.95,56.4578,31.12,31.12,35.85,47.43,21.8821,80.2157
8/1/2014,0.4723,2.4925,3.2807,17.03,52.2603,31.12,31.12,34.29,46.4,21.7821,83.7462
8/4/2014,0.4644,2.4817,3.288,15.12,52.2977,31.12,31.12,41.18,49.25,22.1891,84.8317
8/5/2014,0.4624,2.4844,3.2831,16.87,56.6779,31.12,31.12,35.71,45.83,21.6821,84.5609
8/6/2014,0.4564,2.4708,3.27,16.37,56.9231,31.12,31.12,35.72,45.83,21.3921,86.9174
8/7/2014,0.4285,2.4114,3.2239,16.66,59.4998,30.89,38.23,32.85,43.98,21.2821,88.865
8/8/2014,0.4442,2.4203,3.2303,15.77,62.4736,30.89,38.23,43.04,48.44,21.4821,88.9721
8/11/2014,0.4401,2.4275,3.2432,14.23,60.2733,30.89,38.23,45.21,49.45,20.8451,87.2538
8/12/2014,0.432,2.4491,3.2765,14.13,59.366,30.89,38.23,44.13,48.86,20.7751,87.091
8/13/2014,0.4119,2.4166,3.2432,12.9,58.8215,30.89,38.23,49.43,51.31,20.3181,88.3382
8/14/2014,0.4158,2.4015,3.1917,12.42,58.5286,39.81,26.96,52.59,52.83,20.5751,87.8496
8/15/2014,0.4074,2.3397,3.1323,13.15,60.3933,39.81,26.96,52.54,52.81,20.6751,89.0268
8/18/2014,0.4154,2.3927,3.1983,12.32,61.6902,39.81,26.96,58.47,55.73,20.6751,87.7338
8/19/2014,0.4273,2.3997,3.2131,12.21,61.9655,39.81,26.96,61.53,57.34,20.9051,89.0256
8/20/2014,0.4717,2.4264,3.2205,11.78,62.78,39.81,26.96,62.99,58.13,21.4621,87.3647
8/21/2014,0.4676,2.4068,3.1884,11.76,60.1866,46.11,23.65,64.72,59.06,22.4761,87.3162
8/22/2014,0.4918,2.4024,3.1566,11.47,59.8425,46.11,23.65,62.59,58.15,22.3191,88.7586
8/25/2014,0.5,2.382,3.1314,11.7,57.1546,46.11,23.65,65.52,59.69,22.3191,89.7965
8/26/2014,0.4918,2.3962,3.1623,11.63,56.4543,46.11,23.65,66.15,60.03,21.7821,88.379
8/27/2014,0.5118,2.3573,3.1024,11.78,56.87,46.11,23.65,66.18,60.04,20.9251,89.2737
8/28/2014,0.5,2.3361,3.0744,12.05,59.7762,51.92,19.23,64,59.2,20.8251,89.3932
8/29/2014,0.4882,2.3431,3.0792,11.98,60.4894,51.92,19.23,66.34,60.33,21.3321,88.692
9/1/2014,0.4882,2.3431,3.0792,11.98,60.4894,51.92,19.23,66.34,60.33,21.3321,88.692
9/2/2014,0.5237,2.4211,3.1753,12.25,61.3464,51.92,19.23,65.59,60.05,21.7891,89.8879
9/3/2014,0.5158,2.3962,3.1419,12.36,64.8956,51.92,19.23,64.46,59.63,21.3821,91.3777
9/4/2014,0.5317,2.4497,3.209,12.64,64.9445,44.67,23.96,62.18,58.8,21.2821,90.0316
9/5/2014,0.5079,2.4587,3.2263,12.09,60.2652,44.67,23.96,66.37,60.66,20.6951,90.1328
9/8/2014,0.5279,2.4712,3.2247,12.66,60.0292,44.67,23.96,61.85,58.97,21.3321,89.8773
9/9/2014,0.5558,2.5036,3.2338,13.5,61.5036,44.67,23.96,53.52,55.58,22.4461,90.6432
9/10/2014,0.5679,2.5414,3.2722,12.88,63.2071,44.67,23.96,56.97,57,21.9391,89.8557
9/11/2014,0.56,2.5496,3.2772,12.8,62.8485,40.38,26.6,57.79,57.34,22.3961,89.0389
9/12/2014,0.5602,2.6105,3.3441,13.31,65.5969,40.38,26.6,50.75,54.32,22.4461,88.9493
9/15/2014,0.5402,2.5887,3.3433,14.12,66.0884,40.38,26.6,49.97,53.97,22.4461,90.1257
9/16/2014,0.5362,2.5924,3.3604,12.73,67.0857,40.38,26.6,57.37,56.98,22.4261,88.7574
9/17/2014,0.5686,2.6198,3.369,12.65,62.2601,40.38,26.6,58.52,57.48,21.8891,88.022
9/18/2014,0.5606,2.6144,3.3476,12.03,62.0303,42.24,22.98,62.64,59.33,22.803,90.5632
9/19/2014,0.5649,2.5745,3.284,12.11,59.8303,42.24,22.98,61.99,59.07,22.2961,90.5504
9/22/2014,0.5487,2.5636,3.2891,13.69,58.0017,42.24,22.98,52.21,54.88,23.5589,90.6352
9/23/2014,0.5366,2.5275,3.2463,14.93,57.4324,42.24,22.98,46.56,52.15,22.3961,92.2549
9/24/2014,0.5866,2.5637,3.279,13.27,58.324,42.24,22.98,53.82,55.25,22.4961,92.6266
9/25/2014,0.5511,2.5022,3.2115,15.64,59.1476,41.84,28.23,41.26,48.48,22.853,94.7783
9/26/2014,0.5748,2.5276,3.214,14.85,64.5379,41.84,28.23,48.07,51.68,22.2961,97.2375
9/29/2014,0.5708,2.4771,3.1647,15.98,62.302,41.84,28.23,46.34,50.7,23.003,101.2933
9/30/2014,0.567,2.4888,3.1967,16.31,64.2055,41.84,28.23,44.45,49.64,21.9891,101.1185
10/1/2014,0.5158,2.3856,3.0919,16.71,64.2874,41.84,28.23,36.81,45.03,22.2461,104.4438
10/2/2014,0.5237,2.425,3.1427,16.16,66.1585,35.42,30.9,36.82,45.04,22.1061,103.5037
10/3/2014,0.5575,2.434,3.1233,14.55,62.5016,35.42,30.9,45.8,49.23,22.653,102.6023
10/6/2014,0.5318,2.4196,3.1273,15.46,60.4444,35.42,30.9,44.83,48.69,22.753,101.0383
10/7/2014,0.504,2.3391,3.0464,17.2,65.2652,35.42,30.9,36.72,43.84,22.603,104.0858
10/8/2014,0.4483,2.3213,3.0599,15.11,64.9501,35.42,30.9,48.19,49.73,22.9089,103.8672
10/9/2014,0.4403,2.3133,3.0496,18.76,66.4678,39.88,30.98,39.02,43.99,22.403,104.669
10/10/2014,0.4239,2.2804,3.0124,21.24,68.6927,39.88,30.98,35.12,41.31,22.493,108.9626
10/13/2014,0.4239,2.2804,3.0124,24.64,68.6927,39.88,30.98,30.45,37.92,22.553,108.9626
10/14/2014,0.3678,2.1973,2.9531,22.79,74.6406,39.88,30.98,31.37,38.41,22.403,111.2699
10/15/2014,0.3076,2.1358,2.9176,26.25,101.2812,39.88,30.98,29.22,36.85,21.2891,108.4165
10/16/2014,0.3433,2.1559,2.9353,25.2,90.1146,42.66,33.7,29.31,36.9,20.5401,114.408
10/17/2014,0.3709,2.1936,2.9678,21.99,82.9222,42.66,33.7,37.19,40.94,21.1071,111.6447
10/20/2014,0.3505,2.1909,2.9655,18.57,79.2418,42.66,33.7,42.18,43.62,21.1821,109.9135
10/21/2014,0.3624,2.2217,2.9904,16.08,78.8942,42.66,33.7,51.2,48.82,22.0461,106.8304
10/22/2014,0.3582,2.2164,2.9904,17.87,77.2481,42.66,33.7,48.12,47.11,21.7591,110.3644
10/23/2014,0.3863,2.2712,3.0431,16.53,80.409,49.69,22.5,53.19,50.13,22.853,108.8758
10/24/2014,0.3859,2.2685,3.0423,16.11,81.609,49.69,22.5,55.88,51.79,22.803,109.1503
10/27/2014,0.3816,2.2605,3.0368,16.04,77.5638,49.69,22.5,55.15,51.41,22.753,108.9528
10/28/2014,0.3937,2.296,3.0678,14.39,74.7009,49.69,22.5,59.66,54.16,22.2461,108.3956
10/29/2014,0.4811,2.3174,3.0495,15.15,72.9907,49.69,22.5,58.91,53.79,22.2461,110.2551
10/30/2014,0.4693,2.3058,3.0463,14.52,69.5575,49.37,21.07,61.27,55.21,22.728,110.418
10/31/2014,0.4914,2.3353,3.0662,14.03,68.691,49.37,21.07,65.33,57.75,22.703,110.4704
11/3/2014,0.5114,2.3425,3.0638,14.73,67.4482,49.37,21.07,65.25,57.72,22.728,114.7541
11/4/2014,0.5116,2.3335,3.0478,14.89,68.551,49.37,21.07,63.37,56.87,21.1571,115.6517
11/5/2014,0.5217,2.3424,3.059,14.17,72.9226,49.37,21.07,65.52,58.15,21.1571,116.7558
11/6/2014,0.5497,2.3856,3.103,13.67,69.1453,52.69,15.05,66.91,58.98,21.1321,114.4389
11/7/2014,0.4985,2.2976,3.028,13.12,66.6283,52.69,15.05,67.04,59.06,21.2321,118.2408
11/10/2014,0.5349,2.3604,3.0926,12.67,66.5461,52.69,15.05,68.27,59.77,21.2821,115.9617
11/11/2014,0.5349,2.3604,3.0926,12.92,66.5461,52.69,15.05,68.55,59.93,21.7991,115.9617
11/12/2014,0.5392,2.3712,3.1046,13.02,66.773,52.69,15.05,67.9,59.68,22.3061,114.8809
11/13/2014,0.5153,2.3399,3.0709,13.79,67.0009,57.93,19.31,68.14,59.81,22.703,118.0127
11/14/2014,0.5119,2.3204,3.0487,13.31,66.9532,57.93,19.31,68.26,59.87,22.703,118.9582
11/17/2014,0.508,2.3399,3.0624,13.99,66.886,57.93,19.31,68.65,60.06,22.678,120.0109
11/18/2014,0.5042,2.3151,3.0383,13.86,69.2307,57.93,19.31,71.29,61.39,22.1711,123.4856
11/19/2014,0.5205,2.3594,3.0769,13.96,70.0154,57.93,19.31,69.44,60.78,23.1089,123.0566
11/20/2014,0.5086,2.3373,3.0543,13.58,69.1619,49.12,23.82,70.52,61.3,23.2889,123.2712
11/21/2014,0.501,2.3099,3.0175,12.9,66.9589,49.12,23.82,73.23,62.68,22.778,122.01
11/24/2014,0.493,2.3064,3.0199,12.62,64.3887,49.12,23.82,74.62,63.42,22.928,121.3625
11/25/2014,0.5197,2.257,2.9605,12.25,64.6474,49.12,23.82,72.98,62.9,21.5321,122.3005
11/26/2014,0.5157,2.2447,2.9542,12.07,64.6577,49.12,23.82,74.45,63.66,23.053,121.5323
11/27/2014,0.5157,2.2447,2.9542,12.07,64.6577,52.15,20.79,74.45,63.66,22.853,121.5323
11/28/2014,0.4685,2.164,2.8888,13.33,66.5733,52.15,20.79,70.69,62.46,22.3461,127.5952
12/1/2014,0.4961,2.235,2.9628,14.29,67.2825,52.15,20.79,61.69,59.38,22.4461,125.5017
12/2/2014,0.5355,2.2923,3.0127,12.85,67.8806,52.15,20.79,66.02,61.22,22.4461,125.7701
12/3/2014,0.5554,2.2799,2.9849,12.47,65.7616,52.15,20.79,68.3,62.27,22.978,128.0071
12/4/2014,0.5396,2.2341,2.9361,12.38,64.6181,42.68,25.94,66.8,61.73,22.0141,130.5917
12/5/2014,0.6433,2.3065,2.9667,11.82,64.8222,42.68,25.94,67.89,62.21,22.5461,129.3486
12/8/2014,0.6275,2.257,2.9042,14.21,62.7838,42.68,25.94,58.83,58.88,23.253,131.3023
12/9/2014,0.6117,2.2129,2.8702,14.89,66.5736,42.68,25.94,58.56,58.77,21.3501,135.7069
12/10/2014,0.5679,2.1638,2.832,18.53,68.1945,42.68,25.94,43.56,52.1,21.4551,137.6195
12/11/2014,0.6,2.162,2.8069,20.08,79.0437,45.02,22.34,47.51,53.59,22.0321,140.7969
12/12/2014,0.5401,2.0817,2.7372,21.08,55.4181,45.02,22.34,37.39,48.04,22.7641,144.8277
12/15/2014,0.5764,2.1182,2.7468,20.42,77.6421,45.02,22.34,34.36,46.14,23.753,145.1762
12/16/2014,0.5523,2.0591,2.6906,23.57,80.7182,45.02,22.34,30.78,43.76,21.2181,152.0936
12/17/2014,0.617,2.1356,2.7275,19.44,72.4209,45.02,22.34,45.34,50.1,22.5071,149.4368
12/18/2014,0.6313,2.2075,2.8182,16.81,71.1703,38.74,26.88,57.06,56.23,21.1611,142.2459
12/19/2014,0.638,2.1618,2.7542,16.49,70.7046,38.74,26.88,58.91,57.29,22.6751,143.8212
12/22/2014,0.6586,2.1583,2.743,15.25,70.0776,38.74,26.88,60.44,58.17,23.4821,143.1745
12/23/2014,0.7393,2.2614,2.8517,14.8,68.762,38.74,26.88,61.16,58.57,24.4461,139.8605
12/24/2014,0.7393,2.2632,2.8341,14.37,68.8635,38.74,26.88,61.07,58.53,25.6589,139.683
12/25/2014,0.7393,2.2632,2.8341,14.37,68.8635,50.94,18.87,61.07,58.53,25.5586,139.683
12/26/2014,0.7393,2.2499,2.8165,14.5,55.4181,50.94,18.87,62.56,59.33,25.6589,140.0131
12/29/2014,0.7078,2.2021,2.7728,15.06,69.1659,50.94,18.87,62.96,59.54,25.5089,141.7896
12/30/2014,0.6841,2.1871,2.7563,15.92,68.9979,50.94,18.87,59.1,57.78,25.013,141.2903
12/31/2014,0.6645,2.1712,2.7518,19.2,68.9385,50.94,18.87,51.9,54.3,22.0111,141.8797
1/1/2015,0.6645,2.1712,2.7518,19.2,68.9385,51.74,19.31,51.9,54.3,22.0111,141.8797
1/2/2015,0.6647,2.1105,2.688,17.79,70.0036,51.74,19.31,51.68,54.19,24.0391,145.9471
1/5/2015,0.6568,2.032,2.5987,19.92,71.5391,51.74,19.31,41.45,48.69,24.3461,149.804
1/6/2015,0.625,1.9402,2.5023,21.12,84.8721,51.74,19.31,37.62,46.37,22.5751,153.9836
1/7/2015,0.6091,1.9677,2.5289,19.31,85.1959,51.74,19.31,44.75,49.6,23.1821,150.23
1/8/2015,0.6051,2.0179,2.5993,17.01,85.1526,41.01,27.7,53.62,54.04,23.6891,148.2116
1/9/2015,0.561,1.9449,2.5281,17.55,80.6171,41.01,27.7,49.53,51.78,23.8891,151.5054
1/12/2015,0.5449,1.907,2.4965,19.6,81.8873,41.01,27.7,45.92,49.73,23.7591,151.3045
1/13/2015,0.5388,1.9,2.4992,20.56,82.9977,41.01,27.7,44.81,49.09,22.7951,152.0013
1/14/2015,0.5006,1.8553,2.4685,21.48,85.2821,41.01,27.7,42.33,47.67,22.8251,154.4718
1/15/2015,0.4122,1.7149,2.3677,22.39,85.2821,46.11,21.5,38.68,45.52,22.7251,163.5137
1/16/2015,0.4835,1.8368,2.4531,20.95,92.6188,46.11,21.5,45.9,48.95,24.1391,157.3205
1/19/2015,0.4835,1.8368,2.4531,20.95,92.6188,46.11,21.5,45.9,48.95,24.0991,157.3205
1/20/2015,0.4914,1.788,2.3777,19.89,90.5511,46.11,21.5,46.69,49.34,25.163,160.1979
1/21/2015,0.5074,1.8717,2.4614,18.85,88.2525,46.11,21.5,49.14,50.52,23.6821,155.8253
1/22/2015,0.5174,1.8631,2.4385,16.4,85.15,37.14,30.79,56.17,54.12,24.0891,157.6939
1/23/2015,0.4864,1.7968,2.3735,16.66,89.9391,37.14,30.79,53.27,52.67,24.0891,158.3179
1/26/2015,0.5107,1.8241,2.3972,15.52,85.3266,37.14,30.79,54.45,53.27,25.103,156.5933
1/27/2015,0.5105,1.8231,2.3999,17.22,86.1825,37.14,30.79,47.69,49.85,23.7391,156.6898
1/28/2015,0.4654,1.7207,2.2908,20.44,86.3769,37.14,30.79,42.1,46.76,23.9391,158.9273
1/29/2015,0.5158,1.7512,2.3148,18.76,86.6175,44.17,22.39,46.78,49.04,24.953,159.8827
1/30/2015,0.4488,1.6407,2.2222,20.97,88.2724,44.17,22.39,41.78,46.22,25.3089,163.9285
2/2/2015,0.4586,1.6642,2.2503,19.43,88.1382,44.17,22.39,47.71,49.19,24.703,162.5825
2/3/2015,0.5079,1.7915,2.3792,17.33,92.7382,44.17,22.39,53.48,52.27,23.9891,155.8491
2/4/2015,0.4842,1.7513,2.3481,18.33,92.2723,44.17,22.39,51.68,51.33,25.003,159.8734
2/5/2015,0.5198,1.8204,2.4318,16.85,92.9519,35.49,32.42,55.63,53.46,25.103,153.959
2/6/2015,0.6435,1.9567,2.5287,17.29,93.6954,35.49,32.42,54.04,52.66,24.0391,149.3318
2/9/2015,0.6517,1.9775,2.5528,18.55,95.0776,35.49,32.42,52.05,51.67,25.328,148.2477
2/10/2015,0.6499,1.9967,2.5763,17.23,95.3468,35.49,32.42,56.38,53.92,25.303,148.3331
2/11/2015,0.6642,2.0176,2.5863,16.96,94.2125,35.49,32.42,56.36,53.91,25.303,145.2386
2/12/2015,0.6242,1.9844,2.5755,15.34,91.648,40,20.33,60.17,55.91,24.7961,147.5587
2/13/2015,0.6411,2.0504,2.6478,14.69,91.3656,40,20.33,61.7,56.74,25.203,142.9634
2/16/2015,0.6411,2.0504,2.6478,14.69,91.3656,40,20.33,61.7,56.74,25.113,142.9634
2/17/2015,0.6615,2.1379,2.7268,15.8,91.8172,40,20.33,62.32,57.07,25.163,143.2149
2/18/2015,0.597,2.08,2.7102,15.45,91.3833,40,20.33,62.11,56.98,24.5391,139.9952
2/19/2015,0.6174,2.1142,2.7339,15.29,98.4692,47.02,17.88,61.35,56.68,24.6291,138.5792
2/20/2015,0.6321,2.1117,2.7142,14.3,98.3365,47.02,17.88,64.07,58.02,24.7391,139.8348
2/23/2015,0.6017,2.0574,2.6572,14.56,97.7386,47.02,17.88,63.83,57.93,24.6391,139.2586
2/24/2015,0.5529,1.98,2.5918,13.69,94.127,47.02,17.88,65.12,58.55,24.5891,139.9973
2/25/2015,0.6026,1.9688,2.5698,13.84,91.4751,47.02,17.88,64.43,58.31,24.5691,140.1239
2/26/2015,0.6461,2.0295,2.6294,13.91,90.5308,45.37,20.3,63.05,57.82,24.6391,138.0463
2/27/2015,0.6184,1.993,2.5903,13.34,91.3865,45.37,20.3,60.27,56.83,25.1711,141.6992
3/2/2015,0.6621,2.082,2.6814,13.04,90.1989,45.37,20.3,63.82,58.35,25.0811,140.7992
3/3/2015,0.6782,2.1189,2.7143,13.86,91.7506,45.37,20.3,59.55,56.81,25.5011,139.1084
3/4/2015,0.6546,2.1172,2.7198,14.23,90.6563,45.37,20.3,55.69,55.35,25.853,138.2817
3/5/2015,0.6389,2.1154,2.7285,14.04,89.3228,39.8,23.36,56.51,55.67,25.853,136.4551
3/6/2015,0.7234,2.2414,2.8409,15.2,86.586,39.8,23.36,45.66,51.18,25.953,134.8616
3/9/2015,0.6917,2.1907,2.798,15.06,84.02,39.8,23.36,48.58,52.27,26.153,135.9281
3/10/2015,0.6799,2.1297,2.7231,16.69,84.3891,39.8,23.36,38.87,47.53,25.7561,139.0309
3/11/2015,0.6802,2.1086,2.6853,16.87,84.9643,39.8,23.36,37.97,47.04,25.4691,141.144
3/12/2015,0.6644,2.1156,2.6995,15.42,85.6033,31.6,25.41,46.75,50.51,25.0321,139.4365
3/13/2015,0.657,2.114,2.6987,16,86.102,31.6,25.41,43.51,48.89,25.0371,140.6049
3/16/2015,0.6491,2.0717,2.6449,15.61,84.7555,31.6,25.41,51.52,52.38,23.9731,145.8286
3/17/2015,0.6716,2.0507,2.6026,15.66,86.3274,31.6,25.41,49.63,51.48,22.372,149.9341
3/18/2015,0.5525,1.9199,2.5104,13.97,85.6903,31.6,25.41,55.97,54.45,24.4951,152.0058
3/19/2015,0.6092,1.9685,2.5291,14.07,87.7788,27.16,31.48,53.05,53.08,25.948,150.1462
3/20/2015,0.5812,1.9303,2.5059,13.02,86.5223,27.16,31.48,57.44,55.22,26.6789,147.974
3/23/2015,0.5691,1.912,2.5141,13.41,84.9206,27.16,31.48,56.33,54.72,26.6789,148.7968
3/24/2015,0.557,1.8731,2.4643,13.62,83.6859,27.16,31.48,52.5,52.96,25.4141,149.6908
3/25/2015,0.6023,1.925,2.5074,15.44,84.183,27.16,31.48,44.77,49.12,24.3201,148.5007
3/26/2015,0.6102,1.9894,2.5798,15.8,86.2012,38.43,24.38,43.66,48.54,24.7701,148.0585
3/27/2015,0.5944,1.9615,2.5404,15.07,86.2012,38.43,24.38,45.12,49.16,23.9911,144.8537
3/30/2015,0.5787,1.9475,2.5479,14.51,86.4421,38.43,24.38,52.06,52.26,25.8941,147.2492
3/31/2015,0.5551,1.9231,2.5359,15.29,86.1017,38.43,24.38,47.37,49.97,25.0471,145.6868
4/1/2015,0.5355,1.8573,2.4651,15.11,85.6212,38.43,24.38,45.4,48.97,25.5541,148.2733
4/2/2015,0.5396,1.9117,2.5321,14.67,84.2847,35.4,31.96,47.48,49.89,26.3611,144.8277
4/3/2015,0.4762,1.8389,2.4858,14.67,79.2665,35.4,31.96,47.48,49.89,26.3611,146.1061
4/6/2015,0.496,1.8952,2.5532,14.74,78.9745,35.4,31.96,51.25,51.57,26.868,145.4805
4/7/2015,0.5159,1.8848,2.5179,14.78,77.7839,35.4,31.96,50.03,51.01,25.8541,143.5245
4/8/2015,0.5318,1.9047,2.5291,13.98,80.0253,35.4,31.96,51.63,51.71,25.0921,141.5304
4/9/2015,0.5478,1.9596,2.5981,13.09,78.7746,28.7,24.15,54.26,52.88,25.5621,141.0408
4/10/2015,0.556,1.9473,2.5791,12.58,77.8265,28.7,24.15,57.2,54.21,26.1791,142.2683
4/13/2015,0.528,1.9272,2.573,13.94,75.7647,28.7,24.15,53.9,52.84,26.5161,143.2778
4/14/2015,0.512,1.8985,2.5427,13.67,74.7881,28.7,24.15,54.89,53.27,26.0341,144.1548
4/15/2015,0.496,1.888,2.5397,12.84,72.9964,28.7,24.15,57.98,54.64,26.4211,144.2012
4/16/2015,0.4839,1.8897,2.5753,12.6,72.4014,32.07,22.78,57.33,54.39,25.9891,142.0302
4/17/2015,0.5081,1.8653,2.5194,13.89,74.3685,32.07,22.78,48.88,50.9,26.0541,143.4728
4/20/2015,0.5202,1.8896,2.5624,13.3,73.5454,32.07,22.78,54.69,53.39,26.5861,145.0418
4/21/2015,0.5162,1.9087,2.5806,13.25,72.9451,32.07,22.78,53.63,52.94,25.6971,144.1272
4/22/2015,0.5446,1.9788,2.6616,12.71,72.9451,32.07,22.78,56.73,54.31,25.7221,141.1242
4/23/2015,0.5284,1.9577,2.653,12.48,73.1584,31.47,23.19,58.14,54.95,25.6721,141.2321
4/24/2015,0.5041,1.9086,2.6098,12.29,71.6049,31.47,23.19,59.49,55.55,26.3791,144.1392
4/27/2015,0.5163,1.9208,2.6121,13.12,70.9943,31.47,23.19,55.9,54.16,26.8861,143.9176
4/28/2015,0.561,2.0034,2.7031,12.41,72.8665,31.47,23.19,57.73,54.94,26.8011,140.6607
4/29/2015,0.557,2.0388,2.7523,13.39,73.8974,31.47,23.19,54.43,53.66,28.3219,142.1248
4/30/2015,0.567,2.0317,2.7404,14.55,75.292,30.84,21.95,46.68,50.39,27.8739,143.8322
5/1/2015,0.595,2.1135,2.8273,12.7,78.8811,30.84,21.95,54.18,53.52,27.9739,143.6476
5/4/2015,0.5991,2.144,2.8765,12.85,81.1233,30.84,21.95,56,54.33,27.9739,141.6032
5/5/2015,0.623,2.1853,2.9122,14.31,87.6616,30.84,21.95,47.77,50.64,27.083,140.469
5/6/2015,0.6351,2.2431,2.9929,15.15,90.9859,30.84,21.95,45.12,49.35,27.093,138.6879
5/7/2015,0.6313,2.18,2.9105,15.13,89.5863,27.06,26.84,47.75,50.45,27.378,141.9996
5/8/2015,0.5719,2.1478,2.9006,12.86,80.9146,27.06,26.84,55.92,54.14,27.478,142.222
5/11/2015,0.616,2.2797,3.041,13.85,84.1496,27.06,26.84,52.53,52.59,27.153,138.0252
5/12/2015,0.5961,2.2489,3.0127,13.86,87.3615,27.06,26.84,50.62,51.7,26.4861,141.1066
5/13/2015,0.5762,2.2926,3.087,13.76,85.5784,27.06,26.84,50.42,51.61,25.8691,136.7361
5/14/2015,0.5441,2.2301,3.0497,12.74,83.2394,26.74,26.36,56.98,54.58,26.5861,138.9889
5/15/2015,0.5363,2.1424,2.9292,12.38,84.4957,26.74,26.36,57.42,54.79,26.6361,140.7556
5/18/2015,0.5767,2.2337,3.0295,12.73,88.2439,26.74,26.36,59.19,55.62,27.093,138.6274
5/19/2015,0.6133,2.2886,3.0753,12.85,87.6743,26.74,26.36,58.64,55.4,27.0861,137.142
5/20/2015,0.585,2.2479,3.0471,12.88,87.6541,26.74,26.36,57.79,55.07,26.8291,141.2103
5/21/2015,0.573,2.1898,2.9881,12.11,86.1073,25.21,25,59.37,55.75,27.1861,143.0225
5/22/2015,0.6142,2.2092,2.9841,12.13,87.6771,25.21,25,57.16,54.92,27.4361,147.0811
5/25/2015,0.6142,2.2092,2.9841,12.13,87.6771,25.21,25,57.16,54.92,27.4361,147.0811
5/26/2015,0.6123,2.139,2.8981,14.06,85.3555,25.21,25,48.26,51.3,27.5711,147.1047
5/27/2015,0.6485,2.1285,2.8673,13.27,83.9933,25.21,25,54.93,54.06,27.843,148.1544
5/28/2015,0.6289,2.1355,2.8873,13.31,82.7222,27,25.14,53.88,53.63,28.2739,146.4547
5/29/2015,0.6053,2.1214,2.8818,13.84,82.6996,27,25.14,48.9,51.47,28.3739,146.8552
6/1/2015,0.6447,2.1794,2.9338,13.97,83.5495,27,25.14,50.5,52.11,28.2489,152.0649
6/2/2015,0.6527,2.2624,3.0143,14.24,87.4796,27,25.14,49.68,51.76,27.3617,148.7563
6/3/2015,0.6725,2.3642,3.1022,13.66,91.8063,27,25.14,51.46,52.46,26.9033,144.5822
6/4/2015,0.6607,2.307,3.0407,14.71,92.2056,27.34,24.63,44.54,49.46,26.8733,146.3008
6/5/2015,0.7087,2.4076,3.1136,14.21,88.9414,27.34,24.63,43.49,48.98,26.5949,143.2421
6/8/2015,0.6808,2.3824,3.1144,15.29,87.6084,27.34,24.63,39.07,46.88,27.2033,143.757
6/9/2015,0.7169,2.4384,3.1663,14.47,87.1697,27.34,24.63,39.49,47.03,27.5333,142.1575
6/10/2015,0.725,2.4838,3.2156,13.22,89.7596,27.34,24.63,50.27,51.17,27.2599,143.6154
6/11/2015,0.7131,2.3772,3.0957,12.85,87.7673,20.04,32.58,51.62,51.74,27.5683,147.2788
6/12/2015,0.7256,2.3918,3.103,13.78,87.6824,20.04,32.58,46.16,49.34,28.0967,147.8195
6/15/2015,0.7015,2.3559,3.0851,15.39,86.0026,20.04,32.58,42.95,47.83,27.8167,150.4139
6/16/2015,0.6855,2.3093,3.0407,14.81,85.6971,20.04,32.58,47.75,49.78,28.118,153.0713
6/17/2015,0.6492,2.3165,3.0932,14.5,82.4194,20.04,32.58,49.35,50.45,28.5689,150.3508
6/18/2015,0.6331,2.3345,3.1292,13.19,82.5575,25.41,34.3,56.55,53.65,28.0789,152.5533
6/19/2015,0.6169,2.2577,3.0471,13.96,84.7442,25.41,34.3,52.23,51.78,28.1289,154.2315
6/22/2015,0.6575,2.3725,3.1606,12.74,84.4485,25.41,34.3,56.34,53.69,28.2239,148.7541
6/23/2015,0.6779,2.4087,3.1964,12.11,84.2001,25.41,34.3,56.76,53.89,27.5667,149.1347
6/24/2015,0.6802,2.3672,3.1458,13.26,82.6809,25.41,34.3,50.68,51.26,28.0739,150.2834
6/25/2015,0.688,2.4088,3.1756,14.01,83.3241,35.56,21.67,48.43,50.24,28.1989,148.1211
6/26/2015,0.7117,2.4726,3.2402,14.02,84.3188,35.56,21.67,48.13,50.1,28.1739,147.7377
6/29/2015,0.6329,2.3242,3.0998,18.85,89.7561,35.56,21.67,35.47,43.64,28.3689,156.5778
6/30/2015,0.6427,2.3531,3.1236,18.23,92.2575,35.56,21.67,37.67,44.56,27.8117,152.6922
7/1/2015,0.6882,2.4219,3.2015,16.09,90.2884,35.56,21.67,43.14,46.91,26.8349,150.8099
7/2/2015,0.627,2.3823,3.1865,16.79,87.9611,22.61,35.09,42.96,46.82,28.3489,150.7722
7/3/2015,0.627,2.3823,3.1865,16.79,87.9611,22.61,35.09,42.96,46.82,28.4289,150.7722
7/6/2015,0.5892,2.285,3.0827,17.01,86.1804,22.61,35.09,40.65,45.66,27.4083,152.4982
7/7/2015,0.5852,2.2582,3.0399,16.09,90.4681,22.61,35.09,45.59,47.76,27.3083,153.1819
7/8/2015,0.5414,2.1922,2.9745,19.66,89.4277,22.61,35.09,36.56,43.02,27.3283,157.7791
7/9/2015,0.5851,2.3211,3.1203,19.97,89.3438,27.91,29.18,38.32,43.79,27.5833,152.8905
7/10/2015,0.637,2.3972,3.1899,16.83,90.2308,27.91,29.18,46.97,47.79,28.0717,155.2766
7/13/2015,0.6772,2.4538,3.2362,13.9,84.7052,27.91,29.18,53.36,51.06,29.8966,150.6225
7/14/2015,0.637,2.401,3.1958,13.37,80.7951,27.91,29.18,55.7,52.31,28.343,154.8999
7/15/2015,0.625,2.3521,3.1385,13.23,79.0645,27.91,29.18,55.21,52.08,27.8361,156.7906
7/16/2015,0.6552,2.3503,3.1089,12.11,75.9534,30.81,23.24,59.43,54.34,27.1791,157.966
7/17/2015,0.6655,2.3469,3.0828,11.95,74.2116,30.81,23.24,60,54.65,27.6541,157.3117
7/20/2015,0.7061,2.3723,3.0942,12.25,72.8414,30.81,23.24,60.41,54.87,27.4721,158.768
7/21/2015,0.6778,2.3253,3.0617,12.22,72.4231,30.81,23.24,56.9,53.39,26.8682,161.472
7/22/2015,0.7063,2.3235,3.0367,12.12,72.1123,30.81,23.24,54.98,52.57,26.1998,161.6478
7/23/2015,0.6942,2.2677,2.9673,12.64,72.6253,32.54,25.6,50.61,50.67,26.4598,164.2321
7/24/2015,0.6781,2.2624,2.9618,13.74,73.0107,32.54,25.6,43.62,47.35,26.3098,166.7614
7/27/2015,0.6495,2.2175,2.9327,15.6,72.2234,32.54,25.6,40.41,45.69,26.3598,170.2451
7/28/2015,0.668,2.2499,2.965,13.44,71.8541,32.54,25.6,49.02,49.58,25.1045,168.0134
7/29/2015,0.7038,2.2859,2.9975,12.5,69.7128,32.54,25.6,53.37,51.72,25.1045,166.4089
7/30/2015,0.7275,2.2589,2.9429,12.13,71.2077,21.11,40.7,53.38,51.73,23.4006,168.1079
7/31/2015,0.6606,2.1801,2.9061,12.12,75.7512,21.11,40.7,51.78,51,24.7591,171.9912
8/3/2015,0.6646,2.148,2.852,12.56,74.7474,21.11,40.7,49.84,50.12,23.7606,173.2021
8/4/2015,0.7322,2.2213,2.8968,13,80.4708,21.11,40.7,48.25,49.41,22.4835,171.8681
8/5/2015,0.7263,2.2699,2.9437,12.51,80.6999,21.11,40.7,50.59,50.42,23.9721,172.0062
8/6/2015,0.7006,2.2214,2.8914,13.77,80.3154,24.32,31.66,45.1,47.94,27.5814,175.8634
8/7/2015,0.7169,2.1623,2.8191,13.39,76.2278,24.32,31.66,43.24,47.06,25.0591,179.7703
8/10/2015,0.721,2.2269,2.896,12.23,75.2812,24.32,31.66,52.59,51.18,24.8106,178.3143
8/11/2015,0.673,2.1409,2.8092,13.71,78.0583,24.32,31.66,46.37,48.25,21.2935,179.9116
8/12/2015,0.6651,2.148,2.8397,13.61,81.4635,24.32,31.66,47.04,48.55,21.2957,182.1971
8/13/2015,0.7073,2.1854,2.855,13.49,80.0038,30.45,36.15,46.21,48.16,23.4301,183.4636
8/14/2015,0.7218,2.1977,2.8416,12.83,77.0784,30.45,36.15,49.16,49.44,24.3323,183.2272
8/17/2015,0.7058,2.1678,2.8176,13.02,76.0641,30.45,36.15,52.89,51.11,27.2008,183.2234
8/18/2015,0.718,2.1925,2.8555,13.79,82.7068,30.45,36.15,50.86,50.24,26.6756,183.7484
8/19/2015,0.6574,2.1256,2.8153,15.25,81.5426,30.45,36.15,45.01,47.61,29.2679,185.4388
8/20/2015,0.6533,2.0679,2.7429,19.14,84.591,26.82,33.33,34.27,41.86,31.3849,191.215
8/21/2015,0.6128,2.0365,2.7233,28.03,88.5202,26.82,33.33,24.84,35.33,30.8766,192.3512
8/24/2015,0.568,2.0034,2.7293,40.74,94.5406,26.82,33.33,18.33,29.61,31.6349,195.6556
8/25/2015,0.6005,2.0714,2.7992,36.02,91.0891,26.82,33.33,16.77,28.06,27.616,199.8583
8/26/2015,0.672,2.1752,2.9316,30.32,92.0136,26.82,33.33,33.99,37.67,27.436,192.4821
8/27/2015,0.6878,2.1841,2.9237,26.1,91.405,32.5,38.27,42.31,42.78,27.356,187.5937
8/28/2015,0.7156,2.1807,2.9119,26.05,91.0788,32.5,38.27,42.51,42.9,27.816,190.935
8/31/2015,0.7375,2.2179,2.9619,28.43,87.7352,32.5,38.27,40.43,41.61,32.8989,186.2053
9/1/2015,0.704,2.1524,2.915,31.4,88.6754,32.5,38.27,34.13,37.53,29.8413,192.7564
9/2/2015,0.7081,2.1843,2.9539,26.09,93.0829,32.5,38.27,40.15,41.12,32.2333,191.5681
9/3/2015,0.6923,2.1596,2.9348,25.61,91.409,32.38,31.67,40.53,41.34,31.8249,190.0424
9/4/2015,0.7067,2.1244,2.8836,27.8,86.7756,32.38,31.67,37.19,39.29,30.6582,189.5614
9/7/2015,0.7067,2.1244,2.8836,27.8,86.7756,32.38,31.67,37.19,39.29,30.7582,189.5614
9/8/2015,0.7327,2.1828,2.9555,24.9,85.2408,32.38,31.67,45.06,43.93,30.6582,188.7197
9/9/2015,0.7409,2.2006,2.9611,26.23,85.0569,32.38,31.67,41.85,42.04,30.7651,182.9389
9/10/2015,0.733,2.222,2.9852,24.37,83.5976,34.65,35.01,43.48,42.99,32.0791,184.7976
9/11/2015,0.7053,2.1883,2.9524,23.2,83.7805,34.65,35.01,44.89,43.81,31.1851,185.1651
9/14/2015,0.7256,2.1831,2.9555,24.25,82.6907,34.65,35.01,43.81,43.22,31.5221,186.6939
9/15/2015,0.8024,2.2867,3.0674,22.54,85.0155,34.65,35.01,48.03,45.57,27.8325,185.3262
9/16/2015,0.8108,2.294,3.0822,21.35,84.9087,34.65,35.01,50.76,47.12,28.876,184.6005
9/17/2015,0.6795,2.1903,3.0054,21.14,77.6964,33.26,29.13,49.92,46.71,35.0183,184.9693
9/18/2015,0.6777,2.1336,2.9356,22.28,75.7821,33.26,29.13,44.89,44.21,33.4449,184.639
9/21/2015,0.7062,2.2012,3.0216,20.14,74.5091,33.26,29.13,46.5,45.06,34.1249,184.8817
9/22/2015,0.6738,2.1337,2.9428,22.44,75.5988,33.26,29.13,42.84,43.22,33.1583,184.6327
9/23/2015,0.6993,2.1497,2.9452,22.13,74.5114,33.26,29.13,42.25,42.92,32.0417,185.0332
9/24/2015,0.6798,2.1266,2.9166,23.47,76.3665,32.12,28.69,41.25,42.43,32.6389,188.3353
9/25/2015,0.6918,2.1623,2.9556,23.62,75.8591,32.12,28.69,41.11,42.36,34.6432,188.7745
9/28/2015,0.6683,2.0949,2.8757,27.63,76.9485,32.12,28.69,34.03,38.73,33.1683,193.5101
9/29/2015,0.6486,2.0508,2.853,26.83,83.3457,32.12,28.69,34.6,38.99,33.5666,199.9184
9/30/2015,0.6289,2.0368,2.8538,24.5,81.565,32.12,28.69,42.81,42.77,34.5332,201.3249
10/1/2015,0.6447,2.0368,2.8499,22.55,81.5384,28.11,39.92,43.61,43.16,34.9415,202.3242
10/2/2015,0.5794,1.9929,2.8274,20.94,78.8806,28.11,39.92,49.2,45.89,33.2183,200.7124
10/5/2015,0.6052,2.0562,2.8969,19.54,77.4709,28.11,39.92,55.37,49.17,33.3366,198.3827
10/6/2015,0.6012,2.0315,2.8686,19.4,80.2546,28.11,39.92,53.96,48.56,32.3069,196.8484
10/7/2015,0.625,2.0668,2.8945,18.4,79.9819,28.11,39.92,56.61,49.99,32.3669,193.3207
10/8/2015,0.633,2.104,2.9397,17.42,79.5139,37.52,28.19,59.4,51.53,31.9589,191.6015
10/9/2015,0.637,2.0881,2.9174,17.08,78.2372,37.52,28.19,59.63,51.66,32.0589,191.1882
10/12/2015,0.637,2.0881,2.9174,16.17,78.2372,37.52,28.19,60.06,51.89,32.0739,191.1882
10/13/2015,0.617,2.0439,2.8843,17.67,76.3344,37.52,28.19,56.57,50.55,32.0489,192.6088
10/14/2015,0.5487,1.9718,2.8344,18.03,74.8044,37.52,28.19,54.24,49.64,32.2133,193.8213
10/15/2015,0.5968,2.0175,2.8624,16.05,74.6084,34.08,27.14,59.83,52.41,32.0233,193.2526
10/16/2015,0.6088,2.0334,2.8812,15.05,74.6965,34.08,27.14,61.41,53.25,31.7139,191.6638
10/19/2015,0.5866,2.0228,2.8796,14.98,70.9688,34.08,27.14,61.51,53.3,32.1733,191.7221
10/20/2015,0.629,2.067,2.9166,15.75,71.1086,34.08,27.14,60.65,52.99,31.0233,190.3004
10/21/2015,0.6209,2.0228,2.8647,16.7,69.6699,34.08,27.14,57.11,51.72,31.6389,189.7211
10/22/2015,0.6006,2.0263,2.8608,14.45,69.9736,34.77,24.02,63.6,54.89,31.9889,187.3674
10/23/2015,0.6413,2.0866,2.9008,14.46,70.8085,34.77,24.02,67.21,56.87,32.2889,184.3384
10/26/2015,0.6372,2.0564,2.8686,15.29,69.6786,34.77,24.02,65.97,56.42,30.7899,185.3552
10/27/2015,0.6209,2.037,2.8592,15.43,69.8026,34.77,24.02,64.28,55.82,30.8649,186.3029
10/28/2015,0.7029,2.1009,2.8788,14.33,70.2666,34.77,24.02,68.33,57.98,28.6314,186.9076
10/29/2015,0.7236,2.1725,2.9589,14.61,73.122,40.39,20.59,68.01,57.87,26.7891,185.7508
10/30/2015,0.724,2.1421,2.9222,15.07,73.0792,40.39,20.59,64.54,56.65,26.2921,188.787
11/2/2015,0.7531,2.1709,2.9437,14.15,73.2086,40.39,20.59,68.76,58.85,28.3261,189.9133
11/3/2015,0.7657,2.2105,2.9919,14.54,73.2962,40.39,20.59,69.66,59.35,28.2899,187.9482
11/4/2015,0.8116,2.225,2.9903,15.51,77.5875,40.39,20.59,66.94,58.4,30.1111,185.4985
11/5/2015,0.8256,2.2323,3,15.05,76.728,39,18.6,66.06,58.09,30.8411,184.7697
11/6/2015,0.8859,2.3252,3.0853,14.33,74.2542,39,18.6,65.77,57.99,26.5345,183.4789
11/9/2015,0.8821,2.3436,3.1077,16.52,71.7795,39,18.6,58.11,55.31,27.9545,181.6421
11/10/2015,0.8744,2.3419,3.1152,15.29,70.4772,39,18.6,58.89,55.64,22.8976,180.8079
11/11/2015,0.8744,2.3301,3.1152,16.06,70.4772,39,18.6,56.45,54.76,23.1976,181.9875
11/12/2015,0.8706,2.3116,3.0894,18.37,69.4517,34.27,23,47.33,51.15,23.4477,184.8423
11/13/2015,0.8347,2.2658,3.0519,20.08,68.3001,34.27,23,41.61,48.54,24.6651,187.4205
11/16/2015,0.851,2.2676,3.0616,18.16,67.6863,34.27,23,50.14,51.88,26.2409,188.2448
11/17/2015,0.8511,2.2658,3.0543,18.84,72.3323,34.27,23,49.43,51.57,25.0149,186.4205
11/18/2015,0.8756,2.2728,3.0423,16.85,71.6503,34.27,23,57.28,54.98,25.7735,186.717
11/19/2015,0.8921,2.2482,3.0103,16.99,70.5353,30.77,30.55,56.61,54.7,28.6079,187.1774
11/20/2015,0.9172,2.2623,3.0199,15.47,70.5107,30.77,30.55,58.38,55.5,28.5494,187.7723
11/23/2015,0.9174,2.2377,2.992,15.62,70.8031,30.77,30.55,57.56,55.17,28.6423,190.2328
11/24/2015,0.9303,2.2377,3.0024,15.93,70.8811,30.77,30.55,58.19,55.44,24.4654,190.2334
11/25/2015,0.9343,2.2341,2.9944,15.19,70.0444,30.77,30.55,58.09,55.41,23.3793,189.586
11/26/2015,0.9343,2.2341,2.9944,15.19,70.0444,32.36,26.03,58.09,55.41,23.8793,189.586
11/27/2015,0.9185,2.2201,2.9968,15.12,69.6086,32.36,26.03,58.43,55.55,24.6383,190.9929
11/30/2015,0.9304,2.206,2.9723,16.13,69.8952,32.36,26.03,54.63,54.18,24.8384,192.3972
12/1/2015,0.9067,2.1431,2.9019,14.67,70.9762,32.36,26.03,60.91,56.7,22.3851,193.6903
12/2/2015,0.9345,2.1797,2.9081,15.91,72.311,32.36,26.03,52.74,53.53,23.2564,192.027
12/3/2015,0.9505,2.3136,3.0543,18.11,74.5605,29.49,21.2,44.44,49.81,24.8565,190.6442
12/4/2015,0.9388,2.2693,3.0095,14.81,71.264,29.49,21.2,55.14,54.42,24.8392,182.0663
12/7/2015,0.9269,2.2288,2.9612,15.84,70.5604,29.49,21.2,51.43,52.68,24.8127,184.1218
12/8/2015,0.929,2.2182,2.9549,17.6,72.7121,29.49,21.2,48.21,51.12,21.6901,189.1781
12/9/2015,0.923,2.2164,2.9738,19.61,72.3993,29.49,21.2,44.65,49.33,24.2762,186.3551
12/10/2015,0.9432,2.2305,2.9675,19.34,72.3172,28.51,29.89,45.89,49.86,27.3121,188.9481
12/11/2015,0.875,2.127,2.8709,24.39,74.9966,28.51,29.89,37.95,45.63,29.3303,195.2967
12/14/2015,0.9435,2.2217,2.9517,22.73,78.2478,28.51,29.89,40.61,46.75,31.432,198.8322
12/15/2015,0.9639,2.2658,2.9856,20.95,79.5704,28.51,29.89,46.18,49.18,28.16,198.4185
12/16/2015,1.0025,2.296,3.0039,17.86,70.2137,28.51,29.89,52.77,52.3,28.3262,197.4046
12/17/2015,0.9844,2.2234,2.9275,18.94,67.6684,23.87,39.38,46.34,49.03,35.0799,200.6588
12/18/2015,0.9522,2.204,2.922,20.7,67.8121,23.87,39.38,40.2,45.6,41.2596,201.6005
12/21/2015,0.9442,2.1917,2.9103,18.7,66.3699,23.87,39.38,43.65,47.24,43.5458,203.8342
12/22/2015,0.9729,2.2357,2.9556,16.6,66.8957,23.87,39.38,47.39,49.05,40.6178,203.4268
12/23/2015,0.9812,2.2534,2.988,15.57,66.0201,23.87,39.38,52.24,51.51,40.984,203.6578
12/24/2015,0.9983,2.241,2.9603,15.74,65.4655,26.38,31.49,51.57,51.17,40.4756,203.8986
12/25/2015,0.9983,2.241,2.9603,15.74,65.4655,26.38,31.49,51.57,51.17,40.4756,203.8986
12/28/2015,1.0067,2.2304,2.943,16.91,67.2103,26.38,31.49,50.62,50.71,40.9846,203.9611
12/29/2015,1.0911,2.305,3.0359,16.08,67.2477,26.38,31.49,54.96,52.85,41.3439,202.5018
12/30/2015,1.0713,2.2943,3.0335,17.29,67.3456,26.38,31.49,51.61,51.27,46.9816,202.57
12/31/2015,1.0477,2.2694,3.0158,18.21,67.8473,25.07,23.62,47.57,49.3,44.997,202.0596
1/1/2016,1.0477,2.2694,3.0158,18.21,67.8473,25.07,23.62,47.57,49.3,44.997,202.0596
1/4/2016,1.0358,2.2428,2.9872,20.7,68.8377,25.07,23.62,41.88,46.33,44.8971,204.7244
1/5/2016,1.0139,2.2357,2.9951,19.34,71.4222,25.07,23.62,42.83,46.76,41.8751,206.4345
1/6/2016,0.976,2.1702,2.9375,20.59,71.6843,25.07,23.62,38.4,44.36,42.1752,206.978
1/7/2016,0.948,2.1455,2.9258,24.99,74.2112,22.17,38.26,32.04,40.53,41.8503,211.4454
1/8/2016,0.9318,2.1156,2.9094,27.01,71.0073,22.17,38.26,29.67,38.98,42.7845,211.4415
1/11/2016,0.9317,2.1754,2.9682,24.3,71.0193,22.17,38.26,30.11,39.16,43.3934,207.4591
1/12/2016,0.9235,2.1032,2.8815,22.47,71.964,22.17,38.26,34.1,40.89,41.5074,211.6768
1/13/2016,0.9073,2.0927,2.8822,25.22,74.4599,22.17,38.26,28.45,37.36,40.3298,212.7325
1/14/2016,0.8911,2.0874,2.8869,23.95,73.6146,17.9,45.53,35.91,40.81,37.6954,220.2622
1/15/2016,0.85,2.0347,2.814,27.02,78.0636,17.9,45.53,31.29,37.96,39.0727,223.526
1/18/2016,0.85,2.0347,2.814,27.02,78.0636,17.9,45.53,31.29,37.96,39.4927,223.526
1/19/2016,0.87,2.0556,2.8262,26.05,77.3158,17.9,45.53,31.52,38.07,38.5251,225.4354
1/20/2016,0.8212,1.9824,2.753,27.59,81.8198,17.9,45.53,29.22,36.62,36.1883,235.7596
1/21/2016,0.8331,2.0311,2.8109,26.69,80.7258,21.52,48.71,31.58,37.7,33.8824,235.8915
1/22/2016,0.8691,2.0519,2.8238,22.34,77.3486,21.52,48.71,40.04,41.71,32.406,232.8102
1/25/2016,0.8567,2.0012,2.7844,24.15,75.4139,21.52,48.71,36.24,39.63,33.6443,237.8793
1/26/2016,0.8401,1.9942,2.7844,22.5,75.1557,21.52,48.71,41.56,42.28,31.0775,238.5823
1/27/2016,0.833,1.9993,2.801,23.11,71.9361,21.52,48.71,38.84,40.84,30.2686,238.0662
1/28/2016,0.8172,1.9784,2.7851,22.42,70.9823,29.75,39.96,40.93,41.87,29.0006,240.1618
1/29/2016,0.7737,1.9209,2.7438,20.2,74.0039,29.75,39.96,49.34,46.24,30.2288,240.9103
2/1/2016,0.7975,1.9486,2.7618,19.98,73.4583,29.75,39.96,49.2,46.18,31.8472,245.1448
2/2/2016,0.7183,1.8448,2.656,21.98,77.4933,29.75,39.96,43.63,43.47,28.3417,249.518
2/3/2016,0.7223,1.8861,2.7126,21.65,79.6217,29.75,39.96,45.37,44.35,28.9912,247.3936
2/4/2016,0.6984,1.8395,2.6757,21.84,83.76,27.55,34.72,45.92,44.63,33.0243,250.0542
2/5/2016,0.7221,1.8357,2.6683,23.38,81.6695,27.55,34.72,40.57,42.02,32.975,250.4293
2/8/2016,0.6662,1.7483,2.5764,26,89.2706,27.55,34.72,37.07,40.2,35.6502,255.1739
2/9/2016,0.6901,1.726,2.5493,26.54,91.606,27.55,34.72,36.91,40.11,31.5266,263.4015
2/10/2016,0.686,1.6681,2.4872,26.29,86.3154,27.55,34.72,36.86,40.09,31.2369,267.1865
2/11/2016,0.6499,1.6591,2.4977,28.14,97.9449,19.24,48.7,33.76,38.51,33.7424,268.095
2/12/2016,0.7137,1.7481,2.604,25.4,93.716,19.24,48.7,41.99,42.2,33.8433,270.1862
2/15/2016,0.7137,1.7481,2.604,25.4,93.716,19.24,48.7,41.99,42.2,33.8433,270.1862
2/16/2016,0.7197,1.7723,2.6393,24.11,86.8243,19.24,48.7,47.99,45.14,33.8435,262.7703
2/17/2016,0.7419,1.819,2.6875,22.31,84.7863,19.24,48.7,53.27,47.92,31.926,261.0953
2/18/2016,0.6933,1.7396,2.6086,21.64,86.1223,27.56,37.8,51.65,47.21,32.8243,261.0382
2/19/2016,0.7418,1.7449,2.6048,20.53,90.099,27.56,37.8,51.64,47.21,32.825,261.5133
2/22/2016,0.75,1.7518,2.604,19.38,85.1456,27.56,37.8,56.39,49.67,32.4472,256.8209
2/23/2016,0.7337,1.7225,2.5789,20.98,83.9756,27.56,37.8,51.61,47.66,30.8592,256.7461
2/24/2016,0.7539,1.7484,2.6056,20.72,85.0912,27.56,37.8,53.12,48.42,30.3912,256.1599
2/25/2016,0.7264,1.7157,2.5941,19.11,84.4408,31.19,31.42,56.84,50.34,31.5098,252.4297
2/26/2016,0.7934,1.7623,2.6363,19.81,82.5424,31.19,31.42,56.04,50.02,32.4788,251.7658
2/29/2016,0.7737,1.7347,2.6156,20.55,83.3856,31.19,31.42,52.6,48.63,31.77,251.5258
3/1/2016,0.8391,1.8249,2.6978,17.7,84.2161,31.19,31.42,60.26,52.6,30.6,245.5117
3/2/2016,0.8412,1.8406,2.6845,17.09,83.6548,31.19,31.42,61.44,53.26,33.98,239.9383
3/3/2016,0.8452,1.8337,2.658,16.7,81.7159,32.02,29.25,62.47,53.83,36.0915,237.6306
3/4/2016,0.8616,1.8741,2.6947,16.86,78.01,32.02,29.25,63.46,54.37,36.9001,234.5944
3/7/2016,0.9057,1.9057,2.7057,17.35,77.8254,32.02,29.25,63.74,54.52,36.1423,229.4293
3/8/2016,0.8659,1.8287,2.6348,18.67,80.7152,32.02,29.25,57.72,52.28,33.5007,232.1284
3/9/2016,0.8901,1.876,2.662,18.34,80.3559,32.02,29.25,59.55,53.16,33.446,230.4006
3/10/2016,0.9265,1.9323,2.6947,18.05,80.8503,37.36,24.37,59.61,53.19,32.203,224.7662
3/11/2016,0.9554,1.9839,2.7532,16.5,81.4223,37.36,24.37,65.28,56.04,31.8447,216.6112
3/14/2016,0.9557,1.9592,2.7318,16.92,79.1166,37.36,24.37,64.52,55.76,32.415,213.0837
3/15/2016,0.9641,1.9699,2.731,16.84,78.4721,37.36,24.37,63.36,55.36,31.1259,212.0123
3/16/2016,0.855,1.9081,2.7105,14.99,74.1591,37.36,24.37,65.4,56.36,34.395,213.1901
3/17/2016,0.8633,1.8958,2.6854,14.44,72.4143,29.96,26.86,67.69,57.53,34.3624,210.4161
3/18/2016,0.8353,1.8732,2.6753,14.02,71.2631,29.96,26.86,69.17,58.31,33.9441,207.6833
3/21/2016,0.872,1.9155,2.7169,13.79,70.8269,29.96,26.86,69.51,58.48,32.4472,205.4487
3/22/2016,0.8865,1.9403,2.7224,14.17,71.122,29.96,26.86,68.78,58.26,33.3298,200.9659
3/23/2016,0.852,1.8786,2.6582,14.94,71.0806,29.96,26.86,63.6,56.6,32.996,201.1369
3/24/2016,0.8689,1.9,2.673,14.74,72.6776,33.78,23.71,63.3,56.5,34.8831,201.9951
3/25/2016,0.8689,1.9,2.673,14.74,72.6776,33.78,23.71,63.3,56.5,34.8831,201.9951
3/28/2016,0.865,1.886,2.6567,15.24,74.692,33.78,23.71,63.57,56.61,36.4102,201.3999
3/29/2016,0.7843,1.8035,2.5996,13.82,72.6564,33.78,23.71,67.69,58.4,40.7057,204.6493
3/30/2016,0.7567,1.8228,2.6528,13.56,70.5431,33.78,23.71,69.54,59.27,43.184,201.7182
3/31/2016,0.7211,1.7687,2.6119,13.95,68.8027,27.18,25.76,67.58,58.67,43.0253,202.1347
4/1/2016,0.7224,1.7705,2.5997,13.1,66.997,27.18,25.76,70.36,59.96,40.5314,201.9494
4/4/2016,0.7361,1.7618,2.5966,14.12,65.3606,27.18,25.76,67.19,58.99,43.6846,200.8184
4/5/2016,0.72,1.7201,2.5442,15.42,68.3119,27.18,25.76,58.28,56.04,41.2985,200.9946
4/6/2016,0.7317,1.7549,2.5844,14.09,69.708,27.18,25.76,63.61,58.26,40.172,199.5096
4/7/2016,0.6878,1.6889,2.5149,16.16,71.0948,32.19,21.46,54.91,54.95,39.9921,200.1147
4/8/2016,0.695,1.7167,2.5525,15.36,70.8799,32.19,21.46,56.39,55.55,40.7014,200.3308
4/11/2016,0.6987,1.7254,2.5616,16.26,69.7667,32.19,21.46,54.49,54.81,41.6243,198.4581
4/12/2016,0.7385,1.7761,2.5989,14.85,68.7767,32.19,21.46,59.63,56.91,40.5807,196.3914
4/13/2016,0.7464,1.7639,2.5837,13.84,67.485,32.19,21.46,64.2,58.97,40.4559,194.6126
4/14/2016,0.7663,1.7919,2.6005,13.72,67.52,27.85,24.89,64.27,59.01,41.4149,191.8061
4/15/2016,0.7335,1.7518,2.5593,13.62,66.4853,27.85,24.89,63.45,58.71,41.4403,191.8234
4/18/2016,0.7414,1.7711,2.5799,13.35,66.3398,27.85,24.89,66.52,60.1,43.092,190.8943
4/19/2016,0.7574,1.7851,2.5936,13.24,66.4398,27.85,24.89,67.89,60.74,42.6324,187.4873
4/20/2016,0.7937,1.845,2.6538,13.28,67.7689,27.85,24.89,68.24,60.91,41.1309,183.4955
4/21/2016,0.8058,1.861,2.6842,13.95,68.5982,33.41,23.92,63.2,59.18,40.9221,180.8984
4/22/2016,0.8178,1.8878,2.707,13.22,67.7807,33.41,23.92,63.23,59.19,40.6975,178.2203
4/25/2016,0.8299,1.9128,2.7332,14.08,67.8852,33.41,23.92,61.41,58.57,38.4621,175.7239
4/26/2016,0.8608,1.9271,2.7539,13.96,67.1531,33.41,23.92,62.6,59.03,39.02,176.2906
4/27/2016,0.8173,1.8508,2.7008,13.77,64.7405,33.41,23.92,63.68,59.44,40.4381,177.925
4/28/2016,0.7816,1.8243,2.6796,15.22,64.6443,27.37,28.6,54.28,56.2,42.8076,177.5721
4/29/2016,0.7816,1.8333,2.6781,15.7,64.921,27.37,28.6,49.97,54.52,42.808,174.6725
5/2/2016,0.7896,1.8723,2.7245,14.68,64.6808,27.37,28.6,55.78,56.57,44.8434,173.7663
5/3/2016,0.754,1.7963,2.6578,15.6,68.4133,27.37,28.6,48.93,53.77,43.4551,176.3722
5/4/2016,0.7381,1.7752,2.6322,16.05,68.1193,27.37,28.6,44.9,51.96,44.5929,179.4825
5/5/2016,0.7182,1.7453,2.6029,15.91,68.6674,22.33,30.34,44.74,51.89,44.363,179.4676
5/6/2016,0.734,1.7789,2.6276,14.72,65.1538,22.33,30.34,47.4,52.79,43.6345,180.1145
5/9/2016,0.706,1.7507,2.6083,14.57,64.119,22.33,30.34,48.04,53.01,41.5993,180.9278
5/10/2016,0.722,1.7613,2.6122,13.63,63.9664,22.33,30.34,57.33,56.44,38.395,179.8687
5/11/2016,0.7279,1.7367,2.5807,14.69,63.8888,22.33,30.34,49.88,53.31,37.2273,180.3277
5/12/2016,0.754,1.7516,2.5983,14.41,63.9185,20.41,31.29,49.76,53.26,36.1595,182.842
5/13/2016,0.7459,1.7001,2.5486,15.04,64.066,20.41,31.29,43.96,50.63,36.3101,183.9933
5/16/2016,0.7863,1.7533,2.5956,14.68,66.9396,20.41,31.29,51.01,53.36,36.1602,182.6668
5/17/2016,0.8309,1.7723,2.5994,15.57,67.1195,20.41,31.29,45.09,50.55,34.0229,180.7669
5/18/2016,0.8918,1.8538,2.6595,15.95,69.8479,20.41,31.29,45.23,50.61,34.055,184.6153
5/19/2016,0.8819,1.8487,2.6417,16.33,70.5554,19.34,34.1,42.98,49.52,35.3762,183.132
5/20/2016,0.8763,1.8384,2.6286,15.2,68.5137,19.34,34.1,47.53,51.28,35.6079,185.1603
5/23/2016,0.8969,1.835,2.6232,15.82,67.7843,19.34,34.1,46.15,50.64,34.1809,185.5031
5/24/2016,0.9094,1.8629,2.644,14.42,69.4106,19.34,34.1,55.32,54.45,31.9333,182.71
5/25/2016,0.9185,1.8664,2.6634,13.9,67.5364,19.34,34.1,59.18,56.26,34.0953,181.3551
5/26/2016,0.8671,1.8282,2.6409,13.43,66.1539,17.75,29.39,59.01,56.19,38.9184,180.184
5/27/2016,0.9086,1.851,2.6464,13.12,66.7644,17.75,29.39,61.4,57.31,36.2741,178.8979
5/30/2016,0.9086,1.851,2.6464,13.12,66.7644,17.75,29.39,61.4,57.31,36.2741,178.8979
5/31/2016,0.877,1.8458,2.6479,14.19,67.9149,17.75,29.39,60.51,56.95,40.0945,178.416
6/1/2016,0.8988,1.8354,2.6164,14.2,68.7501,17.75,29.39,61.2,57.26,39.2133,182.4573
6/2/2016,0.8869,1.7989,2.5805,13.63,69.5592,30.17,29.05,62.93,58.04,40.6165,183.1077
6/3/2016,0.7716,1.7004,2.5097,13.47,67.5923,30.17,29.05,59.95,56.93,40.3145,183.9574
6/6/2016,0.7953,1.7367,2.557,13.65,66.269,30.17,29.05,63.1,58.31,40.1951,181.3326
6/7/2016,0.7833,1.7177,2.5419,14.05,64.4494,30.17,29.05,63.91,58.67,39.2814,180.2298
6/8/2016,0.7752,1.7022,2.5082,14.08,67.9187,30.17,29.05,65.98,59.6,42.467,179.7798
6/9/2016,0.767,1.6867,2.4873,14.64,70.5602,27.83,27.83,63.93,58.89,40.7495,179.3281
6/10/2016,0.7265,1.6404,2.4511,17.03,75.0982,27.83,27.83,54.24,55.23,41.2125,181.9632
6/13/2016,0.7143,1.6096,2.4262,20.97,79.5662,27.83,27.83,47.46,52.29,39.8876,185.0445
6/14/2016,0.7221,1.613,2.4233,20.5,79.1012,27.83,27.83,46.09,51.67,39.0291,188.703
6/15/2016,0.6696,1.572,2.4065,20.14,78.6673,27.83,27.83,44.68,51.02,40.2023,189.801
6/16/2016,0.6854,1.5788,2.3963,19.37,83.544,25.35,37.5,47.62,52.07,39.2274,187.1205
6/17/2016,0.6927,1.6078,2.4196,19.41,82.5806,25.35,37.5,44.93,50.89,39.008,188.2188
6/20/2016,0.7451,1.6886,2.4955,18.37,77.3208,25.35,37.5,50.29,52.86,39.7271,180.1398
6/21/2016,0.763,1.7059,2.5119,18.48,76.964,25.35,37.5,52.62,53.75,37.2987,179.4103
6/22/2016,0.7433,1.6852,2.4999,21.17,79.52,25.35,37.5,51.05,53.12,37.6316,179.4821
6/23/2016,0.7788,1.7458,2.5547,17.25,74.0447,21.97,35.23,61.16,57.35,35.6012,175.4187
6/24/2016,0.627,1.5599,2.4101,25.76,77.9402,21.97,35.23,38.09,45.71,37.505,189.0122
6/27/2016,0.5935,1.4377,2.2644,23.85,81.5678,21.97,35.23,31.81,41.48,38.3627,194.2284
6/28/2016,0.6132,1.4664,2.2749,18.75,78.6739,21.97,35.23,41.77,46.43,37.7466,191.362
6/29/2016,0.6368,1.5155,2.3187,16.64,71.8031,21.97,35.23,49.52,50.64,38.7392,184.4478
6/30/2016,0.5817,1.4697,2.2847,15.63,72.6386,28.91,33.42,54.77,53.69,39.5393,188.0317
7/1/2016,0.5893,1.4441,2.2253,14.77,74.3476,28.91,33.42,55.5,54.11,39.9726,187.5864
7/4/2016,0.5893,1.4441,2.2253,14.77,74.3476,28.91,33.42,55.5,54.11,40.2726,187.5864
7/5/2016,0.5497,1.375,2.1545,15.58,78.1189,28.91,33.42,52.32,52.36,41.3629,186.4987
7/6/2016,0.5773,1.3682,2.1375,14.96,76.0937,28.91,33.42,54.5,53.57,39.2239,189.1767
7/7/2016,0.5892,1.385,2.1348,14.76,76.7253,31.06,26.65,54.06,53.34,38.0512,184.5032
7/8/2016,0.605,1.3579,2.0983,13.2,72.3051,31.06,26.65,60.08,56.7,39.3171,185.2106
7/11/2016,0.653,1.4303,2.1394,13.54,69.7813,31.06,26.65,61.32,57.41,39.0097,180.9728
7/12/2016,0.6891,1.51,2.2237,13.55,71.4307,31.06,26.65,63.81,58.87,38.3389,174.9966
7/13/2016,0.6651,1.4743,2.1721,13.04,71.6458,31.06,26.65,63.86,58.9,37.996,174.5745
7/14/2016,0.6732,1.5356,2.2523,12.82,73.5649,36.87,24.42,65.79,60.01,36.878,171.4407
7/15/2016,0.6674,1.5509,2.2655,12.67,74.7729,36.87,24.42,65.12,59.71,38.7719,174.9062
7/18/2016,0.6897,1.5818,2.2944,12.44,72.9246,36.87,24.42,66.07,60.23,40.0562,169.8172
7/19/2016,0.6898,1.5526,2.2669,11.97,70.5273,36.87,24.42,64.92,59.75,38.7623,170.7386
7/20/2016,0.7101,1.5801,2.2979,11.77,70.6421,36.87,24.42,66.77,60.71,38.197,167.9915
7/21/2016,0.6778,1.556,2.2908,12.74,71.8596,35.43,26.72,63.7,59.46,40.5028,167.3991
7/22/2016,0.7025,1.5663,2.283,12.02,69.908,35.43,26.72,65.83,60.52,40.6459,167.3731
7/25/2016,0.7332,1.5731,2.2872,12.87,68.7472,35.43,26.72,63.18,59.45,42.9115,167.6863
7/26/2016,0.7539,1.5611,2.283,13.05,68.7587,35.43,26.72,63.35,59.53,43.86,169.8923
7/27/2016,0.7184,1.4976,2.211,12.83,66.6415,35.43,26.72,62.21,59.09,47.2487,173.2388
7/28/2016,0.7066,1.5044,2.2318,12.72,66.6729,31.25,28.41,63.17,59.51,51.8096,172.5579
7/29/2016,0.6554,1.4531,2.1827,11.87,64.1468,31.25,28.41,64.16,59.94,50.5474,173.6912
8/1/2016,0.6848,1.5214,2.2695,12.44,63.6696,31.25,28.41,62.74,59.43,50.5476,171.8562
8/2/2016,0.6788,1.5558,2.3069,13.37,67.8455,31.25,28.41,56.04,56.94,49.8737,172.4207
8/3/2016,0.6668,1.542,2.2963,12.86,67.7936,31.25,28.41,58.38,57.83,51.3816,173.7996
8/4/2016,0.643,1.5008,2.254,12.42,67.104,29.79,26.77,58.54,57.89,53.3969,172.9225
8/5/2016,0.7221,1.5885,2.314,11.39,66.5854,29.79,26.77,64.56,60.32,53.3649,170.1483
8/8/2016,0.726,1.592,2.309,11.5,65.5025,29.79,26.77,63.5,59.94,54.7801,168.8032
8/9/2016,0.71,1.547,2.2617,11.66,64.3033,29.79,26.77,63.77,60.05,53.622,169.2955
8/10/2016,0.682,1.5074,2.2274,12.05,63.3392,29.79,26.77,60.2,58.81,53.7822,169.2551
8/11/2016,0.742,1.5593,2.2722,11.68,65.2893,31.29,26.76,63.8,60.22,53.7224,170.0726
8/12/2016,0.7057,1.5135,2.2306,11.55,64.3692,31.29,26.76,62.77,59.86,54.3571,168.6483
8/15/2016,0.7258,1.5576,2.2825,11.81,63.7693,31.29,26.76,64.91,60.7,51.9253,166.2411
8/16/2016,0.7459,1.5746,2.2978,12.64,63.6712,31.29,26.76,57.85,58.2,52.7341,165.5392
8/17/2016,0.7257,1.5491,2.2594,12.19,63.5403,31.29,26.76,59.46,58.8,51.7037,166.088
8/18/2016,0.7014,1.5356,2.2601,11.43,63.6508,35.56,26.36,61.34,59.5,51.6759,164.4449
8/19/2016,0.7459,1.5781,2.2869,11.34,64.8151,35.56,26.36,59.4,58.82,51.7799,163.1896
8/22/2016,0.7378,1.5424,2.2371,12.27,67.8711,35.56,26.36,58.62,58.55,53.6285,163.7625
8/23/2016,0.7418,1.5458,2.2292,12.38,66.6166,35.56,26.36,60.55,59.22,52.6115,163.4216
8/24/2016,0.7618,1.5611,2.2471,13.45,66.5089,35.56,26.36,53.33,56.66,51.0885,161.8889
8/25/2016,0.7894,1.5731,2.263,13.63,69.3552,29.42,29.64,51.61,56.01,50.97,162.6942
8/26/2016,0.8428,1.6296,2.2869,13.65,71.2373,29.42,29.64,49.62,55.25,51.8896,162.0399
8/29/2016,0.8052,1.5595,2.2142,12.94,68.6079,29.42,29.64,55.7,57.23,52.3976,163.0524
8/30/2016,0.7973,1.5663,2.2292,13.12,69.1142,29.42,29.64,53.11,56.27,51.74,163.3686
8/31/2016,0.8053,1.58,2.232,13.42,69.0806,29.42,29.64,50.06,55.1,50.9545,162.0005
9/1/2016,0.7816,1.5681,2.2299,13.48,70.2452,28.6,31.52,50.01,55.08,51.0966,164.1948
9/2/2016,0.7858,1.6024,2.2782,11.98,66.4643,28.6,31.52,55.25,56.77,51.5495,162.7634
9/5/2016,0.7858,1.6024,2.2782,11.98,66.4643,28.6,31.52,55.25,56.77,51.3825,162.7634
9/6/2016,0.7281,1.534,2.2241,12.02,63.4574,28.6,31.52,58.58,57.94,53.1211,164.601
9/7/2016,0.734,1.5391,2.2349,11.94,64.067,28.6,31.52,58.35,57.86,49.778,165.0887
9/8/2016,0.7699,1.599,2.3036,12.51,65.952,29.75,28.48,54.83,56.64,50.4571,166.0993
9/9/2016,0.7821,1.6749,2.3946,17.5,69.1197,29.75,28.48,31.94,45.65,51.6452,162.5061
9/12/2016,0.7701,1.6629,2.3909,15.16,68.9051,29.75,28.48,46.09,51.35,49.4557,165.7128
9/13/2016,0.7982,1.7271,2.4634,17.85,70.604,29.75,28.48,37.49,46.21,50.018,164.289
9/14/2016,0.758,1.6976,2.4497,18.14,69.226,29.75,28.48,37.19,46.02,53.426,163.2389
9/15/2016,0.7258,1.6907,2.4627,16.3,69.1296,27.94,35.92,45.11,49.63,57.2472,162.9283
9/16/2016,0.7621,1.6926,2.4452,15.37,69.2109,27.94,35.92,42.91,48.37,57.8105,163.7405
9/19/2016,0.7784,1.7118,2.4551,15.53,69.2268,27.94,35.92,42.9,48.36,61.2122,160.8228
9/20/2016,0.7743,1.6892,2.4316,15.92,68.6234,27.94,35.92,43.16,48.47,57.6721,161.0784
9/21/2016,0.7744,1.6511,2.3738,13.3,63.7282,27.94,35.92,51.6,52.33,66.045,163.8889
9/22/2016,0.7703,1.6183,2.3353,12.02,61.1808,24.83,38.28,55.85,54.45,68.9359,162.1692
9/23/2016,0.754,1.6184,2.3471,12.29,59.7525,24.83,38.28,51.52,52.31,68.5582,160.1605
9/26/2016,0.7336,1.5839,2.3205,14.5,58.8544,24.83,38.28,45.83,49.33,67.0361,162.6063
9/27/2016,0.7421,1.5564,2.2774,13.1,59.234,24.83,38.28,50.23,51.46,60.0146,163.3553
9/28/2016,0.7559,1.5719,2.2913,12.39,57.6154,24.83,38.28,53.6,53.15,56.3753,162.8071
9/29/2016,0.7342,1.5599,2.2767,14.02,58.845,24,37.11,47.48,49.97,59.1979,162.009
9/30/2016,0.7619,1.5944,2.3154,13.29,60.556,24,37.11,52.43,52.46,57.9741,162.559
10/3/2016,0.7916,1.6221,2.3397,13.57,60.4308,24,37.11,50.33,51.37,55.8582,161.7908
10/4/2016,0.8215,1.6864,2.4098,13.63,62.0787,24,37.11,47.23,49.75,54.3822,159.3606
10/5/2016,0.8316,1.7021,2.4234,12.99,62.5694,24,37.11,50.08,51.12,54.7435,158.7859
10/6/2016,0.8496,1.7372,2.4538,12.84,64.2883,28.79,27.9,50.41,51.28,55.1058,156.282
10/7/2016,0.8301,1.7181,2.4508,13.48,62.8398,28.79,27.9,48.13,50.16,56.066,156.1858
10/10/2016,0.8301,1.7181,2.4508,13.38,62.8398,28.79,27.9,51.46,51.7,55.849,156.1858
10/11/2016,0.8664,1.7638,2.5014,15.36,63.9548,28.79,27.9,43.32,47.58,54.683,152.6165
10/12/2016,0.8585,1.7692,2.4991,15.91,64.2686,28.79,27.9,44.18,47.97,54.1169,153.0817
10/13/2016,0.8345,1.7411,2.4768,16.69,64.5478,25.47,33.73,42.3,46.99,59.5912,151.8888
10/14/2016,0.8348,1.7977,2.5583,16.12,64.9764,25.47,33.73,42.47,47.07,59.2512,148.2303
10/17/2016,0.8147,1.766,2.5216,16.21,64.4162,25.47,33.73,40.52,46.09,57.8302,149.4
10/18/2016,0.7986,1.7379,2.5054,15.28,63.1833,25.47,33.73,45.93,48.34,54.6354,150.2098
10/19/2016,0.7946,1.7432,2.5069,14.41,61.6413,25.47,33.73,47.76,49.13,55.0885,147.6761
10/20/2016,0.819,1.7556,2.5039,13.75,59.6172,23.74,37.82,46.69,48.64,55.1998,146.4374
10/21/2016,0.8234,1.7347,2.4846,13.34,57.0892,23.74,37.82,46.62,48.61,55.7084,149.5314
10/24/2016,0.8399,1.7647,2.5171,13.02,56.7909,23.74,37.82,51.01,50.41,56.4105,148.529
10/25/2016,0.8523,1.756,2.4985,13.46,57.4141,23.74,37.82,47.62,48.99,55.5882,149.4047
10/26/2016,0.8685,1.7931,2.5412,14.24,59.5122,23.74,37.82,46.12,48.34,56.5683,148.6857
10/27/2016,0.8863,1.8536,2.6138,15.36,62.5324,24.75,34.07,43.58,47.24,60.3242,146.6367
10/28/2016,0.8526,1.8468,2.6154,16.19,64.375,24.75,34.07,41.05,46.11,60.6935,147.3227
10/31/2016,0.8409,1.8255,2.5798,17.06,65.465,24.75,34.07,40.95,46.07,58.4972,149.4509
11/1/2016,0.8311,1.8274,2.5774,18.56,67.764,24.75,34.07,35.73,43.65,52.988,150.2646
11/2/2016,0.8174,1.8025,2.5672,19.32,69.2476,24.75,34.07,31.59,41.49,51.4429,152.7455
11/3/2016,0.8055,1.8115,2.6004,22.08,72.5734,23.64,34.32,29.14,40.11,51.461,152.8491
11/4/2016,0.7838,1.7762,2.561,22.51,74.6135,23.64,34.32,28.26,39.6,51.6291,154.3774
11/7/2016,0.8178,1.8261,2.6021,18.71,72.3432,23.64,34.32,50.01,48.62,48.4817,151.3922
11/8/2016,0.8539,1.8547,2.6156,18.74,68.4678,23.64,34.32,52.7,49.96,46.6199,151.5274
11/9/2016,0.8901,2.0571,2.8456,14.38,76.3282,23.64,34.32,59.58,53.65,46.0214,144.2881
11/10/2016,0.9151,2.1501,2.9549,14.74,82.5707,38.89,29.33,60.67,54.27,43.5152,136.9944
11/11/2016,0.9151,2.1501,2.935,14.17,82.5707,38.89,29.33,59.43,53.73,43.8762,136.9944
11/14/2016,1.0023,2.2614,3.0117,14.48,89.2178,38.89,29.33,59.32,53.69,39.8588,136.8563
11/15/2016,0.9926,2.2189,2.9555,13.37,84.1174,38.89,29.33,63.91,56.16,42.4037,141.109
11/16/2016,1.0051,2.2225,2.9221,13.72,80.1246,38.89,29.33,62.29,55.5,45.195,140.7496
11/17/2016,1.0461,2.3026,3.0117,13.35,77.5351,46.65,26.57,65.09,57.03,48.4939,136.7372
11/18/2016,1.0678,2.3548,3.0296,12.85,81.6473,46.65,26.57,62.53,56.01,48.4874,137.5172
11/21/2016,1.0683,2.3154,2.9924,12.42,80.5793,46.65,26.57,66.91,58.4,48.8489,141.4557
11/22/2016,1.0871,2.3119,2.9996,12.41,76.4616,46.65,26.57,68.08,59.08,44.2647,140.8062
11/23/2016,1.1228,2.3498,3.0207,12.43,78.6397,46.65,26.57,68.53,59.33,43.7777,140.0225
11/24/2016,1.1228,2.3498,3.0207,12.43,78.6397,49.89,22.08,68.53,59.33,44.4727,140.0225
11/25/2016,1.1168,2.3572,3.0045,12.34,79.693,49.89,22.08,70.69,60.56,44.5017,141.2772
11/28/2016,1.099,2.3124,2.9755,13.15,78.7352,49.89,22.08,64.29,58.11,47.3289,141.7613
11/29/2016,1.0871,2.291,2.9459,12.9,77.3039,49.89,22.08,65.15,58.55,45.3569,140.9036
11/30/2016,1.113,2.3809,3.0337,13.33,80.9553,49.89,22.08,61.96,57.31,45.7075,135.9059
12/1/2016,1.147,2.4481,3.1085,14.07,86.6292,43.78,25.1,57.93,55.71,47.4744,136.1894
12/2/2016,1.0957,2.3831,3.0615,14.12,82.058,43.78,25.1,58.26,55.85,48.4563,137.688
12/5/2016,1.1198,2.3941,3.064,12.14,79.8381,43.78,25.1,62.85,57.93,48.6239,136.5928
12/6/2016,1.1139,2.3887,3.0788,11.79,76.5652,43.78,25.1,65.28,59.1,46.3566,137.1264
12/7/2016,1.094,2.3401,3.0224,12.22,73.4412,43.78,25.1,72.71,63.21,45.3408,136.994
12/8/2016,1.1102,2.4071,3.1053,12.64,73.1102,43.12,26.49,73.72,63.84,45.0563,132.2946
12/9/2016,1.1329,2.4675,3.1529,11.75,75.5479,43.12,26.49,76.31,65.51,42.3532,132.2546
12/12/2016,1.1411,2.4712,3.1538,12.64,76.3941,43.12,26.49,74.78,64.91,45.6251,130.8776
12/13/2016,1.1636,2.4713,3.1312,12.72,75.3586,43.12,26.49,77.57,66.71,43.0433,130.866
12/14/2016,1.2673,2.5707,3.1799,13.19,75.8376,43.12,26.49,67.53,62.56,43.7391,124.9302
12/15/2016,1.2738,2.5967,3.1622,12.79,78.6122,44.66,32.33,69.55,63.67,49.5755,127.3264
12/16/2016,1.2524,2.5916,3.1741,12.2,78.2199,44.66,32.33,67.51,62.8,50.5017,127.838
12/19/2016,1.2221,2.5382,3.1204,11.71,75.2435,44.66,32.33,68.62,63.38,50.7055,129.1827
12/20/2016,1.2163,2.5586,3.1396,11.45,75.4572,44.66,32.33,70.63,64.45,48.8627,128.1394
12/21/2016,1.1879,2.5348,3.1079,11.27,73.971,44.66,32.33,67.48,63.16,49.5106,128.5248
12/22/2016,1.1923,2.5515,3.1271,11.43,74.0548,44.61,29.15,65.11,62.18,49.4563,126.8507
12/23/2016,1.2016,2.5373,3.1138,11.44,72.5726,44.61,29.15,65.97,62.58,48.9509,127.2738
12/26/2016,1.2016,2.5373,3.1138,11.44,72.5726,44.61,29.15,65.97,62.58,48.9509,127.2738
12/27/2016,1.2267,2.5596,3.133,11.99,70.6642,44.61,29.15,67.53,63.31,48.4435,127.0421
12/28/2016,1.254,2.508,3.0931,12.95,70.7909,44.61,29.15,57.08,58.92,49.0584,127.1979
12/29/2016,1.2122,2.475,3.079,13.37,71.2764,45.57,25.74,56.75,58.77,55.1288,127.4954
12/30/2016,1.1883,2.4443,3.0651,14.04,71.6297,45.57,25.74,51.68,56.48,50.0502,127.5676
1/2/2017,1.1883,2.4443,3.0651,14.04,71.6297,45.57,25.74,51.68,56.48,50.0502,127.5676
1/3/2017,1.2141,2.4444,3.0462,12.85,76.7316,45.57,25.74,58.89,59.46,51.1501,128.5565
1/4/2017,1.214,2.439,3.0397,11.85,76.4077,45.57,25.74,62.94,61.33,47.7194,128.0952
1/5/2017,1.1621,2.3443,2.9444,11.67,76.5029,46.2,25.23,62.04,60.94,49.6619,130.5689
1/6/2017,1.2098,2.4193,3.0088,11.32,75.2375,46.2,25.23,64.51,62.08,49.747,127.0666
1/9/2017,1.1816,2.3647,2.958,11.56,74.8288,46.2,25.23,60.24,60.23,51.7442,129.5336
1/10/2017,1.1856,2.3757,2.9676,11.49,73.2584,46.2,25.23,60.24,60.23,51.0297,128.431
1/11/2017,1.1855,2.3721,2.9556,11.26,72.8257,46.2,25.23,62.53,61.21,51.4194,128.7863
1/12/2017,1.1733,2.3631,2.9604,11.54,73.744,43.64,26.97,59.72,60.05,50.9119,128.6884
1/13/2017,1.1931,2.3964,2.9886,11.23,74.5005,43.64,26.97,61.33,60.71,50.0374,126.3638
1/16/2017,1.1931,2.3964,2.9886,11.23,74.5005,43.64,26.97,61.33,60.71,50.0924,126.3638
1/17/2017,1.1524,2.3253,2.9317,11.87,73.939,43.64,26.97,57.36,59.07,50.2042,128.4664
1/18/2017,1.2214,2.4296,3.0129,12.48,73.9423,43.64,26.97,59.05,59.74,50.7277,123.0433
1/19/2017,1.2214,2.4739,3.0463,12.78,78.3221,37.01,32.68,54.29,57.75,53.8723,123.6139
1/20/2017,1.1885,2.4668,3.0488,11.54,76.7057,37.01,32.68,57.7,59.06,54.6045,124.3163
1/23/2017,1.1434,2.3971,2.9862,11.77,75.5172,37.01,32.68,54.21,57.57,55.0665,125.2938
1/24/2017,1.1924,2.4652,3.0489,11.07,75.5299,37.01,32.68,60.48,60.1,52.9269,123.4773
1/25/2017,1.2341,2.5116,3.0967,10.81,77.0613,37.01,32.68,66.55,62.91,54.499,121.8393
1/26/2017,1.2242,2.5043,3.0851,10.63,74.6944,31.58,33.49,65.55,62.49,54.1585,120.5681
1/27/2017,1.2182,2.4843,3.0588,10.58,72.1877,31.58,33.49,64.32,61.99,53.1442,120.5684
1/30/2017,1.2122,2.4881,3.0785,11.88,72.3572,31.58,33.49,56.44,58.59,53.1531,120.1856
1/31/2017,1.2044,2.4531,3.0612,11.99,72.5153,31.58,33.49,55.36,58.11,52.1885,122.688
2/1/2017,1.2125,2.4699,3.0753,11.81,70.8378,31.58,33.49,55.67,58.23,53.2056,124.0127
2/2/2017,1.2046,2.4737,3.0877,11.93,69.9231,32.8,34.17,56.28,58.46,53.6305,123.6305
2/3/2017,1.1969,2.4648,3.0902,10.97,67.3897,32.8,34.17,63.27,61.33,53.6605,125.5202
2/6/2017,1.149,2.4077,3.0473,11.37,67.5544,32.8,34.17,60.23,60.07,52.0726,125.2321
2/7/2017,1.165,2.3931,3.0179,11.29,68.07,32.8,34.17,60.45,60.16,52.0412,124.694
2/8/2017,1.141,2.3363,2.9485,11.45,68.7425,32.8,34.17,61.15,60.44,50.0721,128.3703
2/9/2017,1.1772,2.3948,3.0041,10.88,68.9453,35.8,27.65,66.49,62.72,49.5646,126.5159
2/10/2017,1.1895,2.4073,3.0056,10.85,69.6282,35.8,27.65,69.32,64.06,50.3252,126.2697
2/13/2017,1.2017,2.4358,3.0319,11.07,68.8286,35.8,27.65,72.95,65.92,50.604,124.4153
2/14/2017,1.2343,2.4698,3.0584,10.74,67.2553,35.8,27.65,75.37,67.27,49.924,124.0152
2/15/2017,1.2466,2.4932,3.0777,11.97,65.5141,35.8,27.65,78.01,68.86,50.8781,123.6765
2/16/2017,1.2021,2.4467,3.0487,11.76,68.2298,33.09,32.36,76.47,68.26,53.8756,123.334
2/17/2017,1.1882,2.4147,3.0231,11.49,69.7839,33.09,32.36,77.4,68.8,53.9698,124.535
2/20/2017,1.1882,2.4147,3.0231,11.49,69.7839,33.09,32.36,77.4,68.8,53.7478,124.535
2/21/2017,1.2067,2.429,3.0407,11.57,68.7218,33.09,32.36,80.41,70.68,54.0815,124.1017
2/22/2017,1.2162,2.4129,3.0327,11.74,69.2627,33.09,32.36,78.39,69.9,54.1332,123.7063
2/23/2017,1.1825,2.372,3.0127,11.71,68.641,38.46,32.31,78.61,70.03,54.4751,124.8027
2/24/2017,1.1428,2.3117,2.951,11.47,69.8485,38.46,32.31,79.43,70.51,55.1524,124.8297
2/27/2017,1.1944,2.365,2.9833,12.09,70.8911,38.46,32.31,79.99,70.84,55.2091,122.5042
2/28/2017,1.2601,2.3899,2.9952,12.92,71.2937,38.46,32.31,74.43,68.82,45.9817,119.0067
3/1/2017,1.2842,2.4526,3.0608,12.54,70.1326,38.46,32.31,81.69,73.03,47.3353,120.7372
3/2/2017,1.3084,2.4779,3.0729,11.81,69.539,37.91,35.62,72.11,68.85,43.99,121.2144
3/3/2017,1.3051,2.478,3.0713,10.96,65.787,37.91,35.62,72.41,69.01,40.6004,120.1985
3/6/2017,1.3053,2.4997,3.1046,11.24,65.4098,37.91,35.62,67.37,66.75,38.5136,117.0276
3/7/2017,1.3277,2.5179,3.121,11.45,66.0329,37.91,35.62,63.17,64.81,36.4698,118.2131
3/8/2017,1.3542,2.5597,3.1489,11.86,66.6094,37.91,35.62,60.02,63.32,39.2932,119.0334
3/9/2017,1.3726,2.6053,3.1888,12.3,69.1812,30,46.5,60.76,63.62,39.3331,120.4689
3/10/2017,1.3534,2.5745,3.1647,11.66,67.7001,30,46.5,63.7,64.84,37.9773,122.5469
3/13/2017,1.3719,2.6258,3.2122,11.35,65.6376,30,46.5,64.03,64.98,38.9788,119.4213
3/14/2017,1.3763,2.6002,3.1747,12.3,65.182,30,46.5,58.77,62.65,37.5453,122.9751
3/15/2017,1.2994,2.493,3.1071,11.63,61.62,30,46.5,66.16,65.79,42.7015,125.6987
3/16/2017,1.3322,2.5402,3.1506,11.21,60.4397,31.17,38.7,63.75,64.69,43.0639,120.9765
3/17/2017,1.3146,2.5005,3.1096,11.28,60.7216,31.17,38.7,61.79,63.79,42.5595,123.9509
3/20/2017,1.2883,2.4607,3.077,11.34,59.8151,31.17,38.7,58.83,62.43,43.0049,124.9254
3/21/2017,1.2598,2.4175,3.0343,12.47,62.1347,31.17,38.7,44.61,54.96,39.9432,126.2459
3/22/2017,1.2477,2.405,3.0174,12.81,64.0909,31.17,38.7,46.7,55.78,39.4919,125.5005
3/23/2017,1.252,2.4194,3.0294,13.12,65.2168,35.28,30.5,45.66,55.2,39.1045,125.0581
3/24/2017,1.2566,2.4123,3.0134,12.96,64.4514,35.28,30.5,44.8,54.72,38.9483,124.7664
3/27/2017,1.2527,2.3782,2.9848,12.5,62.6832,35.28,30.5,43.74,54.14,37.9933,126.1771
3/28/2017,1.3016,2.4178,3.0246,11.53,61.9509,35.28,30.5,52.4,57.46,38.0165,125.2184
3/29/2017,1.2698,2.3765,2.9856,11.42,61.0203,35.28,30.5,53.56,57.93,37.4741,127.3506
3/30/2017,1.2818,2.4197,3.0343,11.54,60.9355,30.22,37.38,56.64,59.2,39.0853,125.0302
3/31/2017,1.254,2.3874,3.0095,12.37,60.6987,30.22,37.38,53.68,57.81,39.7938,126.2603
4/3/2017,1.2261,2.3193,2.9532,12.38,61.228,30.22,37.38,51.58,56.8,39.3136,131.0696
4/4/2017,1.252,2.3605,2.9999,11.79,64.7657,30.22,37.38,52.26,57.07,37.7775,126.9492
4/5/2017,1.234,2.3354,2.9856,12.89,63.7153,30.22,37.38,48.24,55.17,35.2905,129.4563
4/6/2017,1.2379,2.3408,2.9864,12.39,68.2529,28.3,39.62,50.81,56.12,35.2833,127.917
4/7/2017,1.2862,2.3822,3.0078,12.87,68.6602,28.3,39.62,49.67,55.6,34.4928,126.7779
4/10/2017,1.2741,2.3661,2.9903,14.05,68.4973,28.3,39.62,50.66,55.95,35.3183,126.3943
4/11/2017,1.2338,2.2962,2.9289,15.07,70.5585,28.3,39.62,48.51,55,34.7427,128.3818
4/12/2017,1.2015,2.2392,2.8861,15.77,73.4226,28.3,39.62,43.34,52.6,35.5865,134.082
4/13/2017,1.2053,2.2374,2.8923,15.96,74.4847,28.97,37.38,35.9,48.63,35.5936,130.2614
4/14/2017,1.2053,2.2374,2.8923,15.96,74.4847,28.97,37.38,35.9,48.63,35.5936,130.2614
4/17/2017,1.2011,2.2498,2.9094,14.66,70.9568,28.97,37.38,47.98,53.22,35.5953,130.0161
4/18/2017,1.1604,2.1682,2.8354,14.42,72.8666,28.97,37.38,44.88,51.59,35.3627,133.1767
4/19/2017,1.1766,2.2143,2.8729,14.93,73.1268,28.97,37.38,43.11,50.65,35.8185,129.5734
4/20/2017,1.1846,2.232,2.8822,14.15,73.8561,25.71,38.7,52.05,54.43,36.5881,131.797
4/21/2017,1.1802,2.248,2.9015,14.63,77.1537,25.71,38.7,48.71,52.74,38.4247,129.1952
4/24/2017,1.2294,2.273,2.9288,10.84,63.2709,25.71,38.7,58.83,57.59,37.9279,128.6953
4/25/2017,1.2704,2.3322,2.9879,10.76,62.3632,25.71,38.7,63.26,60,35.7617,126.776
4/26/2017,1.2717,2.3035,2.9602,10.85,60.9543,25.71,38.7,62.67,59.72,36.4115,127.6487
4/27/2017,1.2579,2.2946,2.9642,10.36,59.8191,38.05,31.71,63.09,59.94,37.2092,126.5444
4/28/2017,1.2619,2.2802,2.9508,10.82,60.1925,38.05,31.71,60.57,58.79,38.0003,126.9758
5/1/2017,1.2739,2.318,3.0023,10.11,59.3993,38.05,31.71,62.05,59.52,36.9843,128.2042
5/2/2017,1.258,2.2803,2.9689,10.59,60.324,38.05,31.71,63.07,60.02,33.0403,128.9744
5/3/2017,1.2939,2.318,2.9681,10.68,59.384,38.05,31.71,61.17,59.2,30.7559,126.2009
5/4/2017,1.3059,2.3541,2.9983,10.46,60.0804,38.07,29.95,61.74,59.46,30.5457,126.5922
5/5/2017,1.3102,2.3487,2.9832,10.57,58.7242,38.07,29.95,65.55,61.27,29.6448,126.1267
5/8/2017,1.3303,2.3868,3.0222,9.77,55.4105,38.07,29.95,65.58,61.28,29.5549,124.3212
5/9/2017,1.3405,2.3977,3.0271,9.96,55.2203,38.07,29.95,63.73,60.56,28.7767,124.2283
5/10/2017,1.3548,2.4141,3.0407,10.21,55.0298,38.07,29.95,64.91,61.08,29.1821,121.5878
5/11/2017,1.3347,2.3874,3.0255,10.6,54.467,32.73,30.22,60.84,59.51,30.7957,123.264
5/12/2017,1.2904,2.3257,2.9889,10.4,55.7115,32.73,30.22,58.16,58.46,31.089,123.4287
5/15/2017,1.2986,2.3433,3.0064,10.42,56.7293,32.73,30.22,63.71,60.78,30.57,120.6724
5/16/2017,1.2987,2.3257,2.9921,10.65,55.4971,32.73,30.22,62.42,60.28,28.1844,121.4319
5/17/2017,1.2458,2.2243,2.916,15.59,62.5769,32.73,30.22,39.6,49.11,28.9271,123.5737
5/18/2017,1.2682,2.2294,2.9005,14.66,58.9788,23.85,34.25,43.99,50.98,26.2254,126.0556
5/19/2017,1.2703,2.2346,2.8966,12.04,57.8248,23.85,34.25,51.05,54.19,28.2134,125.5445
5/22/2017,1.2826,2.2537,2.9136,10.93,55.4739,23.85,34.25,55.67,56.46,29.7898,123.6287
5/23/2017,1.3032,2.2799,2.9432,10.72,55.7728,23.85,34.25,57.23,57.24,28.4252,124.0079
5/24/2017,1.2818,2.2502,2.9245,10.02,54.4058,23.85,34.25,59.32,58.29,27.7937,125.9848
5/25/2017,1.2937,2.2554,2.9206,9.99,54.3201,32.86,30,62.81,60.11,28.074,124.4638
5/26/2017,1.2937,2.2465,2.912,9.81,54.0528,32.86,30,63.05,60.23,27.7131,124.3514
5/29/2017,1.2937,2.2465,2.912,9.81,54.0528,32.86,30,63.05,60.23,27.7131,124.3514
5/30/2017,1.2837,2.2098,2.8772,10.38,53.4909,32.86,30,61.4,59.48,27.2063,126.0207
5/31/2017,1.2818,2.2028,2.8634,10.41,53.9509,32.86,30,60.74,59.19,23.9393,124.722
6/1/2017,1.2898,2.2114,2.8626,9.89,53.9973,26.92,31.54,66.98,62.33,24.7479,126.8551
6/2/2017,1.2879,2.1591,2.81,9.75,53.736,26.92,31.54,69.56,63.76,25.1996,127.089
6/5/2017,1.302,2.1817,2.8366,10.07,52.9974,26.92,31.54,67.68,62.95,24.9082,126.8348
6/6/2017,1.294,2.1451,2.8115,10.45,53.2197,26.92,31.54,63.49,61.11,24.8367,127.4884
6/7/2017,1.3061,2.1729,2.8366,10.39,54.7989,26.92,31.54,64.81,61.76,23.511,127.7149
6/8/2017,1.3143,2.1885,2.851,10.16,53.7306,35.43,29.53,65.04,61.87,23.7153,127.153
6/9/2017,1.3347,2.2005,2.8556,10.7,52.5578,35.43,29.53,63.64,61.29,24.047,126.9459
6/12/2017,1.3551,2.2145,2.8694,11.46,52.3162,35.43,29.53,61.94,60.6,24.5727,126.5523
6/13/2017,1.3633,2.2109,2.8648,10.42,51.6651,35.43,29.53,66.39,62.61,24.9454,125.9063
6/14/2017,1.331,2.1256,2.7692,10.64,52.215,35.43,29.53,64.59,61.89,24.9157,128.4449
6/15/2017,1.3514,2.1637,2.7872,10.9,51.5928,32.27,29.48,60.6,60.27,26.6294,126.6275
6/16/2017,1.3151,2.1514,2.7752,10.38,51.4839,32.27,29.48,60.93,60.4,27.2497,126.8628
6/19/2017,1.356,2.1879,2.7849,10.37,51.6005,32.27,29.48,69.09,64.13,27.9184,126.2058
6/20/2017,1.3439,2.1565,2.7385,10.86,51.5955,32.27,29.48,58.45,59.45,27.5829,126.3516
6/21/2017,1.3481,2.1634,2.7274,10.75,51.6373,32.27,29.48,57.63,59.06,30.8645,126.6598
6/22/2017,1.3401,2.1477,2.7163,10.48,51.1318,32.65,28.91,56.95,58.76,35.0446,128.2339
6/23/2017,1.3404,2.1423,2.7155,10.02,51.1575,32.65,28.91,58.74,59.5,34.3147,127.7739
6/26/2017,1.3323,2.137,2.697,9.9,50.0183,32.65,28.91,59.11,59.66,34.4722,127.3024
6/27/2017,1.3692,2.2051,2.7518,11.06,52.1031,32.65,28.91,47.39,54.23,29.3859,123.4919
6/28/2017,1.3533,2.2279,2.781,10.03,52.5083,32.65,28.91,57.26,58.46,29.5217,122.2133
6/29/2017,1.3692,2.2666,2.8135,11.44,54.6615,29.71,26.86,47.76,53.42,27.7085,120.3409
6/30/2017,1.3817,2.3037,2.8348,11.18,55.2201,29.71,26.86,49.36,54.15,28.7919,118.6329
7/3/2017,1.4101,2.3499,2.8669,11.22,55.2549,29.71,26.86,51.76,55.23,27.9338,119.014
7/4/2017,1.4101,2.3499,2.8669,11.22,55.2549,29.71,26.86,51.76,55.23,28.0728,119.014
7/5/2017,1.4022,2.3232,2.8469,11.07,56.437,29.71,26.86,53.26,55.91,26.1065,120.685
7/6/2017,1.3944,2.3659,2.9016,12.54,56.9551,29.58,29.86,43.77,50.76,27.2394,117.4097
7/7/2017,1.399,2.3856,2.9289,11.19,55.7569,29.58,29.86,50.24,53.75,27.8686,116.4432
7/10/2017,1.383,2.373,2.9265,11.11,53.1771,29.58,29.86,51.12,54.16,27.7605,115.6961
7/11/2017,1.3751,2.3605,2.9234,10.89,53.2247,29.58,29.86,50.31,53.74,26.663,115.9479
7/12/2017,1.3429,2.3177,2.8838,10.3,52.4337,29.58,29.86,57.14,57,26.1955,116.2292
7/13/2017,1.3633,2.3444,2.9172,9.9,52.2106,28.24,29.63,58.72,57.79,27.1894,114.5567
7/14/2017,1.3556,2.3319,2.9195,9.51,51.0294,28.24,29.63,62.45,59.71,27.1982,113.8091
7/17/2017,1.3557,2.3141,2.9039,9.82,50.0021,28.24,29.63,62.38,59.68,26.9417,113.5933
7/18/2017,1.3477,2.259,2.8461,9.89,49.549,28.24,29.63,62.88,59.93,25.4782,116.1038
7/19/2017,1.356,2.2696,2.8514,9.79,48.2572,28.24,29.63,67.1,62.12,20.4125,115.0426
7/20/2017,1.3521,2.2589,2.8254,9.58,46.9986,35.48,25.81,66.87,62.02,17.3756,115.1097
7/21/2017,1.3402,2.2375,2.8087,9.36,47.4498,35.48,25.81,66.27,61.77,15.5413,114.2457
7/24/2017,1.3567,2.2552,2.8345,9.43,46.9963,35.48,25.81,64.47,61.04,14.4706,114.4765
7/25/2017,1.3899,2.3354,2.9171,9.43,49.5734,35.48,25.81,67.11,62.31,16.2558,111.462
7/26/2017,1.3551,2.2872,2.8914,9.6,47.2833,35.48,25.81,67.36,62.43,20.06,112.2823
7/27/2017,1.3631,2.3103,2.9194,10.11,48.4176,34.46,24.32,65.49,61.72,21.8243,110.9665
7/28/2017,1.3472,2.2889,2.8953,10.29,48.5291,34.46,24.32,62.9,60.73,23.3077,112.113
7/31/2017,1.3491,2.2942,2.8999,10.26,48.1375,34.46,24.32,61.48,60.18,23.8204,111.5801
8/1/2017,1.3411,2.2532,2.8567,10.09,49.9721,34.46,24.32,64.39,61.38,24.3112,113.6785
8/2/2017,1.359,2.271,2.8559,10.28,48.7476,34.46,24.32,64.97,61.62,24.5363,112.9022
8/3/2017,1.339,2.2212,2.7972,10.44,47.9293,36.11,32.1,60.32,59.91,23.9188,116.8806
8/4/2017,1.3509,2.262,2.842,10.03,47.2827,36.11,32.1,62.79,60.88,24.2101,115.8036
8/7/2017,1.3509,2.253,2.8336,9.93,46.9123,36.11,32.1,64.85,61.72,26.0687,116.6969
8/8/2017,1.3508,2.2619,2.8428,10.96,47.3352,36.11,32.1,59.63,59.77,26.4926,118.8093
8/9/2017,1.3387,2.2476,2.8222,11.11,49.6655,36.11,32.1,58.86,59.48,26.4686,120.2371
8/10/2017,1.3246,2.1975,2.7729,16.04,52.0038,33.67,32.33,37.94,49.54,27.8668,124.247
8/11/2017,1.294,2.1888,2.7855,15.51,52.0646,33.67,32.33,39.94,50.28,28.3372,125.1188
8/14/2017,1.3182,2.2185,2.8073,12.33,49.2968,33.67,32.33,52.82,55.64,29.4033,123.1515
8/15/2017,1.3465,2.2728,2.8488,12.04,48.6336,33.67,32.33,52.22,55.33,29.5135,120.7175
8/16/2017,1.3261,2.222,2.8073,11.74,48.4663,33.67,32.33,53.84,56.05,31.2949,121.8039
8/17/2017,1.2956,2.1853,2.7739,15.55,48.8418,34.17,32.8,38.52,47.45,32.0339,123.4731
8/18/2017,1.3054,2.1939,2.7762,14.26,50.1582,34.17,32.8,37.19,46.58,31.3657,123.6061
8/21/2017,1.3012,2.1817,2.7631,13.19,52.056,34.17,32.8,38.63,47.21,33.8869,123.8298
8/22/2017,1.3216,2.2131,2.7847,11.35,51.3012,34.17,32.8,49.38,52.2,31.9813,122.6858
8/23/2017,1.3051,2.166,2.7461,12.25,52.082,34.17,32.8,46.32,50.47,32.2388,124.4035
8/24/2017,1.3297,2.1939,2.7692,12.23,52.49,28.1,38.29,44.53,49.45,30.5857,123.6129
8/25/2017,1.3315,2.1659,2.7469,11.28,50.5552,28.1,38.29,46.32,50.29,31.4142,124.413
8/28/2017,1.3253,2.1571,2.7554,11.32,48.8608,28.1,38.29,46.86,50.53,29.8887,124.2874
8/29/2017,1.3155,2.1292,2.7384,11.7,51.4034,28.1,38.29,47.84,50.97,30.937,126.076
8/30/2017,1.3255,2.1309,2.7377,11.22,51.557,28.1,38.29,52.94,53.29,30.6021,125.9053
8/31/2017,1.3255,2.117,2.7262,10.59,51.1311,25,39.89,58.4,55.98,32.6823,125.2996
9/1/2017,1.342,2.1657,2.777,10.13,49.4378,25,39.89,60.13,56.88,31.6347,123.4318
9/4/2017,1.342,2.1657,2.777,10.13,49.4378,25,39.89,60.13,56.88,31.6347,123.4318
9/5/2017,1.29,2.0596,2.6806,12.23,53.3179,25,39.89,51.33,52.65,31.7485,128.0419
9/6/2017,1.3021,2.1046,2.7224,11.63,52.9189,25,39.89,54.29,54.1,26.2544,126.5381
9/7/2017,1.262,2.0387,2.6572,11.55,54.0104,29.28,35.74,54.09,54,27.7862,130.1263
9/8/2017,1.262,2.0507,2.6692,12.12,54.8588,29.28,35.74,52.34,53.17,27.3607,129.932
9/11/2017,1.3186,2.1306,2.743,10.73,51.8823,29.28,35.74,62,58.03,28.2524,126.9435
9/12/2017,1.3348,2.1672,2.7715,10.58,51.6453,29.28,35.74,64.43,59.4,29.2492,125.2753
9/13/2017,1.3471,2.1883,2.7863,10.5,51.3709,29.28,35.74,64.98,59.7,28.5708,125.1731
9/14/2017,1.3615,2.1847,2.7669,10.44,50.7289,41.29,21.97,63.45,59.03,27.793,124.526
9/15/2017,1.3803,2.2023,2.77,10.17,50.6332,41.29,21.97,64.94,59.82,29.7356,122.7733
9/18/2017,1.3947,2.2287,2.7987,10.15,50.1627,41.29,21.97,66.11,60.43,31.2504,121.131
9/19/2017,1.4011,2.2446,2.8167,10.18,49.8605,41.29,21.97,67.02,60.91,29.9432,119.5418
9/20/2017,1.4382,2.2676,2.8081,9.78,49.1538,41.29,21.97,67.55,61.18,29.5137,119.2405
9/21/2017,1.4385,2.2765,2.805,9.67,48.3122,40.14,27.21,62.32,59.11,30.0436,118.3534
9/22/2017,1.431,2.2499,2.7801,9.59,50.5164,40.14,27.21,62.98,59.41,30.9275,120.0124
9/25/2017,1.423,2.2198,2.7615,10.21,51.1119,40.14,27.21,59.18,57.9,32.2317,120.0197
9/26/2017,1.4356,2.2357,2.7739,10.17,50.6363,40.14,27.21,59.26,57.93,28.122,118.4294
9/27/2017,1.4707,2.3103,2.8625,9.87,52.0778,40.14,27.21,63.89,59.94,28.7022,115.9687
9/28/2017,1.4508,2.3085,2.8712,9.55,51.8596,33.33,28.74,65.15,60.52,28.7999,114.1458
9/29/2017,1.4827,2.3336,2.8601,9.51,52.8752,33.33,28.74,68.77,62.25,29.3347,111.6407
10/2/2017,1.4828,2.3408,2.8736,9.45,54.4569,33.33,28.74,72.05,63.96,31.5423,110.9228
10/3/2017,1.471,2.3229,2.8641,9.51,54.5958,33.33,28.74,73.71,64.88,29.7986,110.7102
10/4/2017,1.4711,2.3229,2.8657,9.63,54.4927,33.33,28.74,74.65,65.41,28.5624,110.7086
10/5/2017,1.4873,2.348,2.8904,9.19,55.584,35.6,32.8,78.42,67.7,28.8868,110.1996
10/6/2017,1.504,2.3589,2.8936,9.65,54.9815,35.6,32.8,76.09,66.83,28.8115,110.1131
10/9/2017,1.504,2.3589,2.8936,10.33,54.9815,35.6,32.8,72.21,65.36,29.4225,110.1131
10/10/2017,1.5123,2.3607,2.8952,10.08,53.8854,35.6,32.8,74.04,66.34,28.4346,107.9308
10/11/2017,1.5186,2.3481,2.8824,9.85,52.687,35.6,32.8,75.4,67.09,27.0807,109.1861
10/12/2017,1.5127,2.3177,2.8467,9.91,51.8228,39.77,26.9,71.62,65.67,28.7963,111.2329
10/13/2017,1.4929,2.273,2.805,9.61,50.8509,39.77,26.9,72.39,66.06,28.6038,112.699
10/16/2017,1.5379,2.3034,2.8231,9.91,49.2955,39.77,26.9,73.92,66.83,29.1725,111.6599
10/17/2017,1.5463,2.2998,2.8019,10.31,49.0311,39.77,26.9,74.51,67.13,26.9495,112.0168
10/18/2017,1.5629,2.3465,2.8562,10.07,50.2887,39.77,26.9,75.17,67.46,27.4807,109.35
10/19/2017,1.5304,2.3178,2.8365,10.05,51.4868,37.93,27.93,75.48,67.61,27.7277,111.2221
10/20/2017,1.5763,2.3845,2.8969,9.97,53.9818,37.93,27.93,79.66,69.85,26.1798,107.553
10/23/2017,1.5642,2.3664,2.8833,11.07,54.0973,37.93,27.93,69.67,66.15,27.9779,107.3557
10/24/2017,1.581,2.4189,2.9331,11.16,55.9354,37.93,27.93,71.25,66.89,25.9865,103.1054
10/25/2017,1.595,2.4317,2.9404,11.23,57.3572,37.93,27.93,61.35,62.81,27.6463,104.8304
10/26/2017,1.6149,2.4609,2.9714,11.3,57.3492,39.64,33.03,62.85,63.44,28.2544,102.9141
10/27/2017,1.5875,2.4064,2.9179,9.8,54.6722,39.64,33.03,70.69,67.08,28.7321,106.3556
10/30/2017,1.5737,2.3684,2.8802,10.5,51.6895,39.64,33.03,64.82,64.43,28.4043,106.1553
10/31/2017,1.5997,2.3793,2.8794,10.18,51.1485,39.64,33.03,65.72,64.86,25.0052,106.0669
11/1/2017,1.6119,2.3721,2.8579,10.2,49.9351,39.64,33.03,67.25,65.57,22.5656,107.7877
11/2/2017,1.608,2.345,2.8255,9.93,48.7304,45.05,28.57,67.44,65.66,23.2253,109.4958
11/3/2017,1.6145,2.3325,2.8129,9.14,45.83,45.05,28.57,70.4,67.05,22.2719,110.7526
11/6/2017,1.6207,2.3163,2.7941,9.4,45.0469,45.05,28.57,71.55,67.61,22.0199,111.3733
11/7/2017,1.6289,2.3145,2.777,9.89,44.1986,45.05,28.57,71.11,67.44,20.3847,112.5519
11/8/2017,1.6452,2.3343,2.7918,9.78,43.9656,45.05,28.57,72.51,68.09,18.6891,112.5659
11/9/2017,1.6333,2.3416,2.8161,10.5,44.9901,45.1,23.08,63.83,64.57,19.0012,113.8394
11/10/2017,1.6541,2.3984,2.8797,11.29,47.2888,45.1,23.08,61.93,63.76,19.2685,114.16
11/13/2017,1.6808,2.4055,2.871,11.5,46.3853,45.1,23.08,63.22,64.27,20.8442,114.4478
11/14/2017,1.6872,2.3717,2.83,11.59,47.7729,45.1,23.08,58.22,62.15,17.8177,117.8262
11/15/2017,1.6834,2.3222,2.7646,13.13,47.9978,45.1,23.08,48.4,57.47,18.368,121.7828
11/16/2017,1.7082,2.3753,2.8268,11.76,47.7421,29.35,35.22,59.31,61.85,18.219,117.4658
11/17/2017,1.7213,2.3435,2.7778,11.43,49.0879,29.35,35.22,55.24,59.79,18.2219,119.6528
11/20/2017,1.7505,2.3666,2.7801,10.65,48.097,29.35,35.22,56.79,60.45,18.7532,118.3438
11/21/2017,1.7715,2.3559,2.7577,9.73,48.0895,29.35,35.22,63.71,63.62,18.2577,118.407
11/22/2017,1.7267,2.3187,2.7392,9.88,46.8754,29.35,35.22,62.47,63.02,17.8243,118.1256
11/23/2017,1.7267,2.3187,2.7392,9.88,46.8754,35.49,29.01,62.47,63.02,17.7973,118.1256
11/24/2017,1.7443,2.3418,2.7638,9.67,46.1607,35.49,29.01,64.51,63.99,20.6629,118.8168
11/27/2017,1.7404,2.3277,2.7677,9.87,45.2922,35.49,29.01,63.81,63.66,23.4141,119.2342
11/28/2017,1.746,2.3277,2.7577,10.03,44.9321,35.49,29.01,72.16,67.95,20.2295,119.2326
11/29/2017,1.762,2.3882,2.8245,10.7,45.5355,35.49,29.01,71.49,67.64,19.6497,116.182
11/30/2017,1.782,2.4097,2.8269,11.28,46.8271,35.95,31.62,76.68,70.73,23.135,117.0347
12/1/2017,1.772,2.3615,2.7615,11.43,50.1704,35.95,31.62,73.11,69.03,23.6179,118.8455
12/4/2017,1.8063,2.3723,2.7638,11.68,48.7613,35.95,31.62,71.25,68.15,23.9883,118.7733
12/5/2017,1.8184,2.3509,2.7315,11.33,49.2373,35.95,31.62,64.96,65.11,22.604,118.9095
12/6/2017,1.8064,2.3385,2.73,11.02,49.3218,35.95,31.62,64.77,65.02,24.1048,118.1532
12/7/2017,1.8024,2.3634,2.7607,10.16,49.2358,36.88,34.22,67.37,66.27,25.9625,119.6574
12/8/2017,1.7945,2.376,2.7685,9.58,47.4922,36.88,34.22,71.63,68.48,27.7579,117.3996
12/11/2017,1.8189,2.3886,2.7762,9.34,46.5721,36.88,34.22,73.78,69.68,27.7013,117.1447
12/12/2017,1.8271,2.4011,2.7762,9.92,46.7466,36.88,34.22,74.78,70.25,24.852,115.8876
12/13/2017,1.7743,2.3422,2.7269,10.18,45.0348,36.88,34.22,73.85,69.83,29.1602,116.7834
12/14/2017,1.811,2.3493,2.7063,10.49,44.8357,45,28.13,66.24,66.35,29.8476,116.068
12/15/2017,1.8358,2.353,2.6873,9.42,46.4338,45,28.13,72.86,69.77,30.1303,116.7043
12/18/2017,1.8277,2.3942,2.7407,9.53,46.7275,45,28.13,75.92,71.58,28.8014,114.5845
12/19/2017,1.8525,2.4644,2.8198,10.03,48.9577,45,28.13,70.71,69,27.6199,113.5591
12/20/2017,1.8567,2.497,2.8767,9.72,49.9539,45,28.13,69.4,68.35,28.4493,112.2957
12/21/2017,1.8775,2.4826,2.8419,9.62,51.6035,50.5,25.62,70.8,69.07,33.4427,112.7396
12/22/2017,1.8906,2.481,2.8309,9.9,50.3803,50.5,25.62,70,68.7,36.3608,112.8987
12/25/2017,1.8906,2.481,2.8309,9.9,50.3803,50.5,25.62,70,68.7,36.3608,112.8987
12/26/2017,1.8991,2.4756,2.8246,10.25,48.8209,50.5,25.62,68.1,67.82,35.6005,112.4369
12/27/2017,1.893,2.4107,2.7461,10.47,47.73,50.5,25.62,68.78,68.13,26.1246,113.935
12/28/2017,1.9071,2.4305,2.7561,10.18,46.1938,52.65,20.63,70.37,68.86,31.8713,112.9479
12/29/2017,1.883,2.4054,2.7399,11.04,46.5962,52.65,20.63,60.95,64.52,31.855,113.4567
1/1/2018,1.883,2.4054,2.7399,11.04,46.5962,52.65,20.63,60.95,64.52,31.855,113.4567
1/2/2018,1.9191,2.4633,2.8136,9.77,49.172,52.65,20.63,68.24,67.86,30.8497,113.6687
1/3/2018,1.9313,2.4471,2.7855,9.15,47.6043,52.65,20.63,72.54,70.12,30.4627,113.2941
1/4/2018,1.9515,2.4525,2.7863,9.22,47.382,59.75,15.56,74.86,71.44,30.7456,113.746
1/5/2018,1.9599,2.4763,2.8105,9.22,46.0677,59.75,15.56,78.31,73.56,31.0288,112.3715
1/8/2018,1.9579,2.48,2.8113,9.52,45.8988,59.75,15.56,79.05,74.03,30.1674,112.0025
1/9/2018,1.9682,2.553,2.8952,10.08,47.2861,59.75,15.56,79.64,74.4,28.0029,107.6951
1/10/2018,1.9724,2.5568,2.8984,9.82,49.1669,59.75,15.56,77.64,73.47,28.9729,106.3211
1/11/2018,1.9786,2.5367,2.8673,9.88,48.1908,48.67,25.07,80.9,75.48,29.3207,106.3285
1/12/2018,1.9976,2.5462,2.8491,10.16,47.6086,48.67,25.07,83.42,77.2,28.4553,106.384
1/15/2018,1.9976,2.5462,2.8491,10.16,47.6086,48.67,25.07,83.42,77.2,29.4363,106.384
1/16/2018,2.0142,2.5371,2.8254,11.66,45.9144,48.67,25.07,77.63,74.36,31.503,106.2933
1/17/2018,2.0431,2.5904,2.857,11.91,45.8824,48.67,25.07,81.34,76.72,29.9377,103.9574
1/18/2018,2.0434,2.6256,2.9033,12.22,48.549,54.11,21.39,78.9,75.47,31.7717,103.4416
1/19/2018,2.0647,2.6592,2.9331,11.27,51.9902,54.11,21.39,80.6,76.54,31.7655,102.0772
1/22/2018,2.0608,2.65,2.913,11.03,52.5957,54.11,21.39,83.28,78.34,32.4748,104.9951
1/23/2018,2.0403,2.6131,2.8945,11.1,52.5489,54.11,21.39,83.93,78.8,31.0447,105.6902
1/24/2018,2.0762,2.6465,2.9283,11.47,54.1055,54.11,21.39,83.03,78.35,32.2869,104.3464
1/25/2018,2.0842,2.617,2.8809,11.58,53.3762,45.45,24.03,83.24,78.49,34.3538,103.302
1/26/2018,2.1163,2.6599,2.9114,11.08,55.6349,45.45,24.03,86.69,80.9,35.5396,102.0057
1/29/2018,2.1163,2.6936,2.9421,13.84,55.9778,45.45,24.03,76.89,75.84,36.8455,99.6413
1/30/2018,2.1243,2.7199,2.9706,14.79,57.2766,45.45,24.03,64.3,68.7,33.0987,99.013
1/31/2018,2.1406,2.705,2.9348,13.54,57.1957,45.45,24.03,64.58,68.84,32.2649,100.4979
2/1/2018,2.1609,2.7896,3.0241,13.47,57.8349,44.77,28.76,63.87,68.43,30.8939,96.0369
2/2/2018,2.1413,2.8411,3.0868,17.31,60.3309,44.77,28.76,46.08,57.1,31.6264,95.8888
2/5/2018,2.0241,2.7056,3.006,37.32,60.4092,44.77,28.76,29.4,43.12,31.3096,105.4407
2/6/2018,2.1051,2.8016,3.0659,29.98,66.0719,44.77,28.76,39.09,48.45,27.4231,96.8356
2/7/2018,2.1235,2.8359,3.1139,27.73,62.001,44.77,28.76,37.48,47.12,25.7943,98.4133
2/8/2018,2.1034,2.824,3.1293,33.46,67.848,37.03,35.01,28.12,38.86,27.1173,101.6018
2/9/2018,2.0732,2.8512,3.1596,29.06,71.7787,37.03,35.01,34.83,42.83,26.5546,100.8816
2/12/2018,2.0753,2.8585,3.1439,25.61,69.8563,37.03,35.01,40.49,46.24,26.3672,102.155
2/13/2018,2.104,2.8294,3.1111,24.97,68.9688,37.03,35.01,41.53,46.87,25.5862,108.0584
2/14/2018,2.1636,2.9022,3.162,19.26,69.5242,37.03,35.01,46.69,49.96,27.74,106.7841
2/15/2018,2.1844,2.9095,3.1637,19.13,66.6769,48.52,21.41,50.94,52.57,28.464,103.0506
2/16/2018,2.1895,2.8749,3.1316,19.46,63.0303,48.52,21.41,51.08,52.65,29.4803,105.5062
2/19/2018,2.1895,2.8749,3.1316,19.46,63.0303,48.52,21.41,51.08,52.65,30.1993,105.5062
2/20/2018,2.2187,2.8896,3.153,20.6,60.2601,48.52,21.41,48.86,51.25,30.8765,106.0445
2/21/2018,2.2661,2.95,3.2204,20.02,61.1605,48.52,21.41,46.82,49.97,28.0719,103.9984
2/22/2018,2.246,2.9207,3.2062,18.72,61.1423,44.65,22.79,47.24,50.19,30.9782,104.9295
2/23/2018,2.238,2.866,3.1555,16.49,64.6014,44.65,22.79,53.7,53.78,31.7513,108.4036
2/26/2018,2.2219,2.8623,3.153,15.8,63.7167,44.65,22.79,57.85,56.2,34.5527,107.7661
2/27/2018,2.26,2.8934,3.1588,18.59,63.9312,44.65,22.79,52.33,53.05,34.6698,108.6591
2/28/2018,2.25,2.8606,3.1242,19.85,62.9735,44.65,22.79,48.07,50.52,36.538,110.9441
3/1/2018,2.2117,2.8078,3.0834,22.47,63.6636,41.63,20,43.55,47.73,41.3717,114.218
3/2/2018,2.2418,2.8643,3.1398,19.59,65.3027,41.63,20,45.62,48.83,38.6453,114.5704
3/5/2018,2.2378,2.8808,3.1531,18.73,64.7081,41.63,20,49.94,51.15,37.8355,113.9229
3/6/2018,2.2499,2.8863,3.1531,18.36,63.5009,41.63,20,50.96,51.7,38.5173,112.3712
3/7/2018,2.2519,2.8827,3.1498,17.76,63.3467,41.63,20,50.76,51.59,38.2438,114.7346
3/8/2018,2.2498,2.8571,3.1218,16.54,61.5841,26.4,28.38,52.64,52.56,41.711,116.2921
3/9/2018,2.258,2.8938,3.158,14.64,58.9669,26.4,28.38,59.2,56.09,42.9575,114.6236
3/12/2018,2.262,2.8681,3.1292,15.78,58.2927,26.4,28.38,58.55,55.77,43.2452,117.1861
3/13/2018,2.2539,2.8426,3.0981,16.35,55.0737,26.4,28.38,55.28,54.17,42.1492,119.7434
3/14/2018,2.258,2.817,3.0568,17.23,57.8488,26.4,28.38,52.46,52.77,39.6053,121.2954
3/15/2018,2.2846,2.828,3.0584,16.59,57.705,36.84,21.33,52.07,52.58,41.5853,122.2002
3/16/2018,2.2909,2.8445,3.077,15.8,59.0088,36.84,21.33,52.89,52.97,43.269,121.5514
3/19/2018,2.3075,2.8555,3.0859,19.02,59.9821,36.84,21.33,45.85,49.51,46.6294,120.4515
3/20/2018,2.3448,2.8959,3.1301,18.2,57.8936,36.84,21.33,46.64,49.86,46.0748,120.4122
3/21/2018,2.3055,2.883,3.1186,17.86,55.7212,36.84,21.33,45.74,49.42,52.9803,123.6957
3/22/2018,2.2786,2.8244,3.0624,23.34,55.9292,33.23,28.49,35.72,43.96,57.5052,126.5552
3/23/2018,2.2538,2.8135,3.0608,24.87,56.1683,33.23,28.49,29.98,40.23,57.6162,128.6471
3/26/2018,2.2704,2.852,3.0859,21.03,54.5493,33.23,28.49,42.59,46.22,55.6654,125.8029
3/27/2018,2.2641,2.7753,3.0286,22.5,56.2705,33.23,28.49,37.8,43.29,55.0412,129.4741
3/28/2018,2.2842,2.7807,3.0214,22.87,58.3472,33.23,28.49,37.05,42.82,58.9733,127.9275
3/29/2018,2.2661,2.7389,2.9737,19.97,58.5414,31.94,35.33,42.77,45.67,61.1694,129.1108
3/30/2018,2.2661,2.7389,2.9737,19.97,58.5414,31.94,35.33,42.77,45.67,61.1694,129.1108
4/2/2018,2.2459,2.7298,2.9619,23.62,58.6648,31.94,35.33,36.84,42.1,59.6442,130.0191
4/3/2018,2.2782,2.7753,3.011,21.1,56.0226,31.94,35.33,41.65,44.58,58.2037,129.472
4/4/2018,2.2924,2.8027,3.0359,20.06,55.3496,31.94,35.33,45.78,46.76,62.935,126.7325
4/5/2018,2.3026,2.832,3.073,18.94,53.722,31.9,36.64,48.15,48.03,62.5225,124.8009
4/6/2018,2.2661,2.7735,3.0182,21.49,56.0682,31.9,36.64,41.82,44.5,62.9739,125.6528
4/9/2018,2.2783,2.779,3.0118,21.77,52.5082,31.9,36.64,43.02,45.12,62.9659,125.1046
4/10/2018,2.3069,2.8009,3.0214,20.47,51.4331,31.9,36.64,48.75,48.14,61.8125,123.9095
4/11/2018,2.307,2.7808,2.9951,20.24,50.4997,31.9,36.64,47.04,47.24,62.0806,124.9209
4/12/2018,2.348,2.8358,3.0431,18.49,51.4875,26.09,42.75,49.85,48.72,60.394,122.4211
4/13/2018,2.3566,2.8267,3.027,17.41,51.1426,26.09,42.75,48.87,48.23,60.4198,123.3348
4/16/2018,2.3773,2.8267,3.0246,16.56,49.741,26.09,42.75,51.75,49.7,61.4229,123.3331
4/17/2018,2.394,2.8285,3.0198,15.25,48.3408,26.09,42.75,55.34,51.6,57.5671,122.1475
4/18/2018,2.4293,2.8728,3.0601,15.6,50.0027,26.09,42.75,55.62,51.75,55.0897,122.7218
4/19/2018,2.4275,2.9098,3.0983,15.96,51.0989,37.78,29.22,53.14,50.64,55.1328,124.0167
4/20/2018,2.4573,2.9602,3.1451,16.88,52.7054,37.78,29.22,49.62,49.03,55.9494,121.9825
4/23/2018,2.4764,2.9752,3.1443,16.34,52.79,37.78,29.22,49.64,49.05,54.1998,122.4841
4/24/2018,2.4746,2.9995,3.1825,18.02,52.9989,37.78,29.22,44.34,46.59,51.2886,121.0468
4/25/2018,2.4878,3.0259,3.2068,17.84,55.2013,37.78,29.22,45.19,46.96,52.2036,122.4146
4/26/2018,2.4817,2.9809,3.1642,16.24,53.1378,36.91,25.55,49.9,49.05,55.1106,124.907
4/27/2018,2.4838,2.9568,3.1245,15.41,51.2666,36.91,25.55,50.4,49.27,55.5757,124.3209
4/30/2018,2.4879,2.9531,3.1237,15.93,50.3548,36.91,25.55,46.74,47.69,56.3293,124.6895
5/1/2018,2.5042,2.9644,3.1287,15.49,51.7834,36.91,25.55,47.99,48.22,52.2875,128.5634
5/2/2018,2.4882,2.9663,3.146,15.97,49.0506,36.91,25.55,44.77,46.82,53.983,127.3711
5/3/2018,2.4762,2.9458,3.1213,15.9,49.4334,28.4,30.25,43.79,46.39,54.0111,128.4219
5/4/2018,2.4969,2.9497,3.1221,14.77,48.4818,28.4,30.25,50.43,49.14,54.3757,130.0339
5/7/2018,2.497,2.9497,3.1229,14.75,48.0187,28.4,30.25,52.1,49.87,54.3848,130.0291
5/8/2018,2.5094,2.976,3.1295,14.71,48.8187,28.4,30.25,51.96,49.82,49.86,129.4026
5/9/2018,2.53,3.0042,3.1618,13.42,49.3744,28.4,30.25,56.69,51.89,47.636,128.58
5/10/2018,2.5302,2.9622,3.1082,13.23,47.8065,33.51,25.53,60.76,53.81,47.059,130.7794
5/11/2018,2.5349,2.9695,3.1041,12.65,47.0574,33.51,25.53,61.48,54.16,44.3036,129.0493
5/14/2018,2.5475,3.0024,3.1347,12.93,48.3398,33.51,25.53,61.86,54.35,43.575,125.7572
5/15/2018,2.5745,3.0723,3.2007,14.63,52.6574,33.51,25.53,57.06,52.64,42.0672,126.768
5/16/2018,2.5851,3.0964,3.2172,13.42,55.1322,33.51,25.53,59.08,53.53,42.8329,126.3622
5/17/2018,2.5647,3.1112,3.2462,13.43,54.1936,36.68,20.58,58.45,53.31,43.149,125.8764
5/18/2018,2.5467,3.0559,3.1974,13.42,53.2606,36.68,20.58,56.47,52.63,44.782,127.4093
5/21/2018,2.5656,3.0596,3.2015,13.08,53.0812,36.68,20.58,60.5,54.33,43.0635,127.0367
5/22/2018,2.568,3.0597,3.2048,13.22,52.5716,36.68,20.58,58.03,53.48,40.9568,127.033
5/23/2018,2.5282,2.9935,3.1517,12.58,53.2687,36.68,20.58,59.85,54.24,42.5023,128.6535
5/24/2018,2.5081,2.977,3.125,12.53,52.1608,38.56,25.16,58.15,53.67,42.7295,128.301
5/25/2018,2.4758,2.9313,3.092,13.22,54.095,38.56,25.16,56.15,53,42.8994,129.8666
5/28/2018,2.4758,2.9313,3.092,13.22,54.095,38.56,25.16,56.15,53,42.8994,129.8666
5/29/2018,2.3191,2.781,2.9745,17.02,62.9975,38.56,25.16,47.53,49.86,43.3494,132.9049
5/30/2018,2.4115,2.855,3.0269,14.94,61.8624,38.56,25.16,55.51,52.99,38.7656,133.5048
5/31/2018,2.4274,2.8586,3.0253,15.43,60.5438,35.02,26.35,50.93,51.17,42.6607,132.1432
6/1/2018,2.4716,2.9022,3.0506,13.46,56.9385,35.02,26.35,56.92,53.74,41.3231,134.7817
6/4/2018,2.5161,2.9424,3.0848,12.74,54.2952,35.02,26.35,59.17,54.77,41.1887,133.7636
6/5/2018,2.4918,2.9277,3.084,12.4,54.4626,35.02,26.35,59.52,54.93,38.5961,134.2258
6/6/2018,2.5161,2.9717,3.1217,11.64,56.4419,35.02,26.35,63.7,56.89,38.7754,134.8279
6/7/2018,2.4876,2.9204,3.068,12.13,56.5817,38.93,26.72,63.11,56.68,40.69,136.9555
6/8/2018,2.4977,2.9461,3.0896,12.18,59.5738,38.93,26.72,64.65,57.4,41.9172,135.3905
6/11/2018,2.5202,2.9516,3.0936,12.35,57.8304,38.93,26.72,65.19,57.66,43.5822,136.839
6/12/2018,2.5387,2.9608,3.0935,12.34,55.9633,38.93,26.72,66.09,58.07,42.0317,134.9197
6/13/2018,2.5675,2.9663,3.0863,12.94,53.7911,38.93,26.72,62.07,56.73,42.0299,137.3669
6/14/2018,2.5635,2.9351,3.0545,12.12,52.4959,44.78,21.7,63.53,57.35,41.1902,137.4859
6/15/2018,2.5471,2.9205,3.0465,11.98,53.0803,44.78,21.7,62.46,57,40.8572,137.9493
6/18/2018,2.5492,2.9169,3.0489,12.31,52.327,44.78,21.7,60.18,56.26,40.4864,139.3149
6/19/2018,2.5452,2.8967,3.0323,13.35,52.4,44.78,21.7,56.03,54.86,40.7259,141.3273
6/20/2018,2.5659,2.9389,3.0775,12.79,51.9226,44.78,21.7,57.37,55.35,40.899,140.1127
6/21/2018,2.5369,2.8967,3.0441,14.64,53.0869,38.72,26.18,51.12,53.15,40.7154,145.3271
6/22/2018,2.5412,2.8949,3.0394,13.77,53.0257,38.72,26.18,52.74,53.71,43.1742,146.5097
6/25/2018,2.5329,2.8803,3.0244,17.33,53.0406,38.72,26.18,41.76,49.25,45.2979,146.9729
6/26/2018,2.5329,2.8766,3.0251,15.92,51.2968,38.72,26.18,43.76,49.93,42.0317,147.3387
6/27/2018,2.504,2.8256,2.9673,17.91,53.0487,38.72,26.18,38.24,47.36,41.6609,148.4448
6/28/2018,2.5101,2.8365,2.9657,16.85,52.131,28.45,40.8,43.69,49.28,42.4826,149.3541
6/29/2018,2.5282,2.8601,2.989,16.09,51.1681,28.45,40.8,44.34,49.52,42.3497,146.9857
7/2/2018,2.5485,2.8711,2.9929,15.6,50.2512,28.45,40.8,47.02,50.48,41.7559,147.8894
7/3/2018,2.5242,2.8309,2.9586,16.14,51.2172,28.45,40.8,43.38,48.92,37.597,148.9085
7/4/2018,2.5242,2.8309,2.9586,16.14,51.2172,28.45,40.8,43.38,48.92,37.603,148.9085
7/5/2018,2.5507,2.8291,2.9447,14.97,51.4624,27.86,39.28,50.53,51.61,39.537,148.0921
7/6/2018,2.5365,2.8217,2.9293,13.37,50.1345,27.86,39.28,56.41,54.08,39.1049,147.8257
7/9/2018,2.559,2.8564,2.964,12.69,49.6901,27.86,39.28,61.57,56.5,38.261,144.3568
7/10/2018,2.5693,2.8491,2.9555,12.64,49.8114,27.86,39.28,63.42,57.42,36.8375,145.0892
7/11/2018,2.5776,2.8491,2.9524,13.63,50.4776,27.86,39.28,57.32,54.96,38.3398,143.0901
7/12/2018,2.5859,2.8454,2.9462,12.58,48.5729,43.05,29.15,62.13,57.28,37.8016,145.4568
7/13/2018,2.578,2.8271,2.9315,12.18,48.2815,43.05,29.15,62.69,57.56,37.0024,142.2883
7/16/2018,2.5966,2.8582,2.9616,12.83,47.7875,43.05,29.15,61.75,57.19,35.6527,141.1782
7/17/2018,2.6154,2.86,2.9694,12.06,46.6417,43.05,29.15,64,58.27,33.4472,142.9954
7/18/2018,2.6093,2.8692,2.9857,12.1,45.2649,43.05,29.15,65.2,58.85,35.0383,142.0785
7/19/2018,2.5907,2.838,2.9585,12.87,47.1125,34.66,24.94,61.16,57.33,36.2851,143.1958
7/20/2018,2.5931,2.8931,3.0258,12.86,49.0476,34.66,24.94,60.2,56.96,37.3026,139.688
7/23/2018,2.6287,2.9541,3.091,12.62,51.5057,34.66,24.94,61.46,57.51,37.9673,138.5899
7/24/2018,2.6331,2.9486,3.0758,12.41,50.3082,34.66,24.94,64.61,58.9,35.0455,136.1442
7/25/2018,2.6694,2.9746,3.1031,12.29,48.2909,34.66,24.94,69.7,61.41,34.4883,131.5448
7/26/2018,2.6815,2.9764,3.0998,12.14,49.2705,31.52,26.9,66.25,60.13,35.7231,133.3567
7/27/2018,2.6694,2.9542,3.0822,13.03,48.8313,31.52,26.9,59.41,57.47,36.1053,133.5794
7/30/2018,2.6613,2.9728,3.1047,14.26,49.4151,31.52,26.9,54.17,55.26,36.1911,132.7195
7/31/2018,2.6694,2.9598,3.0822,12.83,46.5038,31.52,26.9,57.57,56.71,32.829,132.0186
8/1/2018,2.6776,3.0064,3.1321,13.15,48.3833,31.52,26.9,56.6,56.31,33.0651,130.3604
8/2/2018,2.6634,2.9859,3.1184,12.19,47.9971,29.11,32.08,60.03,57.78,33.8373,131.4091
8/3/2018,2.6432,2.9488,3.0886,11.64,47.666,29.11,32.08,63.01,59.13,34.1202,131.1243
8/6/2018,2.6452,2.9395,3.0894,11.27,46.8562,29.11,32.08,65.15,60.14,33.6444,130.0514
8/7/2018,2.6697,2.973,3.1176,10.93,47.1489,29.11,32.08,66.81,60.94,29.8123,129.7013
8/8/2018,2.6677,2.96,3.1103,10.85,46.8358,29.11,32.08,66.49,60.82,29.2176,132.0028
8/9/2018,2.6452,2.9258,3.0717,11.27,47.3541,36.36,31.03,64.68,60.16,29.4912,134.4221
8/10/2018,2.6042,2.8732,3.0303,13.16,50.6302,36.36,31.03,56.48,57.01,27.6505,135.6809
8/13/2018,2.6124,2.8786,3.0471,14.78,50.7723,36.36,31.03,52.48,55.34,27.6237,137.1381
8/14/2018,2.637,2.8985,3.0672,13.31,49.8427,36.36,31.03,57.62,57.39,24.8824,135.1456
8/15/2018,2.6082,2.8623,3.0319,14.64,51.5202,36.36,31.03,50.57,54.29,25.8304,135.7664
8/16/2018,2.6164,2.8659,3.0255,13.45,50.6087,36.17,29.08,56.5,56.79,27.6602,136.4058
8/17/2018,2.6059,2.8605,3.0199,12.64,50.6949,36.17,29.08,58.75,57.8,27.9373,136.951
8/20/2018,2.5851,2.819,2.9849,12.49,50.9746,36.17,29.08,60.37,58.53,27.7236,137.1039
8/21/2018,2.5954,2.8298,2.9928,12.86,50.3166,36.17,29.08,61.75,59.16,24.8889,138.0241
8/22/2018,2.5912,2.8189,2.9841,12.25,49.6368,36.17,29.08,61.31,58.98,24.0261,138.1077
8/23/2018,2.6162,2.8261,2.9802,12.41,49.1983,38.46,27.07,59.35,58.21,23.7448,137.3882
8/24/2018,2.6202,2.8098,2.9589,11.99,49.1577,38.46,27.07,63.88,60.18,23.087,140.0169
8/27/2018,2.6412,2.8459,2.9936,12.16,49.3802,38.46,27.07,68.58,62.45,22.0749,137.4068
8/28/2018,2.6654,2.8804,3.0303,12.5,49.9473,38.46,27.07,68.73,62.53,20.4839,136.9637
8/29/2018,2.6755,2.884,3.0207,12.25,49.1,38.46,27.07,71.89,64.17,19.5156,137.6009
8/30/2018,2.6492,2.855,3.0031,13.53,50.4093,43.5,24.39,66.26,61.98,22.4388,138.5048
8/31/2018,2.6269,2.8604,3.0191,12.86,50.7097,43.5,24.39,66.34,62.02,22.6929,137.9644
9/3/2018,2.6269,2.8604,3.0191,12.86,50.7097,43.5,24.39,66.34,62.02,22.1809,138.9644
9/4/2018,2.6533,2.8985,3.0616,13.16,49.5692,43.5,24.39,64.18,61.19,21.3692,140.1461
9/5/2018,2.6493,2.9022,3.0753,13.91,48.3958,43.5,24.39,60.58,59.79,18.6528,139.7815
9/6/2018,2.633,2.8731,3.0527,14.65,48.6547,42.22,26.3,56.17,58,20.2025,138.6949
9/7/2018,2.7025,2.9388,3.1014,14.88,49.4302,42.22,26.3,53.64,56.94,20.1465,138.1245
9/10/2018,2.7108,2.9314,3.081,14.16,47.6915,42.22,26.3,55.49,57.63,20.971,137.856
9/11/2018,2.7438,2.9755,3.1185,13.22,47.9734,42.22,26.3,58.97,58.97,19.6157,136.4512
9/12/2018,2.7481,2.9626,3.1038,13.14,46.789,42.22,26.3,59.3,59.09,19.6094,135.736
9/13/2018,2.7565,2.97,3.1071,12.37,46.0558,32.09,32.84,63.91,60.96,20.1411,133.9992
9/14/2018,2.7777,2.9959,3.1309,12.07,47.45,32.09,32.84,64.14,61.05,19.4542,133.4144
9/17/2018,2.7779,2.9867,3.1284,13.68,46.8087,32.09,32.84,56.34,58.06,19.1167,134.3341
9/18/2018,2.7988,3.0551,3.2014,12.79,47.9674,32.09,32.84,61.21,60,17.6347,131.4864
9/19/2018,2.7907,3.0626,3.2098,11.75,48.7934,32.09,32.84,62.28,60.45,19.2355,132.7396
9/20/2018,2.8034,3.0626,3.1956,11.8,49.3444,32.04,32.04,68.16,63.11,20.5483,130.7356
9/21/2018,2.7999,3.0628,3.1998,11.68,48.8315,32.04,32.04,67.62,62.9,20.9555,129.7234
9/24/2018,2.8169,3.0889,3.2258,12.2,48.3059,32.04,32.04,62.55,60.93,20.8123,128.1116
9/25/2018,2.8391,3.0964,3.2258,12.42,49.3793,32.04,32.04,60.74,60.2,17.6281,129.3605
9/26/2018,2.8148,3.048,3.1814,12.89,47.4395,32.04,32.04,56.31,58.4,19.4357,131.1991
9/27/2018,2.8269,3.0518,3.1831,12.41,45.7079,36.22,31.1,59,59.45,21.2045,129.8235
9/28/2018,2.8188,3.0612,3.2057,12.12,46.1634,36.22,31.1,58.99,59.45,20.2011,128.881
10/1/2018,2.8189,3.0836,3.2343,12,44.2847,36.22,31.1,62.53,60.85,20.4454,127.6388
10/2/2018,2.8108,3.0631,3.2175,12.05,45.3545,36.22,31.1,61.9,60.61,20.0218,127.6865
10/3/2018,2.872,3.1813,3.3353,11.61,50.2064,36.22,31.1,62.63,60.89,19.085,123.8696
10/4/2018,2.868,3.187,3.3475,14.22,55.0667,45.66,25.11,50.67,56.11,19.749,127.2966
10/5/2018,2.885,3.2328,3.4036,14.82,55.1865,45.66,25.11,44.53,53.21,19.9017,124.7241
10/8/2018,2.885,3.2328,3.4036,15.69,55.1865,45.66,25.11,44.12,53.01,20.5207,124.7241
10/9/2018,2.8851,3.2063,3.3685,15.95,53.4469,45.66,25.11,42.61,52.28,18.5921,126.3696
10/10/2018,2.8421,3.1629,3.3476,22.96,55.7,45.66,25.11,22.97,39.25,16.6781,133.7079
10/11/2018,2.8484,3.1498,3.3233,24.98,56.0697,30.61,35.45,17.66,33.95,17.8041,129.0206
10/12/2018,2.8528,3.1613,3.3347,21.31,54.3741,30.61,35.45,29.52,39.65,17.3465,128.8701
10/15/2018,2.855,3.1557,3.3364,21.3,51.2463,30.61,35.45,27.71,38.21,17.5728,132.4296
10/16/2018,2.8655,3.1633,3.3338,17.62,50.1799,30.61,35.45,41.67,45.6,14.7552,131.6681
10/17/2018,2.8885,3.205,3.3722,17.4,48.9863,30.61,35.45,41.56,45.53,14.5076,129.4979
10/18/2018,2.8741,3.1786,3.3634,20.06,52.635,33.94,35.02,36.06,41.87,16.4591,132.1423
10/19/2018,2.9038,3.1921,3.3758,19.89,52.0433,33.94,35.02,35.93,41.79,17.3217,134.795
10/22/2018,2.9082,3.1978,3.3881,19.64,51.8496,33.94,35.02,34.38,40.76,18.6116,134.2186
10/23/2018,2.879,3.1676,3.3679,20.71,55.0139,33.94,35.02,32.46,39.48,16.7229,137.2428
10/24/2018,2.8305,3.1035,3.3305,25.23,57.693,33.94,35.02,24.3,33.41,18.0369,140.6506
10/25/2018,2.8467,3.1167,3.3427,24.22,56.6997,27.97,41,34.64,39.07,18.4331,142.3275
10/26/2018,2.8062,3.0755,3.3098,24.16,62.7013,27.97,41,30.4,36.07,20.1031,142.4492
10/29/2018,2.8164,3.0849,3.3306,24.7,59.7688,27.97,41,28.98,35.03,22.2803,142.5052
10/30/2018,2.8507,3.1227,3.3637,23.35,61.7929,27.97,41,36.56,39.31,21.8349,141.7332
10/31/2018,2.8669,3.1435,3.3909,21.23,60.1285,27.97,41,41.3,42.09,23.3433,143.6492
11/1/2018,2.8445,3.1303,3.376,19.34,58.5415,37.93,34.48,45.61,44.67,26.6836,145.9661
11/2/2018,2.9034,3.2121,3.454,19.51,61.416,37.93,34.48,43.53,43.46,27.8156,141.7863
11/5/2018,2.9075,3.2008,3.4282,19.96,59.897,37.93,34.48,45.87,44.82,27.7736,140.9213
11/6/2018,2.9279,3.2276,3.4433,19.91,59.0075,37.93,34.48,48.46,46.32,25.3212,138.2439
11/7/2018,2.9567,3.2355,3.4416,16.36,53.1086,37.93,34.48,56.16,51.03,24.7855,136.4518
11/8/2018,2.965,3.2373,3.4337,16.72,51.5845,41.28,31.19,55.09,50.48,26.6635,138.2666
11/9/2018,2.9241,3.1819,3.3842,17.36,53.5442,41.28,31.19,51.24,48.49,27.3302,141.8067
11/12/2018,2.9241,3.1819,3.3842,20.45,53.5442,41.28,31.19,44.19,44.63,26.9302,141.8067
11/13/2018,2.8911,3.1397,3.3592,20.02,52.234,41.28,31.19,43.71,44.36,27.9139,147.0338
11/14/2018,2.8663,3.125,3.3667,21.25,53.8998,41.28,31.19,41.26,42.99,25.7773,149.5
11/15/2018,2.8539,3.1103,3.3592,19.98,56.2239,35.09,35.96,45.81,45.41,28.4312,156.9652
11/16/2018,2.7998,3.0628,3.3163,18.14,60.4328,35.09,35.96,46.75,45.92,30.2085,157.7167
11/19/2018,2.7893,3.0628,3.3212,20.1,59.4651,35.09,35.96,41,42.85,29.8419,158.7189
11/20/2018,2.8037,3.0628,3.3147,22.48,59.4874,35.09,35.96,35.9,39.89,27.4052,162.721
11/21/2018,2.8139,3.0627,3.3163,20.8,57.6452,35.09,35.96,37.28,40.59,28.022,161.7254
11/22/2018,2.8139,3.0627,3.3163,20.8,57.6452,25.25,47.14,37.28,40.59,29.253,161.7254
11/23/2018,2.8094,3.039,3.3015,21.52,57.3123,25.25,47.14,35.5,39.56,29.4942,163.1015
11/26/2018,2.8302,3.0535,3.3113,18.9,51.5345,25.25,47.14,42.47,43.07,31.3283,163.6463
11/27/2018,2.8329,3.0572,3.3187,19.02,51.2362,25.25,47.14,43.86,43.79,31.6662,164.2837
11/28/2018,2.8086,3.059,3.3459,18.49,50.7621,25.25,47.14,52.6,48.55,32.7708,164.1034
11/29/2018,2.8086,3.0298,3.3245,18.79,50.9159,33.88,39.47,51.75,48.13,38.5007,168.0231
11/30/2018,2.7865,2.9879,3.29,18.07,52.4322,33.88,39.47,54.68,49.77,39.3715,173.2139
12/3/2018,2.8211,2.9697,3.2535,16.44,50.3104,33.88,39.47,58.35,51.89,41.9235,173.0311
12/4/2018,2.7947,2.9136,3.1727,20.74,53.8639,33.88,39.47,46.28,45.9,33.1743,176.6435
12/5/2018,2.7947,2.9136,3.1727,20.74,53.8639,33.88,39.47,46.28,45.9,35.8613,176.6435
12/6/2018,2.76,2.8955,3.1624,21.19,60.944,37.94,30.5,45.82,45.65,36.528,180.4506
12/7/2018,2.7109,2.845,3.1403,23.23,60.7438,37.94,30.5,39.32,42.05,38.5067,181.4997
12/10/2018,2.7292,2.8575,3.1293,22.64,60.2587,37.94,30.5,40,42.4,40.2919,182.2511
12/11/2018,2.7641,2.879,3.1261,21.76,58.7319,37.94,30.5,39.9,42.35,39.2227,181.1012
12/12/2018,2.7723,2.9096,3.1497,21.46,58.2275,37.94,30.5,42.2,43.46,36.0101,177.0435
12/13/2018,2.762,2.9131,3.1694,20.65,55.7492,20.9,48.87,42.13,43.43,38.1211,174.6879
12/14/2018,2.733,2.8895,3.1433,21.63,56.1275,20.9,48.87,36.43,40.47,39.1623,174.0515
12/17/2018,2.6916,2.857,3.1128,24.52,55.4075,20.9,48.87,31.52,37.64,42.292,175.2991
12/18/2018,2.6439,2.8175,3.0677,25.58,59.3962,20.9,48.87,31.56,37.65,40.7792,177.2548
12/19/2018,2.6458,2.7548,2.9807,25.58,59.009,20.9,48.87,28.35,35.71,39.5318,180.5152
12/20/2018,2.6706,2.8065,3.0484,28.38,58.762,24.86,47.3,25.53,33.89,44.4983,182.3452
12/21/2018,2.6389,2.7902,3.0308,30.11,61.6148,24.86,47.3,22.44,31.74,44.5892,184.9805
12/24/2018,2.5593,2.7383,2.9934,36.07,66.0443,24.86,47.3,19.21,29.26,44.0573,188.1746
12/25/2018,2.5593,2.7383,2.9934,36.07,66.0443,24.86,47.3,19.21,29.26,44.0573,188.1746
12/26/2018,2.615,2.8079,3.0645,30.41,63.8872,24.86,47.3,36.68,38.15,38.8344,186.2139
12/27/2018,2.5625,2.7666,3.056,29.96,68.3371,31.55,50.3,39.24,39.58,40.3716,187.3393
12/28/2018,2.5161,2.7182,3.0222,28.34,66.6613,31.55,50.3,38.99,39.44,42.6389,192.1819
12/31/2018,2.4878,2.6842,3.0145,25.42,66.5828,31.55,50.3,41.71,40.89,45.2702,191.5791
1/1/2019,2.4878,2.6842,3.0145,25.42,66.5828,31.55,50.3,41.71,40.89,45.2702,191.5791
1/2/2019,2.4676,2.6204,2.9518,23.22,62.8045,31.55,50.3,42.13,41.11,38.4177,197.9599
1/3/2019,2.3786,2.5535,2.9025,25.45,65.7852,33.02,42.77,36.6,38.24,39.5716,196.655
1/4/2019,2.4937,2.6677,2.981,21.38,65.8207,33.02,42.77,46.77,43.74,39.7378,193.2311
1/7/2019,2.5406,2.696,2.9878,21.4,60.8802,33.02,42.77,48.65,44.81,39.3029,190.3996
1/8/2019,2.5855,2.728,3.0068,20.47,59.045,33.02,42.77,51.22,46.29,34.4414,188.2019
1/9/2019,2.5529,2.71,3.0029,19.98,57.0177,33.02,42.77,52.32,46.92,36.3523,186.9957
1/10/2019,2.5755,2.7421,3.0627,19.5,56.6493,38.46,29.37,53.57,47.62,37.4571,183.7917
1/11/2019,2.5408,2.7007,3.0334,18.19,55.9434,38.46,29.37,53.52,47.6,37.3115,183.9283
1/14/2019,2.5347,2.7024,3.0526,19.07,55.3414,38.46,29.37,51.69,46.83,36.7469,184.7604
1/15/2019,2.5347,2.7112,3.0734,18.6,53.0115,38.46,29.37,55.05,48.58,35.075,182.8785
1/16/2019,2.5409,2.7218,3.0711,19.04,51.9493,38.46,29.37,55.74,48.94,37.3173,181.8166
1/17/2019,2.5637,2.7504,3.0741,18.06,53.4391,33.53,36.25,58.12,50.19,37.903,178.9616
1/18/2019,2.6139,2.7842,3.0974,17.8,53.7818,33.53,36.25,61.98,52.31,36.7473,174.5827
1/21/2019,2.6139,2.7842,3.0974,17.8,53.7818,33.53,36.25,61.98,52.31,37.8853,174.5827
1/22/2019,2.5869,2.7392,3.0594,20.8,54.6405,33.53,36.25,55.94,49.92,38.588,174.0842
1/23/2019,2.5829,2.7409,3.0617,19.52,54.1942,33.53,36.25,56.64,50.28,37.3753,172.9143
1/24/2019,2.5642,2.7157,3.0339,18.89,54.1789,37.66,32.32,57.1,50.51,41.1627,171.433
1/25/2019,2.6063,2.7585,3.0662,17.42,52.496,37.66,32.32,59.92,51.94,37.8455,168.1546
1/28/2019,2.5897,2.744,3.0662,18.87,50.9512,37.66,32.32,56.21,50.53,36.979,168.6021
1/29/2019,2.5726,2.7098,3.04,19.13,49.8021,37.66,32.32,55.53,50.28,33.7084,169.0207
1/30/2019,2.5081,2.6775,3.0315,17.66,48.3202,37.66,32.32,60.96,52.93,32.3982,168.2511
1/31/2019,2.4576,2.6293,2.9956,16.57,49.8117,31.76,31.76,63.65,54.35,35.3603,165.0749
2/1/2019,2.5019,2.6842,3.0253,16.14,48.7887,31.76,31.76,63.93,54.5,34.6637,162.5793
2/4/2019,2.5364,2.7235,3.0545,15.73,48.874,31.76,31.76,66.07,55.63,35.6232,159.6453
2/5/2019,2.5222,2.6983,3.0314,15.57,48.6212,31.76,31.76,67.52,56.41,33.3769,158.1677
2/6/2019,2.5243,2.6946,3.0329,15.38,47.4392,31.76,31.76,66.07,55.93,32.5362,158.5367
2/7/2019,2.4795,2.6572,2.9947,16.37,48.9702,39.87,22.78,60.25,53.91,30.028,160.2788
2/8/2019,2.465,2.6339,2.9802,15.72,49.628,39.87,22.78,60.52,54.03,28.612,161.6062
2/11/2019,2.4854,2.6536,2.9921,15.97,48.3198,39.87,22.78,60.82,54.17,26.371,162.6372
2/12/2019,2.5059,2.6877,3.0247,15.43,49.0236,39.87,22.78,65.88,56.52,26.7623,159.227
2/13/2019,2.5305,2.7021,3.0311,15.65,48.1677,39.87,22.78,66.97,57.07,25.6089,159.7877
2/14/2019,2.4935,2.6536,2.9976,16.22,47.1872,35.1,25.07,65,56.43,27.4076,162.6372
2/15/2019,2.5141,2.6626,2.9936,14.91,45.7323,35.1,25.07,69.01,58.4,26.3717,160.7394
2/18/2019,2.5141,2.6626,2.9936,14.91,45.7323,35.1,25.07,69.01,58.4,22.4467,160.7394
2/19/2019,2.4872,2.6339,2.9778,14.88,45.0614,35.1,25.07,69.54,58.67,22.2247,162.6078
2/20/2019,2.4975,2.6447,2.9952,14.02,44.5448,35.1,25.07,70.18,59,22.8023,161.533
2/21/2019,2.5286,2.6914,3.0495,14.46,46.5487,39.32,25.39,67.14,58.06,20.8109,160.8599
2/22/2019,2.4933,2.6518,3.0159,13.51,47.2184,39.32,25.39,69.7,59.28,20.3849,161.815
2/25/2019,2.5058,2.6626,3.0271,14.85,46.1606,39.32,25.39,70.19,59.52,19.8957,160.7365
2/26/2019,2.4819,2.6357,3.0055,15.17,46.2842,39.32,25.39,69.42,59.29,19.0794,160.4304
2/27/2019,2.498,2.6825,3.0648,14.7,46.7929,39.32,25.39,68.86,59.13,19.0773,159.7549
2/28/2019,2.5141,2.715,3.0802,14.78,47.2183,41.63,20,65.9,58.27,18.25,156.5034
3/1/2019,2.5526,2.7531,3.1226,13.57,47.9044,41.63,20,69.35,59.73,16.8921,155.6899
3/4/2019,2.5405,2.7223,3.0891,14.63,46.7423,41.63,20,65.32,58.53,18.334,155.772
3/5/2019,2.5446,2.7169,3.081,14.74,45.8567,41.63,20,64.15,58.18,17.3676,156.3136
3/6/2019,2.5161,2.6934,3.0705,15.74,45.6342,41.63,20,57.75,56.17,14.3748,156.6643
3/7/2019,2.4734,2.6393,3.0262,16.59,45.8309,37.39,26.75,50.97,53.79,15.5174,158.0724
3/8/2019,2.461,2.6285,3.0119,16.05,45.8253,37.39,26.75,49.35,53.19,15.6794,159.1518
3/11/2019,2.4752,2.6393,3.027,14.33,44.8436,37.39,26.75,59,56.66,18.1396,159.0727
3/12/2019,2.4506,2.6015,2.9912,13.77,44.86,37.39,26.75,60.65,57.32,15.2598,158.8467
3/13/2019,2.4648,2.6213,3.0159,13.41,44.5688,37.39,26.75,64.3,58.87,17.2957,156.8721
3/14/2019,2.4607,2.6303,3.0455,13.5,45.2381,32.42,31.06,63.5,58.6,17.9436,156.9731
3/15/2019,2.4378,2.5871,3.0111,12.88,46.054,32.42,31.06,66.1,59.72,19.0543,158.2872
3/18/2019,2.4521,2.6033,3.0174,13.1,44.9477,32.42,31.06,67.94,60.55,20.0648,156.6727
3/19/2019,2.4686,2.6123,3.0222,13.56,43.6778,32.42,31.06,67.8,60.5,16.9532,155.7746
3/20/2019,2.3961,2.5263,2.9714,13.91,42.5322,32.42,31.06,64.57,59.46,15.3683,158.3747
3/21/2019,2.4084,2.5369,2.9667,13.63,44.5137,37.3,23.41,70.19,61.95,14.3217,156.3063
3/22/2019,2.3166,2.439,2.8739,16.48,52.2586,37.3,23.41,53.91,55.7,16.7479,158.0982
3/25/2019,2.2416,2.3983,2.8616,16.33,57.1059,37.3,23.41,53.33,55.44,16.6513,158.168
3/26/2019,2.2662,2.423,2.8731,14.68,56.5131,37.3,23.41,57.53,57.15,14.903,154.7009
3/27/2019,2.2,2.3665,2.8105,15.15,60.9728,37.3,23.41,54.12,55.71,18.1035,157.3511
3/28/2019,2.2359,2.3946,2.8226,14.43,59.927,33.2,27.2,56.27,56.58,17.7076,155.5384
3/29/2019,2.26,2.405,2.8143,13.71,58.5478,33.2,27.2,60.06,58.19,21.8884,156.4961
4/1/2019,2.3326,2.5009,2.8901,13.4,52.6899,33.2,27.2,65.61,60.78,21.7352,152.9091
4/2/2019,2.3024,2.4741,2.8769,13.36,54.2056,33.2,27.2,65.62,60.78,19.2359,153.5868
4/3/2019,2.3348,2.5241,2.9336,13.74,53.8399,33.2,27.2,66.63,61.26,17.7625,150.5917
4/4/2019,2.3369,2.5151,2.9196,13.58,51.6954,35.02,28.27,67.63,61.73,16.61,150.4891
4/5/2019,2.3393,2.4954,2.9032,12.82,49.2196,35.02,28.27,69.79,62.78,17.0083,150.4649
4/8/2019,2.3618,2.5222,2.9273,13.18,47.8937,35.02,28.27,70.28,63.02,17.237,148.7844
4/9/2019,2.3497,2.5006,2.9141,14.28,48.8314,35.02,28.27,63.86,60.69,17.6519,148.9354
4/10/2019,2.3212,2.4649,2.8923,13.3,48.6003,35.02,28.27,65.78,61.53,19.3797,149.5099
4/11/2019,2.354,2.497,2.9265,13.02,46.9,40.29,20.38,65.8,61.54,17.9511,146.2997
4/12/2019,2.3914,2.5651,2.9769,12.01,48.8439,40.29,20.38,69.39,63.14,17.9113,141.4854
4/15/2019,2.3916,2.5543,2.9682,12.32,47.6389,40.29,20.38,68.64,62.88,18.6782,141.5679
4/16/2019,2.4124,2.5904,2.9919,12.18,48.3127,40.29,20.38,68.93,63.01,18.0755,140.9617
4/17/2019,2.4002,2.594,2.9943,12.6,48.6528,40.29,20.38,66,62.03,16.3839,140.6011
4/18/2019,2.3802,2.5596,2.961,12.09,49.228,37.56,21.83,67.05,62.45,16.95,142.0382
4/19/2019,2.3802,2.5596,2.961,12.09,49.228,37.56,21.83,67.05,62.45,16.95,142.0382
4/22/2019,2.3866,2.5885,2.9919,12.42,48.7782,37.56,21.83,67.73,62.72,15.9404,142.1488
4/23/2019,2.3639,2.565,2.98,12.28,49.7852,37.56,21.83,73.03,65.03,15.756,141.5001
4/24/2019,2.3178,2.5181,2.9343,13.14,50.5232,37.56,21.83,69.94,64,16.8981,142.1874
4/25/2019,2.3319,2.5325,2.9421,13.25,49.7858,33.52,20.17,69.41,63.83,17.0271,141.7504
4/26/2019,2.2821,2.4982,2.9233,12.73,49.4279,33.52,20.17,72.28,65.08,17.3683,141.1764
4/29/2019,2.2922,2.5252,2.9547,13.11,48.0523,33.52,20.17,72.92,65.36,17.2656,140.4809
4/30/2019,2.2661,2.5018,2.9288,13.12,49.4711,33.52,20.17,73.49,65.62,16.5768,140.8234
5/1/2019,2.3044,2.4999,2.9038,14.8,46.7453,33.52,20.17,62.22,61.86,16.8363,142.0063
5/2/2019,2.3448,2.5414,2.9296,14.42,46.7165,39.02,21.34,59.46,60.85,14.7891,142.8647
5/3/2019,2.333,2.525,2.9186,12.87,45.7821,39.02,21.34,66.67,63.64,14.3121,142.4962
5/6/2019,2.2904,2.4692,2.8883,15.44,47.8193,39.02,21.34,61.18,61.51,14.8409,147.0781
5/7/2019,2.2844,2.4566,2.8643,19.32,52.3609,39.02,21.34,46.14,54.58,14.9573,145.338
5/8/2019,2.2966,2.4835,2.8937,19.4,51.3087,39.02,21.34,45,53.98,12.26,145.6482
5/9/2019,2.258,2.4423,2.8612,19.1,54.7235,43.12,23.19,42.86,52.85,11.8011,148.772
5/10/2019,2.2661,2.4672,2.8867,16.04,53.4923,43.12,23.19,46.24,54.07,11.1121,146.2818
5/13/2019,2.1884,2.4015,2.8362,20.55,57.8938,43.12,23.19,32.68,46.03,12.1909,150.8496
5/14/2019,2.1965,2.4104,2.8485,18.06,55.3462,43.12,23.19,38.93,48.6,13.2596,149.9646
5/15/2019,2.1596,2.3732,2.8199,16.44,57.4009,43.12,23.19,43.11,50.39,13.3383,150.6769
5/16/2019,2.1922,2.3944,2.8338,15.29,56.9754,29.82,39.3,48.88,52.98,13.3169,149.557
5/17/2019,2.1981,2.3909,2.8253,15.96,56.9732,29.82,39.3,45.59,51.15,14.8705,149.9108
5/20/2019,2.2208,2.4157,2.8369,16.31,56.5504,29.82,39.3,42.07,49.13,15.8049,150.4298
5/21/2019,2.2538,2.4264,2.8439,14.95,55.3473,29.82,39.3,47.52,51.6,15.7249,151.3638
5/22/2019,2.2227,2.382,2.8076,14.75,54.9586,29.82,39.3,45.96,50.75,15.8652,153.7959
5/23/2019,2.146,2.3185,2.7535,16.92,61.0665,24.71,36.08,40.01,47.33,17.0071,154.1467
5/24/2019,2.1641,2.3202,2.7512,15.85,60.5383,24.71,36.08,40.93,47.74,18.774,157.9776
5/27/2019,2.1641,2.3202,2.7512,15.85,60.5383,24.71,36.08,40.93,47.74,18.774,157.9776
5/28/2019,2.1244,2.2658,2.7045,17.5,61.7682,24.71,36.08,37.12,45.48,18.4197,159.4233
5/29/2019,2.109,2.2605,2.6926,17.9,63.1556,24.71,36.08,34.3,43.72,17.3604,159.9516
5/30/2019,2.0609,2.2133,2.64,17.3,61.7429,24.79,40.08,35.88,44.39,15.687,162.6722
5/31/2019,1.9221,2.1246,2.5685,18.71,72.681,24.79,40.08,30.84,41.2,16.2647,165.542
6/3/2019,1.8317,2.071,2.5311,18.86,73.5574,24.79,40.08,29.91,40.58,15.4174,165.8954
6/4/2019,1.8834,2.1296,2.6113,16.97,75.2595,24.79,40.08,44.03,47,14.0223,163.0356
6/5/2019,1.8569,2.1348,2.6465,16.09,77.6396,24.79,40.08,48.39,49.2,13.5051,160.5223
6/6/2019,1.8787,2.1174,2.6135,15.93,73.4193,22.53,42.58,51.47,50.81,14.7419,163.2595
6/7/2019,1.8494,2.0809,2.572,16.3,68.6928,22.53,42.58,56.31,53.43,18.4025,162.9071
6/10/2019,1.9036,2.1484,2.6288,15.94,65.6237,22.53,42.58,58.31,54.56,16.4148,158.1646
6/11/2019,1.9297,2.1431,2.6149,15.99,64.9288,22.53,42.58,58.1,54.45,20.3769,158.6914
6/12/2019,1.8786,2.1205,2.6156,15.91,68.4258,22.53,42.58,56.77,53.84,21.3044,160.9522
6/13/2019,1.8357,2.0945,2.6002,15.82,75.7382,26.84,34.2,58.8,54.89,24.1667,159.5549
6/14/2019,1.8405,2.0804,2.5856,15.28,80.8203,26.84,34.2,57.65,54.39,23.3803,161.959
6/17/2019,1.8687,2.0942,2.5827,15.35,76.8751,26.84,34.2,58.16,54.64,24.019,159.5832
6/18/2019,1.8643,2.0595,2.5488,15.15,76.7365,26.84,34.2,63.14,57.16,17.587,159.0456
6/19/2019,1.7351,2.0233,2.5351,14.33,71.3661,26.84,34.2,64.55,57.91,22.6891,157.6699
6/20/2019,1.7775,2.0284,2.5401,14.75,72.3657,29.51,32.13,68.66,60.21,21.4841,150.1627
6/21/2019,1.7678,2.054,2.5841,15.4,74.6269,29.51,32.13,67.53,59.76,24.9572,150.6031
6/24/2019,1.7324,2.0143,2.5443,15.26,73.7603,29.51,32.13,65.92,59.13,22.8189,148.574
6/25/2019,1.7318,1.985,2.5192,16.28,74.2246,29.51,32.13,57.81,55.78,19.0421,151.5028
6/26/2019,1.7689,2.0468,2.5695,16.21,73.7344,29.51,32.13,56.85,55.37,19.1193,150.3179
6/27/2019,1.7449,2.014,2.5292,15.82,69.9154,29.59,32.05,59.13,56.41,18.5454,148.601
6/28/2019,1.7549,2.0051,2.5291,15.08,70.4339,29.59,32.05,62.37,57.95,23.3037,147.4888
7/1/2019,1.7872,2.024,2.5478,14.06,66.5296,29.59,32.05,66.23,59.91,22.4622,146.603
7/2/2019,1.7613,1.974,2.5013,12.93,68.5997,29.59,32.05,67.61,60.64,14.0787,147.6011
7/3/2019,1.7596,1.9498,2.4666,12.57,68.326,29.59,32.05,70.96,62.49,8.5716,148.0221
7/4/2019,1.7596,1.9498,2.4666,12.57,68.326,33.16,32.35,70.96,62.49,9.9846,148.0221
7/5/2019,1.8593,2.0338,2.5419,13.28,65.2773,33.16,32.35,69.13,61.78,9.6151,148.6189
7/8/2019,1.89,2.0476,2.529,13.96,63.2188,33.16,32.35,64.36,59.88,10.7246,146.2433
7/9/2019,1.9066,2.0648,2.5404,14.09,62.9002,33.16,32.35,65.02,60.2,10.5273,147.5182
7/10/2019,1.8277,2.0613,2.5758,13.03,62.3884,33.16,32.35,67.4,61.37,17.0788,146.8729
7/11/2019,1.8625,2.1378,2.6593,12.93,62.9563,33.61,27.5,68.58,61.96,16.2976,142.2177
7/12/2019,1.8471,2.1219,2.6467,12.39,62.7766,33.61,27.5,70.86,63.14,19.2465,142.8089
7/15/2019,1.829,2.0887,2.6106,12.68,61.8957,33.61,27.5,70.95,63.18,17.6149,145.1295
7/16/2019,1.8498,2.1026,2.6121,12.86,61.2943,33.61,27.5,66.79,61.67,15.568,145.7422
7/17/2019,1.8111,2.0451,2.5568,13.97,62.2913,33.61,27.5,59.6,58.89,18.9499,147.4904
7/18/2019,1.7559,2.0242,2.564,13.53,63.1196,35.93,28.64,62,59.91,25.7183,146.5789
7/19/2019,1.8183,2.0552,2.5792,14.45,63.8649,35.93,28.64,55.81,57.36,19.5638,144.4808
7/22/2019,1.8123,2.0464,2.5712,13.53,60.974,35.93,28.64,57.87,58.2,21.6559,143.3578
7/23/2019,1.8374,2.0812,2.6156,12.61,61.226,35.93,28.64,62.45,60.16,23.4288,140.8845
7/24/2019,1.8179,2.0428,2.5726,12.07,60.7127,35.93,28.64,65.25,61.45,17.4176,142.7217
7/25/2019,1.8639,2.081,2.6083,12.74,60.9893,31.74,32.02,59.83,59.22,15.5711,139.8991
7/26/2019,1.8519,2.0703,2.5922,12.16,58.9008,31.74,32.02,64.29,61.25,15.3236,140.9681
7/29/2019,1.8579,2.065,2.5907,12.83,58.5463,31.74,32.02,62.64,60.56,15.5943,139.4989
7/30/2019,1.8459,2.058,2.5798,13.94,57.843,31.74,32.02,60,59.46,19.3943,142.2039
7/31/2019,1.8721,2.0144,2.5249,16.12,55.2468,31.74,32.02,50.36,55.09,20.3991,144.5607
8/1/2019,1.734,1.8935,2.442,17.87,64.6756,38.44,24.06,44.12,51.86,21.239,146.6517
8/2/2019,1.7118,1.8452,2.382,17.61,66.1145,38.44,24.06,39.85,49.46,19.0908,151.484
8/5/2019,1.5733,1.7075,2.2543,24.59,77.236,38.44,24.06,28.01,41.4,21.2091,160.2502
8/6/2019,1.583,1.7023,2.233,20.17,73.9212,38.44,24.06,36.61,45.31,15.9048,160.7726
8/7/2019,1.6069,1.7342,2.2522,19.49,79.0767,38.44,24.06,37.1,45.53,17.2022,154.5799
8/8/2019,1.6188,1.7172,2.2243,16.91,78.552,21.66,48.2,47.62,50.66,17.3753,157.2813
8/9/2019,1.6466,1.7447,2.2586,17.97,78.9672,21.66,48.2,44.73,48.95,18.9186,156.5331
8/12/2019,1.5837,1.6454,2.1325,21.09,81.5755,21.66,48.2,40.02,46.06,20.6823,160.4588
8/13/2019,1.6666,1.7035,2.1633,17.52,77.6971,21.66,48.2,47.3,49.8,17.0836,158.6525
8/14/2019,1.5771,1.5792,2.018,22.1,87.2194,21.66,48.2,37.45,43.51,22.9957,166.0772
8/15/2019,1.4957,1.5269,1.9729,21.18,90.617,23.18,44.85,38.57,44.11,24.4438,168.3091
8/16/2019,1.4763,1.5538,2.0348,18.47,89.5162,23.18,44.85,44.84,47.47,27.7373,164.6188
8/19/2019,1.5453,1.6063,2.0874,16.88,86.4916,23.18,44.85,49.57,50.12,25.7188,163.3706
8/20/2019,1.5123,1.5555,2.0375,17.5,86.8642,23.18,44.85,46.72,48.45,24.9469,164.4538
8/21/2019,1.5733,1.5893,2.0723,15.8,84.5123,23.18,44.85,49.92,50.22,17.5844,161.0694
8/22/2019,1.6121,1.6131,2.1047,16.68,83.1516,26.64,39.72,49.72,50.11,15.0304,160.6926
8/23/2019,1.5332,1.5351,2.0252,19.87,91.8222,26.64,39.72,40.75,44.88,19.0976,161.4916
8/26/2019,1.5391,1.5351,2.0354,19.32,87.9793,26.64,39.72,45.14,47.23,16.7994,163.494
8/27/2019,1.5223,1.4711,1.9501,20.31,88.6712,26.64,39.72,44.1,46.63,14.7949,165.895
8/28/2019,1.5,1.4794,1.9714,19.35,89.8664,26.64,39.72,46.79,48.03,14.4537,164.0592
8/29/2019,1.52,1.4945,1.964,17.88,86.9435,26.13,42.21,51.67,50.65,15.2264,166.5493
8/30/2019,1.504,1.4961,1.9626,18.98,86.8897,26.13,42.21,51.92,50.78,16.1137,164.3945
9/2/2019,1.504,1.4961,1.9626,18.98,86.8897,26.13,42.21,51.92,50.78,15.6257,165.3945
9/3/2019,1.452,1.4573,1.9526,19.66,85.2653,26.13,42.21,49.05,49.32,17.5896,166.2672
9/4/2019,1.4319,1.4657,1.9699,17.33,81.6016,26.13,42.21,53.37,51.57,16.9016,164.4315
9/5/2019,1.526,1.5586,2.0495,16.27,79.9169,28.64,39.51,58.02,54.13,15.1193,163.145
9/6/2019,1.5402,1.5602,2.025,15,78.821,28.64,39.51,58.34,54.31,18.6063,160.9805
9/9/2019,1.5928,1.6438,2.1281,15.27,76.4382,28.64,39.51,58.29,54.28,19.0417,156.6212
9/10/2019,1.676,1.7316,2.2163,15.2,76.7837,28.64,39.51,58.42,54.35,19.8238,156.8409
9/11/2019,1.6742,1.7385,2.2213,14.61,76.7033,28.64,39.51,61.31,55.85,18.3695,158.1462
9/12/2019,1.7192,1.7715,2.2557,14.22,77.5711,33.13,31.25,62.44,56.44,16.735,157.8486
9/13/2019,1.7999,1.8958,2.3708,13.74,85.5301,33.13,31.25,61.95,56.24,18.3411,154.4184
9/16/2019,1.7593,1.8467,2.3183,14.67,85.9485,33.13,31.25,59.76,55.38,16.8744,154.3293
9/17/2019,1.7248,1.8013,2.268,14.44,84.7607,33.13,31.25,60.98,55.95,19.2237,155.8697
9/18/2019,1.7621,1.7961,2.242,13.95,79.6633,33.13,31.25,61.15,56.03,22.5156,154.3887
9/19/2019,1.7378,1.784,2.2277,14.05,78.1445,35.34,27.82,61.16,56.04,24.1086,152.6048
9/20/2019,1.683,1.7215,2.1616,15.32,80.0726,35.34,27.82,57.07,54.56,23.7656,156.8502
9/23/2019,1.6812,1.7267,2.1729,14.91,81.0116,35.34,27.82,56.99,54.53,21.7067,151.3279
9/24/2019,1.6256,1.6456,2.1036,17.05,83.0673,35.34,27.82,50.33,52.02,21.0402,154.444
9/25/2019,1.6795,1.7372,2.1863,15.96,80.2171,35.34,27.82,54.49,53.62,21.7657,155.2815
9/26/2019,1.6555,1.6921,2.1419,16.07,79.8713,29.37,33.26,52.61,52.9,30.201,154.785
9/27/2019,1.6335,1.6818,2.1286,18.19,79.8713,29.37,33.26,45.78,50.1,32.5346,155.818
