"","VERSION","TimeStamp","MONTH","AC_ID","MOD_ID","PC1"
"1","FI_Development","2020-02-16 11-14-06","Jun 2013","FixedIncome","FI_treas_short",29.889999
"2","FI_Development","2020-02-16 11-14-06","Jul 2013","FixedIncome","FI_treas_short",29.950001
"3","FI_Development","2020-02-16 11-14-06","Aug 2013","FixedIncome","FI_treas_short",29.879999
"4","FI_Development","2020-02-16 11-14-06","Sep 2013","FixedIncome","FI_treas_short",30.030001
"5","FI_Development","2020-02-16 11-14-06","Oct 2013","FixedIncome","FI_treas_short",30.26
"6","FI_Development","2020-02-16 11-14-06","Nov 2013","FixedIncome","FI_treas_short",30.26
"7","FI_Development","2020-02-16 11-14-06","Dec 2013","FixedIncome","FI_treas_short",29.93
"8","FI_Development","2020-02-16 11-14-06","Jan 2014","FixedIncome","FI_treas_short",30.030001
"9","FI_Development","2020-02-16 11-14-06","Feb 2014","FixedIncome","FI_treas_short",30.09
"10","FI_Development","2020-02-16 11-14-06","Mar 2014","FixedIncome","FI_treas_short",29.959999
"11","FI_Development","2020-02-16 11-14-06","Apr 2014","FixedIncome","FI_treas_short",30.01
"12","FI_Development","2020-02-16 11-14-06","May 2014","FixedIncome","FI_treas_short",30.1
"13","FI_Development","2020-02-16 11-14-06","Jun 2014","FixedIncome","FI_treas_short",30.07
"14","FI_Development","2020-02-16 11-14-06","Jul 2014","FixedIncome","FI_treas_short",29.99
"15","FI_Development","2020-02-16 11-14-06","Aug 2014","FixedIncome","FI_treas_short",31.809999
"16","FI_Development","2020-02-16 11-14-06","Sep 2014","FixedIncome","FI_treas_short",30.139999
"17","FI_Development","2020-02-16 11-14-06","Oct 2014","FixedIncome","FI_treas_short",30.25
"18","FI_Development","2020-02-16 11-14-06","Nov 2014","FixedIncome","FI_treas_short",30.200001
"19","FI_Development","2020-02-16 11-14-06","Dec 2014","FixedIncome","FI_treas_short",30.08
"20","FI_Development","2020-02-16 11-14-06","Jan 2015","FixedIncome","FI_treas_short",30.370001
"21","FI_Development","2020-02-16 11-14-06","Feb 2015","FixedIncome","FI_treas_short",30.200001
"22","FI_Development","2020-02-16 11-14-06","Mar 2015","FixedIncome","FI_treas_short",30.35
"23","FI_Development","2020-02-16 11-14-06","Apr 2015","FixedIncome","FI_treas_short",30.26
"24","FI_Development","2020-02-16 11-14-06","May 2015","FixedIncome","FI_treas_short",30.299999
"25","FI_Development","2020-02-16 11-14-06","Jun 2015","FixedIncome","FI_treas_short",30.290001
"26","FI_Development","2020-02-16 11-14-06","Jul 2015","FixedIncome","FI_treas_short",30.219999
"27","FI_Development","2020-02-16 11-14-06","Aug 2015","FixedIncome","FI_treas_short",30.280001
"28","FI_Development","2020-02-16 11-14-06","Sep 2015","FixedIncome","FI_treas_short",30.370001
"29","FI_Development","2020-02-16 11-14-06","Oct 2015","FixedIncome","FI_treas_short",30.290001
"30","FI_Development","2020-02-16 11-14-06","Nov 2015","FixedIncome","FI_treas_short",30.16
"31","FI_Development","2020-02-16 11-14-06","Dec 2015","FixedIncome","FI_treas_short",30.1
"32","FI_Development","2020-02-16 11-14-06","Jan 2016","FixedIncome","FI_treas_short",30.41
"33","FI_Development","2020-02-16 11-14-06","Feb 2016","FixedIncome","FI_treas_short",30.43
"34","FI_Development","2020-02-16 11-14-06","Mar 2016","FixedIncome","FI_treas_short",30.49
"35","FI_Development","2020-02-16 11-14-06","Apr 2016","FixedIncome","FI_treas_short",30.440001
"36","FI_Development","2020-02-16 11-14-06","May 2016","FixedIncome","FI_treas_short",30.4
"37","FI_Development","2020-02-16 11-14-06","Jun 2016","FixedIncome","FI_treas_short",30.66
"38","FI_Development","2020-02-16 11-14-06","Jul 2016","FixedIncome","FI_treas_short",30.629999
"39","FI_Development","2020-02-16 11-14-06","Aug 2016","FixedIncome","FI_treas_short",30.49
"40","FI_Development","2020-02-16 11-14-06","Sep 2016","FixedIncome","FI_treas_short",30.549999
"41","FI_Development","2020-02-16 11-14-06","Oct 2016","FixedIncome","FI_treas_short",30.440001
"42","FI_Development","2020-02-16 11-14-06","Nov 2016","FixedIncome","FI_treas_short",30.09
"43","FI_Development","2020-02-16 11-14-06","Dec 2016","FixedIncome","FI_treas_short",30.049999
"44","FI_Development","2020-02-16 11-14-06","Jan 2017","FixedIncome","FI_treas_short",30.1
"45","FI_Development","2020-02-16 11-14-06","Feb 2017","FixedIncome","FI_treas_short",30.129999
"46","FI_Development","2020-02-16 11-14-06","Mar 2017","FixedIncome","FI_treas_short",30.110001
"47","FI_Development","2020-02-16 11-14-06","Apr 2017","FixedIncome","FI_treas_short",30.190001
"48","FI_Development","2020-02-16 11-14-06","May 2017","FixedIncome","FI_treas_short",30.23
"49","FI_Development","2020-02-16 11-14-06","Jun 2017","FixedIncome","FI_treas_short",30.16
"50","FI_Development","2020-02-16 11-14-06","Jul 2017","FixedIncome","FI_treas_short",30.200001
"51","FI_Development","2020-02-16 11-14-06","Aug 2017","FixedIncome","FI_treas_short",30.280001
"52","FI_Development","2020-02-16 11-14-06","Sep 2017","FixedIncome","FI_treas_short",30.15
"53","FI_Development","2020-02-16 11-14-06","Oct 2017","FixedIncome","FI_treas_short",30.08
"54","FI_Development","2020-02-16 11-14-06","Nov 2017","FixedIncome","FI_treas_short",29.969999
"55","FI_Development","2020-02-16 11-14-06","Dec 2017","FixedIncome","FI_treas_short",29.870001
"56","FI_Development","2020-02-16 11-14-06","Jan 2018","FixedIncome","FI_treas_short",29.709999
"57","FI_Development","2020-02-16 11-14-06","Feb 2018","FixedIncome","FI_treas_short",29.629999
"58","FI_Development","2020-02-16 11-14-06","Mar 2018","FixedIncome","FI_treas_short",29.68
"59","FI_Development","2020-02-16 11-14-06","Apr 2018","FixedIncome","FI_treas_short",29.530001
"60","FI_Development","2020-02-16 11-14-06","May 2018","FixedIncome","FI_treas_short",29.59
"61","FI_Development","2020-02-16 11-14-06","Jun 2018","FixedIncome","FI_treas_short",29.559999
"62","FI_Development","2020-02-16 11-14-06","Jul 2018","FixedIncome","FI_treas_short",29.49
"63","FI_Development","2020-02-16 11-14-06","Aug 2018","FixedIncome","FI_treas_short",29.52
"64","FI_Development","2020-02-16 11-14-06","Sep 2018","FixedIncome","FI_treas_short",29.450001
"65","FI_Development","2020-02-16 11-14-06","Oct 2018","FixedIncome","FI_treas_short",29.43
"66","FI_Development","2020-02-16 11-14-06","Nov 2018","FixedIncome","FI_treas_short",29.48
"67","FI_Development","2020-02-16 11-14-06","Dec 2018","FixedIncome","FI_treas_short",29.58
"68","FI_Development","2020-02-16 11-14-06","Jan 2019","FixedIncome","FI_treas_short",29.68
"69","FI_Development","2020-02-16 11-14-06","Feb 2019","FixedIncome","FI_treas_short",29.639999
"70","FI_Development","2020-02-16 11-14-06","Mar 2019","FixedIncome","FI_treas_short",29.76
"71","FI_Development","2020-02-16 11-14-06","Apr 2019","FixedIncome","FI_treas_short",29.76
"72","FI_Development","2020-02-16 11-14-06","Jun 2013","FixedIncome","FI_treas_long",32.080002
"73","FI_Development","2020-02-16 11-14-06","Jul 2013","FixedIncome","FI_treas_long",31.525
"74","FI_Development","2020-02-16 11-14-06","Aug 2013","FixedIncome","FI_treas_long",31.059999
"75","FI_Development","2020-02-16 11-14-06","Sep 2013","FixedIncome","FI_treas_long",31.25
"76","FI_Development","2020-02-16 11-14-06","Oct 2013","FixedIncome","FI_treas_long",31.555
"77","FI_Development","2020-02-16 11-14-06","Nov 2013","FixedIncome","FI_treas_long",30.645
"78","FI_Development","2020-02-16 11-14-06","Dec 2013","FixedIncome","FI_treas_long",29.92
"79","FI_Development","2020-02-16 11-14-06","Jan 2014","FixedIncome","FI_treas_long",31.709999
"80","FI_Development","2020-02-16 11-14-06","Feb 2014","FixedIncome","FI_treas_long",31.780001
"81","FI_Development","2020-02-16 11-14-06","Mar 2014","FixedIncome","FI_treas_long",31.9
"82","FI_Development","2020-02-16 11-14-06","Apr 2014","FixedIncome","FI_treas_long",32.439999
"83","FI_Development","2020-02-16 11-14-06","May 2014","FixedIncome","FI_treas_long",33.275002
"84","FI_Development","2020-02-16 11-14-06","Jun 2014","FixedIncome","FI_treas_long",33.150002
"85","FI_Development","2020-02-16 11-14-06","Jul 2014","FixedIncome","FI_treas_long",33.195
"86","FI_Development","2020-02-16 11-14-06","Aug 2014","FixedIncome","FI_treas_long",34.540001
"87","FI_Development","2020-02-16 11-14-06","Sep 2014","FixedIncome","FI_treas_long",33.82
"88","FI_Development","2020-02-16 11-14-06","Oct 2014","FixedIncome","FI_treas_long",34.560001
"89","FI_Development","2020-02-16 11-14-06","Nov 2014","FixedIncome","FI_treas_long",35.419998
"90","FI_Development","2020-02-16 11-14-06","Dec 2014","FixedIncome","FI_treas_long",36.435001
"91","FI_Development","2020-02-16 11-14-06","Jan 2015","FixedIncome","FI_treas_long",39.599998
"92","FI_Development","2020-02-16 11-14-06","Feb 2015","FixedIncome","FI_treas_long",37.330002
"93","FI_Development","2020-02-16 11-14-06","Mar 2015","FixedIncome","FI_treas_long",37.610001
"94","FI_Development","2020-02-16 11-14-06","Apr 2015","FixedIncome","FI_treas_long",36.415001
"95","FI_Development","2020-02-16 11-14-06","May 2015","FixedIncome","FI_treas_long",35.509998
"96","FI_Development","2020-02-16 11-14-06","Jun 2015","FixedIncome","FI_treas_long",34.16
"97","FI_Development","2020-02-16 11-14-06","Jul 2015","FixedIncome","FI_treas_long",35.494999
"98","FI_Development","2020-02-16 11-14-06","Aug 2015","FixedIncome","FI_treas_long",35.200001
"99","FI_Development","2020-02-16 11-14-06","Sep 2015","FixedIncome","FI_treas_long",35.755001
"100","FI_Development","2020-02-16 11-14-06","Oct 2015","FixedIncome","FI_treas_long",35.564999
"101","FI_Development","2020-02-16 11-14-06","Nov 2015","FixedIncome","FI_treas_long",35.18
"102","FI_Development","2020-02-16 11-14-06","Dec 2015","FixedIncome","FI_treas_long",34.939999
"103","FI_Development","2020-02-16 11-14-06","Jan 2016","FixedIncome","FI_treas_long",36.77
"104","FI_Development","2020-02-16 11-14-06","Feb 2016","FixedIncome","FI_treas_long",37.695
"105","FI_Development","2020-02-16 11-14-06","Mar 2016","FixedIncome","FI_treas_long",37.685001
"106","FI_Development","2020-02-16 11-14-06","Apr 2016","FixedIncome","FI_treas_long",37.369999
"107","FI_Development","2020-02-16 11-14-06","May 2016","FixedIncome","FI_treas_long",37.549999
"108","FI_Development","2020-02-16 11-14-06","Jun 2016","FixedIncome","FI_treas_long",39.91
"109","FI_Development","2020-02-16 11-14-06","Jul 2016","FixedIncome","FI_treas_long",40.639999
"110","FI_Development","2020-02-16 11-14-06","Aug 2016","FixedIncome","FI_treas_long",40.145
"111","FI_Development","2020-02-16 11-14-06","Sep 2016","FixedIncome","FI_treas_long",39.529999
"112","FI_Development","2020-02-16 11-14-06","Oct 2016","FixedIncome","FI_treas_long",37.794998
"113","FI_Development","2020-02-16 11-14-06","Nov 2016","FixedIncome","FI_treas_long",34.740002
"114","FI_Development","2020-02-16 11-14-06","Dec 2016","FixedIncome","FI_treas_long",34.445
"115","FI_Development","2020-02-16 11-14-06","Jan 2017","FixedIncome","FI_treas_long",34.705002
"116","FI_Development","2020-02-16 11-14-06","Feb 2017","FixedIncome","FI_treas_long",35.189999
"117","FI_Development","2020-02-16 11-14-06","Mar 2017","FixedIncome","FI_treas_long",34.875
"118","FI_Development","2020-02-16 11-14-06","Apr 2017","FixedIncome","FI_treas_long",35.349998
"119","FI_Development","2020-02-16 11-14-06","May 2017","FixedIncome","FI_treas_long",35.91
"120","FI_Development","2020-02-16 11-14-06","Jun 2017","FixedIncome","FI_treas_long",36.055
"121","FI_Development","2020-02-16 11-14-06","Jul 2017","FixedIncome","FI_treas_long",35.794998
"122","FI_Development","2020-02-16 11-14-06","Aug 2017","FixedIncome","FI_treas_long",36.875
"123","FI_Development","2020-02-16 11-14-06","Sep 2017","FixedIncome","FI_treas_long",35.990002
"124","FI_Development","2020-02-16 11-14-06","Oct 2017","FixedIncome","FI_treas_long",35.91
"125","FI_Development","2020-02-16 11-14-06","Nov 2017","FixedIncome","FI_treas_long",36.049999
"126","FI_Development","2020-02-16 11-14-06","Dec 2017","FixedIncome","FI_treas_long",36.59
"127","FI_Development","2020-02-16 11-14-06","Jan 2018","FixedIncome","FI_treas_long",35.349998
"128","FI_Development","2020-02-16 11-14-06","Feb 2018","FixedIncome","FI_treas_long",34.23
"129","FI_Development","2020-02-16 11-14-06","Mar 2018","FixedIncome","FI_treas_long",35.099998
"130","FI_Development","2020-02-16 11-14-06","Apr 2018","FixedIncome","FI_treas_long",34.310001
"131","FI_Development","2020-02-16 11-14-06","May 2018","FixedIncome","FI_treas_long",34.900002
"132","FI_Development","2020-02-16 11-14-06","Jun 2018","FixedIncome","FI_treas_long",35.029999
"133","FI_Development","2020-02-16 11-14-06","Jul 2018","FixedIncome","FI_treas_long",34.459999
"134","FI_Development","2020-02-16 11-14-06","Aug 2018","FixedIncome","FI_treas_long",34.830002
"135","FI_Development","2020-02-16 11-14-06","Sep 2018","FixedIncome","FI_treas_long",33.799999
"136","FI_Development","2020-02-16 11-14-06","Oct 2018","FixedIncome","FI_treas_long",32.759998
"137","FI_Development","2020-02-16 11-14-06","Nov 2018","FixedIncome","FI_treas_long",33.259998
"138","FI_Development","2020-02-16 11-14-06","Dec 2018","FixedIncome","FI_treas_long",35.040001
"139","FI_Development","2020-02-16 11-14-06","Jan 2019","FixedIncome","FI_treas_long",35.139999
"140","FI_Development","2020-02-16 11-14-06","Feb 2019","FixedIncome","FI_treas_long",34.59
"141","FI_Development","2020-02-16 11-14-06","Mar 2019","FixedIncome","FI_treas_long",36.389999
"142","FI_Development","2020-02-16 11-14-06","Apr 2019","FixedIncome","FI_treas_long",35.630001
"143","FI_Development","2020-02-16 11-14-06","Jun 2013","FixedIncome","FI_IG_short",30.59
"144","FI_Development","2020-02-16 11-14-06","Jul 2013","FixedIncome","FI_IG_short",30.67
"145","FI_Development","2020-02-16 11-14-06","Aug 2013","FixedIncome","FI_IG_short",30.559999
"146","FI_Development","2020-02-16 11-14-06","Sep 2013","FixedIncome","FI_IG_short",30.74
"147","FI_Development","2020-02-16 11-14-06","Oct 2013","FixedIncome","FI_IG_short",30.77
"148","FI_Development","2020-02-16 11-14-06","Nov 2013","FixedIncome","FI_IG_short",30.82
"149","FI_Development","2020-02-16 11-14-06","Dec 2013","FixedIncome","FI_IG_short",30.690001
"150","FI_Development","2020-02-16 11-14-06","Jan 2014","FixedIncome","FI_IG_short",30.74
"151","FI_Development","2020-02-16 11-14-06","Feb 2014","FixedIncome","FI_IG_short",30.809999
"152","FI_Development","2020-02-16 11-14-06","Mar 2014","FixedIncome","FI_IG_short",30.76
"153","FI_Development","2020-02-16 11-14-06","Apr 2014","FixedIncome","FI_IG_short",30.790001
"154","FI_Development","2020-02-16 11-14-06","May 2014","FixedIncome","FI_IG_short",30.85
"155","FI_Development","2020-02-16 11-14-06","Jun 2014","FixedIncome","FI_IG_short",30.809999
"156","FI_Development","2020-02-16 11-14-06","Jul 2014","FixedIncome","FI_IG_short",30.74
"157","FI_Development","2020-02-16 11-14-06","Aug 2014","FixedIncome","FI_IG_short",30.780001
"158","FI_Development","2020-02-16 11-14-06","Sep 2014","FixedIncome","FI_IG_short",30.690001
"159","FI_Development","2020-02-16 11-14-06","Oct 2014","FixedIncome","FI_IG_short",30.75
"160","FI_Development","2020-02-16 11-14-06","Nov 2014","FixedIncome","FI_IG_short",30.73
"161","FI_Development","2020-02-16 11-14-06","Dec 2014","FixedIncome","FI_IG_short",30.58
"162","FI_Development","2020-02-16 11-14-06","Jan 2015","FixedIncome","FI_IG_short",30.700001
"163","FI_Development","2020-02-16 11-14-06","Feb 2015","FixedIncome","FI_IG_short",30.74
"164","FI_Development","2020-02-16 11-14-06","Mar 2015","FixedIncome","FI_IG_short",30.75
"165","FI_Development","2020-02-16 11-14-06","Apr 2015","FixedIncome","FI_IG_short",30.700001
"166","FI_Development","2020-02-16 11-14-06","May 2015","FixedIncome","FI_IG_short",30.66
"167","FI_Development","2020-02-16 11-14-06","Jun 2015","FixedIncome","FI_IG_short",30.6
"168","FI_Development","2020-02-16 11-14-06","Jul 2015","FixedIncome","FI_IG_short",30.6
"169","FI_Development","2020-02-16 11-14-06","Aug 2015","FixedIncome","FI_IG_short",30.469999
"170","FI_Development","2020-02-16 11-14-06","Sep 2015","FixedIncome","FI_IG_short",30.52
"171","FI_Development","2020-02-16 11-14-06","Oct 2015","FixedIncome","FI_IG_short",30.57
"172","FI_Development","2020-02-16 11-14-06","Nov 2015","FixedIncome","FI_IG_short",30.57
"173","FI_Development","2020-02-16 11-14-06","Dec 2015","FixedIncome","FI_IG_short",30.4
"174","FI_Development","2020-02-16 11-14-06","Jan 2016","FixedIncome","FI_IG_short",30.379999
"175","FI_Development","2020-02-16 11-14-06","Feb 2016","FixedIncome","FI_IG_short",30.49
"176","FI_Development","2020-02-16 11-14-06","Mar 2016","FixedIncome","FI_IG_short",30.629999
"177","FI_Development","2020-02-16 11-14-06","Apr 2016","FixedIncome","FI_IG_short",30.700001
"178","FI_Development","2020-02-16 11-14-06","May 2016","FixedIncome","FI_IG_short",30.629999
"179","FI_Development","2020-02-16 11-14-06","Jun 2016","FixedIncome","FI_IG_short",30.780001
"180","FI_Development","2020-02-16 11-14-06","Jul 2016","FixedIncome","FI_IG_short",30.84
"181","FI_Development","2020-02-16 11-14-06","Aug 2016","FixedIncome","FI_IG_short",30.77
"182","FI_Development","2020-02-16 11-14-06","Sep 2016","FixedIncome","FI_IG_short",30.77
"183","FI_Development","2020-02-16 11-14-06","Oct 2016","FixedIncome","FI_IG_short",30.709999
"184","FI_Development","2020-02-16 11-14-06","Nov 2016","FixedIncome","FI_IG_short",30.540001
"185","FI_Development","2020-02-16 11-14-06","Dec 2016","FixedIncome","FI_IG_short",30.530001
"186","FI_Development","2020-02-16 11-14-06","Jan 2017","FixedIncome","FI_IG_short",30.59
"187","FI_Development","2020-02-16 11-14-06","Feb 2017","FixedIncome","FI_IG_short",30.610001
"188","FI_Development","2020-02-16 11-14-06","Mar 2017","FixedIncome","FI_IG_short",30.610001
"189","FI_Development","2020-02-16 11-14-06","Apr 2017","FixedIncome","FI_IG_short",30.639999
"190","FI_Development","2020-02-16 11-14-06","May 2017","FixedIncome","FI_IG_short",30.67
"191","FI_Development","2020-02-16 11-14-06","Jun 2017","FixedIncome","FI_IG_short",30.639999
"192","FI_Development","2020-02-16 11-14-06","Jul 2017","FixedIncome","FI_IG_short",30.700001
"193","FI_Development","2020-02-16 11-14-06","Aug 2017","FixedIncome","FI_IG_short",30.73
"194","FI_Development","2020-02-16 11-14-06","Sep 2017","FixedIncome","FI_IG_short",30.67
"195","FI_Development","2020-02-16 11-14-06","Oct 2017","FixedIncome","FI_IG_short",30.66
"196","FI_Development","2020-02-16 11-14-06","Nov 2017","FixedIncome","FI_IG_short",30.51
"197","FI_Development","2020-02-16 11-14-06","Dec 2017","FixedIncome","FI_IG_short",30.42
"198","FI_Development","2020-02-16 11-14-06","Jan 2018","FixedIncome","FI_IG_short",30.35
"199","FI_Development","2020-02-16 11-14-06","Feb 2018","FixedIncome","FI_IG_short",30.200001
"200","FI_Development","2020-02-16 11-14-06","Mar 2018","FixedIncome","FI_IG_short",30.200001
"201","FI_Development","2020-02-16 11-14-06","Apr 2018","FixedIncome","FI_IG_short",30.17
"202","FI_Development","2020-02-16 11-14-06","May 2018","FixedIncome","FI_IG_short",30.219999
"203","FI_Development","2020-02-16 11-14-06","Jun 2018","FixedIncome","FI_IG_short",30.16
"204","FI_Development","2020-02-16 11-14-06","Jul 2018","FixedIncome","FI_IG_short",30.190001
"205","FI_Development","2020-02-16 11-14-06","Aug 2018","FixedIncome","FI_IG_short",30.26
"206","FI_Development","2020-02-16 11-14-06","Sep 2018","FixedIncome","FI_IG_short",30.18
"207","FI_Development","2020-02-16 11-14-06","Oct 2018","FixedIncome","FI_IG_short",30.1
"208","FI_Development","2020-02-16 11-14-06","Nov 2018","FixedIncome","FI_IG_short",30.08
"209","FI_Development","2020-02-16 11-14-06","Dec 2018","FixedIncome","FI_IG_short",30.139999
"210","FI_Development","2020-02-16 11-14-06","Jan 2019","FixedIncome","FI_IG_short",30.41
"211","FI_Development","2020-02-16 11-14-06","Feb 2019","FixedIncome","FI_IG_short",30.42
"212","FI_Development","2020-02-16 11-14-06","Mar 2019","FixedIncome","FI_IG_short",30.549999
"213","FI_Development","2020-02-16 11-14-06","Apr 2019","FixedIncome","FI_IG_short",30.559999
"214","FI_Development","2020-02-16 11-14-06","Jun 2013","FixedIncome","FI_IG_long",25.166666
"215","FI_Development","2020-02-16 11-14-06","Jul 2013","FixedIncome","FI_IG_long",25.093334
"216","FI_Development","2020-02-16 11-14-06","Aug 2013","FixedIncome","FI_IG_long",24.693333
"217","FI_Development","2020-02-16 11-14-06","Sep 2013","FixedIncome","FI_IG_long",24.639999
"218","FI_Development","2020-02-16 11-14-06","Oct 2013","FixedIncome","FI_IG_long",25.333334
"219","FI_Development","2020-02-16 11-14-06","Nov 2013","FixedIncome","FI_IG_long",24.813334
"220","FI_Development","2020-02-16 11-14-06","Dec 2013","FixedIncome","FI_IG_long",24.746666
"221","FI_Development","2020-02-16 11-14-06","Jan 2014","FixedIncome","FI_IG_long",25.526667
"222","FI_Development","2020-02-16 11-14-06","Feb 2014","FixedIncome","FI_IG_long",26.013334
"223","FI_Development","2020-02-16 11-14-06","Mar 2014","FixedIncome","FI_IG_long",26.173334
"224","FI_Development","2020-02-16 11-14-06","Apr 2014","FixedIncome","FI_IG_long",26.766666
"225","FI_Development","2020-02-16 11-14-06","May 2014","FixedIncome","FI_IG_long",27.1
"226","FI_Development","2020-02-16 11-14-06","Jun 2014","FixedIncome","FI_IG_long",27.066668
"227","FI_Development","2020-02-16 11-14-06","Jul 2014","FixedIncome","FI_IG_long",27.086666
"228","FI_Development","2020-02-16 11-14-06","Aug 2014","FixedIncome","FI_IG_long",27.826666
"229","FI_Development","2020-02-16 11-14-06","Sep 2014","FixedIncome","FI_IG_long",26.993334
"230","FI_Development","2020-02-16 11-14-06","Oct 2014","FixedIncome","FI_IG_long",27.373333
"231","FI_Development","2020-02-16 11-14-06","Nov 2014","FixedIncome","FI_IG_long",27.553333
"232","FI_Development","2020-02-16 11-14-06","Dec 2014","FixedIncome","FI_IG_long",27.573334
"233","FI_Development","2020-02-16 11-14-06","Jan 2015","FixedIncome","FI_IG_long",29.266666
"234","FI_Development","2020-02-16 11-14-06","Feb 2015","FixedIncome","FI_IG_long",28.426666
"235","FI_Development","2020-02-16 11-14-06","Mar 2015","FixedIncome","FI_IG_long",28.233334
"236","FI_Development","2020-02-16 11-14-06","Apr 2015","FixedIncome","FI_IG_long",27.346666
"237","FI_Development","2020-02-16 11-14-06","May 2015","FixedIncome","FI_IG_long",26.559999
"238","FI_Development","2020-02-16 11-14-06","Jun 2015","FixedIncome","FI_IG_long",25.526667
"239","FI_Development","2020-02-16 11-14-06","Jul 2015","FixedIncome","FI_IG_long",26.073334
"240","FI_Development","2020-02-16 11-14-06","Aug 2015","FixedIncome","FI_IG_long",25.473333
"241","FI_Development","2020-02-16 11-14-06","Sep 2015","FixedIncome","FI_IG_long",25.546667
"242","FI_Development","2020-02-16 11-14-06","Oct 2015","FixedIncome","FI_IG_long",25.906666
"243","FI_Development","2020-02-16 11-14-06","Nov 2015","FixedIncome","FI_IG_long",25.446667
"244","FI_Development","2020-02-16 11-14-06","Dec 2015","FixedIncome","FI_IG_long",25.053333
"245","FI_Development","2020-02-16 11-14-06","Jan 2016","FixedIncome","FI_IG_long",25.006666
"246","FI_Development","2020-02-16 11-14-06","Feb 2016","FixedIncome","FI_IG_long",25.360001
"247","FI_Development","2020-02-16 11-14-06","Mar 2016","FixedIncome","FI_IG_long",26.593334
"248","FI_Development","2020-02-16 11-14-06","Apr 2016","FixedIncome","FI_IG_long",27.280001
"249","FI_Development","2020-02-16 11-14-06","May 2016","FixedIncome","FI_IG_long",26.993334
"250","FI_Development","2020-02-16 11-14-06","Jun 2016","FixedIncome","FI_IG_long",28.139999
"251","FI_Development","2020-02-16 11-14-06","Jul 2016","FixedIncome","FI_IG_long",28.879999
"252","FI_Development","2020-02-16 11-14-06","Aug 2016","FixedIncome","FI_IG_long",28.933332
"253","FI_Development","2020-02-16 11-14-06","Sep 2016","FixedIncome","FI_IG_long",28.593334
"254","FI_Development","2020-02-16 11-14-06","Oct 2016","FixedIncome","FI_IG_long",27.780001
"255","FI_Development","2020-02-16 11-14-06","Nov 2016","FixedIncome","FI_IG_long",26.133333
"256","FI_Development","2020-02-16 11-14-06","Dec 2016","FixedIncome","FI_IG_long",26.58
"257","FI_Development","2020-02-16 11-14-06","Jan 2017","FixedIncome","FI_IG_long",26.626667
"258","FI_Development","2020-02-16 11-14-06","Feb 2017","FixedIncome","FI_IG_long",27.066668
"259","FI_Development","2020-02-16 11-14-06","Mar 2017","FixedIncome","FI_IG_long",26.773333
"260","FI_Development","2020-02-16 11-14-06","Apr 2017","FixedIncome","FI_IG_long",27.086666
"261","FI_Development","2020-02-16 11-14-06","May 2017","FixedIncome","FI_IG_long",27.626667
"262","FI_Development","2020-02-16 11-14-06","Jun 2017","FixedIncome","FI_IG_long",27.76
"263","FI_Development","2020-02-16 11-14-06","Jul 2017","FixedIncome","FI_IG_long",27.98
"264","FI_Development","2020-02-16 11-14-06","Aug 2017","FixedIncome","FI_IG_long",28.153334
"265","FI_Development","2020-02-16 11-14-06","Sep 2017","FixedIncome","FI_IG_long",28.08
"266","FI_Development","2020-02-16 11-14-06","Oct 2017","FixedIncome","FI_IG_long",28.16
"267","FI_Development","2020-02-16 11-14-06","Nov 2017","FixedIncome","FI_IG_long",28.15
"268","FI_Development","2020-02-16 11-14-06","Dec 2017","FixedIncome","FI_IG_long",28.610001
"269","FI_Development","2020-02-16 11-14-06","Jan 2018","FixedIncome","FI_IG_long",28.290001
"270","FI_Development","2020-02-16 11-14-06","Feb 2018","FixedIncome","FI_IG_long",27.02
"271","FI_Development","2020-02-16 11-14-06","Mar 2018","FixedIncome","FI_IG_long",27.27
"272","FI_Development","2020-02-16 11-14-06","Apr 2018","FixedIncome","FI_IG_long",26.49
"273","FI_Development","2020-02-16 11-14-06","May 2018","FixedIncome","FI_IG_long",26.459999
"274","FI_Development","2020-02-16 11-14-06","Jun 2018","FixedIncome","FI_IG_long",26.120001
"275","FI_Development","2020-02-16 11-14-06","Jul 2018","FixedIncome","FI_IG_long",26.469999
"276","FI_Development","2020-02-16 11-14-06","Aug 2018","FixedIncome","FI_IG_long",26.34
"277","FI_Development","2020-02-16 11-14-06","Sep 2018","FixedIncome","FI_IG_long",26.17
"278","FI_Development","2020-02-16 11-14-06","Oct 2018","FixedIncome","FI_IG_long",25.15
"279","FI_Development","2020-02-16 11-14-06","Nov 2018","FixedIncome","FI_IG_long",24.9
"280","FI_Development","2020-02-16 11-14-06","Dec 2018","FixedIncome","FI_IG_long",25.379999
"281","FI_Development","2020-02-16 11-14-06","Jan 2019","FixedIncome","FI_IG_long",26.35
"282","FI_Development","2020-02-16 11-14-06","Feb 2019","FixedIncome","FI_IG_long",26.09
"283","FI_Development","2020-02-16 11-14-06","Mar 2019","FixedIncome","FI_IG_long",27.129999
"284","FI_Development","2020-02-16 11-14-06","Apr 2019","FixedIncome","FI_IG_long",27.190001
"285","FI_Development","2020-02-16 11-14-06","Jun 2013","FixedIncome","FI_IG_mid",33.59
"286","FI_Development","2020-02-16 11-14-06","Jul 2013","FixedIncome","FI_IG_mid",33.669998
"287","FI_Development","2020-02-16 11-14-06","Aug 2013","FixedIncome","FI_IG_mid",33.439999
"288","FI_Development","2020-02-16 11-14-06","Sep 2013","FixedIncome","FI_IG_mid",33.740002
"289","FI_Development","2020-02-16 11-14-06","Oct 2013","FixedIncome","FI_IG_mid",34.07
"290","FI_Development","2020-02-16 11-14-06","Nov 2013","FixedIncome","FI_IG_mid",33.880001
"291","FI_Development","2020-02-16 11-14-06","Dec 2013","FixedIncome","FI_IG_mid",33.599998
"292","FI_Development","2020-02-16 11-14-06","Jan 2014","FixedIncome","FI_IG_mid",34
"293","FI_Development","2020-02-16 11-14-06","Feb 2014","FixedIncome","FI_IG_mid",34.18
"294","FI_Development","2020-02-16 11-14-06","Mar 2014","FixedIncome","FI_IG_mid",34
"295","FI_Development","2020-02-16 11-14-06","Apr 2014","FixedIncome","FI_IG_mid",34.130001
"296","FI_Development","2020-02-16 11-14-06","May 2014","FixedIncome","FI_IG_mid",34.419998
"297","FI_Development","2020-02-16 11-14-06","Jun 2014","FixedIncome","FI_IG_mid",34.459999
"298","FI_Development","2020-02-16 11-14-06","Jul 2014","FixedIncome","FI_IG_mid",34.220001
"299","FI_Development","2020-02-16 11-14-06","Aug 2014","FixedIncome","FI_IG_mid",34.48
"300","FI_Development","2020-02-16 11-14-06","Sep 2014","FixedIncome","FI_IG_mid",34.130001
"301","FI_Development","2020-02-16 11-14-06","Oct 2014","FixedIncome","FI_IG_mid",34.330002
"302","FI_Development","2020-02-16 11-14-06","Nov 2014","FixedIncome","FI_IG_mid",34.389999
"303","FI_Development","2020-02-16 11-14-06","Dec 2014","FixedIncome","FI_IG_mid",34.18
"304","FI_Development","2020-02-16 11-14-06","Jan 2015","FixedIncome","FI_IG_mid",34.810001
"305","FI_Development","2020-02-16 11-14-06","Feb 2015","FixedIncome","FI_IG_mid",34.459999
"306","FI_Development","2020-02-16 11-14-06","Mar 2015","FixedIncome","FI_IG_mid",34.540001
"307","FI_Development","2020-02-16 11-14-06","Apr 2015","FixedIncome","FI_IG_mid",34.52
"308","FI_Development","2020-02-16 11-14-06","May 2015","FixedIncome","FI_IG_mid",34.32
"309","FI_Development","2020-02-16 11-14-06","Jun 2015","FixedIncome","FI_IG_mid",33.970001
"310","FI_Development","2020-02-16 11-14-06","Jul 2015","FixedIncome","FI_IG_mid",34.009998
"311","FI_Development","2020-02-16 11-14-06","Aug 2015","FixedIncome","FI_IG_mid",33.790001
"312","FI_Development","2020-02-16 11-14-06","Sep 2015","FixedIncome","FI_IG_mid",33.950001
"313","FI_Development","2020-02-16 11-14-06","Oct 2015","FixedIncome","FI_IG_mid",33.950001
"314","FI_Development","2020-02-16 11-14-06","Nov 2015","FixedIncome","FI_IG_mid",33.880001
"315","FI_Development","2020-02-16 11-14-06","Dec 2015","FixedIncome","FI_IG_mid",33.43
"316","FI_Development","2020-02-16 11-14-06","Jan 2016","FixedIncome","FI_IG_mid",33.650002
"317","FI_Development","2020-02-16 11-14-06","Feb 2016","FixedIncome","FI_IG_mid",33.84
"318","FI_Development","2020-02-16 11-14-06","Mar 2016","FixedIncome","FI_IG_mid",34.27
"319","FI_Development","2020-02-16 11-14-06","Apr 2016","FixedIncome","FI_IG_mid",34.470001
"320","FI_Development","2020-02-16 11-14-06","May 2016","FixedIncome","FI_IG_mid",34.32
"321","FI_Development","2020-02-16 11-14-06","Jun 2016","FixedIncome","FI_IG_mid",34.889999
"322","FI_Development","2020-02-16 11-14-06","Jul 2016","FixedIncome","FI_IG_mid",35.02
"323","FI_Development","2020-02-16 11-14-06","Aug 2016","FixedIncome","FI_IG_mid",34.900002
"324","FI_Development","2020-02-16 11-14-06","Sep 2016","FixedIncome","FI_IG_mid",34.91
"325","FI_Development","2020-02-16 11-14-06","Oct 2016","FixedIncome","FI_IG_mid",34.66
"326","FI_Development","2020-02-16 11-14-06","Nov 2016","FixedIncome","FI_IG_mid",33.919998
"327","FI_Development","2020-02-16 11-14-06","Dec 2016","FixedIncome","FI_IG_mid",33.91
"328","FI_Development","2020-02-16 11-14-06","Jan 2017","FixedIncome","FI_IG_mid",34.060001
"329","FI_Development","2020-02-16 11-14-06","Feb 2017","FixedIncome","FI_IG_mid",34.240002
"330","FI_Development","2020-02-16 11-14-06","Mar 2017","FixedIncome","FI_IG_mid",34.130001
"331","FI_Development","2020-02-16 11-14-06","Apr 2017","FixedIncome","FI_IG_mid",34.310001
"332","FI_Development","2020-02-16 11-14-06","May 2017","FixedIncome","FI_IG_mid",34.5
"333","FI_Development","2020-02-16 11-14-06","Jun 2017","FixedIncome","FI_IG_mid",34.41
"334","FI_Development","2020-02-16 11-14-06","Jul 2017","FixedIncome","FI_IG_mid",34.59
"335","FI_Development","2020-02-16 11-14-06","Aug 2017","FixedIncome","FI_IG_mid",34.66
"336","FI_Development","2020-02-16 11-14-06","Sep 2017","FixedIncome","FI_IG_mid",34.509998
"337","FI_Development","2020-02-16 11-14-06","Oct 2017","FixedIncome","FI_IG_mid",34.52
"338","FI_Development","2020-02-16 11-14-06","Nov 2017","FixedIncome","FI_IG_mid",34.330002
"339","FI_Development","2020-02-16 11-14-06","Dec 2017","FixedIncome","FI_IG_mid",34.220001
"340","FI_Development","2020-02-16 11-14-06","Jan 2018","FixedIncome","FI_IG_mid",33.970001
"341","FI_Development","2020-02-16 11-14-06","Feb 2018","FixedIncome","FI_IG_mid",33.580002
"342","FI_Development","2020-02-16 11-14-06","Mar 2018","FixedIncome","FI_IG_mid",33.540001
"343","FI_Development","2020-02-16 11-14-06","Apr 2018","FixedIncome","FI_IG_mid",33.310001
"344","FI_Development","2020-02-16 11-14-06","May 2018","FixedIncome","FI_IG_mid",33.360001
"345","FI_Development","2020-02-16 11-14-06","Jun 2018","FixedIncome","FI_IG_mid",33.290001
"346","FI_Development","2020-02-16 11-14-06","Jul 2018","FixedIncome","FI_IG_mid",33.349998
"347","FI_Development","2020-02-16 11-14-06","Aug 2018","FixedIncome","FI_IG_mid",33.41
"348","FI_Development","2020-02-16 11-14-06","Sep 2018","FixedIncome","FI_IG_mid",33.299999
"349","FI_Development","2020-02-16 11-14-06","Oct 2018","FixedIncome","FI_IG_mid",33
"350","FI_Development","2020-02-16 11-14-06","Nov 2018","FixedIncome","FI_IG_mid",32.860001
"351","FI_Development","2020-02-16 11-14-06","Dec 2018","FixedIncome","FI_IG_mid",33.040001
"352","FI_Development","2020-02-16 11-14-06","Jan 2019","FixedIncome","FI_IG_mid",33.720001
"353","FI_Development","2020-02-16 11-14-06","Feb 2019","FixedIncome","FI_IG_mid",33.68
"354","FI_Development","2020-02-16 11-14-06","Mar 2019","FixedIncome","FI_IG_mid",34.169998
"355","FI_Development","2020-02-16 11-14-06","Apr 2019","FixedIncome","FI_IG_mid",34.209999
"356","FI_Development","2020-02-16 11-14-06","Jun 2013","FixedIncome","FI_HY",118.470001
"357","FI_Development","2020-02-16 11-14-06","Jul 2013","FixedIncome","FI_HY",120.839996
"358","FI_Development","2020-02-16 11-14-06","Aug 2013","FixedIncome","FI_HY",119.010002
"359","FI_Development","2020-02-16 11-14-06","Sep 2013","FixedIncome","FI_HY",119.519997
"360","FI_Development","2020-02-16 11-14-06","Oct 2013","FixedIncome","FI_HY",121.889999
"361","FI_Development","2020-02-16 11-14-06","Nov 2013","FixedIncome","FI_HY",122.25
"362","FI_Development","2020-02-16 11-14-06","Dec 2013","FixedIncome","FI_HY",121.68
"363","FI_Development","2020-02-16 11-14-06","Jan 2014","FixedIncome","FI_HY",122.370003
"364","FI_Development","2020-02-16 11-14-06","Feb 2014","FixedIncome","FI_HY",124.589996
"365","FI_Development","2020-02-16 11-14-06","Mar 2014","FixedIncome","FI_HY",123.959999
"366","FI_Development","2020-02-16 11-14-06","Apr 2014","FixedIncome","FI_HY",124.050003
"367","FI_Development","2020-02-16 11-14-06","May 2014","FixedIncome","FI_HY",124.589996
"368","FI_Development","2020-02-16 11-14-06","Jun 2014","FixedIncome","FI_HY",125.190002
"369","FI_Development","2020-02-16 11-14-06","Jul 2014","FixedIncome","FI_HY",121.650002
"370","FI_Development","2020-02-16 11-14-06","Aug 2014","FixedIncome","FI_HY",124.110001
"371","FI_Development","2020-02-16 11-14-06","Sep 2014","FixedIncome","FI_HY",120.540001
"372","FI_Development","2020-02-16 11-14-06","Oct 2014","FixedIncome","FI_HY",121.080002
"373","FI_Development","2020-02-16 11-14-06","Nov 2014","FixedIncome","FI_HY",118.739998
"374","FI_Development","2020-02-16 11-14-06","Dec 2014","FixedIncome","FI_HY",115.830002
"375","FI_Development","2020-02-16 11-14-06","Jan 2015","FixedIncome","FI_HY",116.82
"376","FI_Development","2020-02-16 11-14-06","Feb 2015","FixedIncome","FI_HY",119.339996
"377","FI_Development","2020-02-16 11-14-06","Mar 2015","FixedIncome","FI_HY",117.660004
"378","FI_Development","2020-02-16 11-14-06","Apr 2015","FixedIncome","FI_HY",118.32
"379","FI_Development","2020-02-16 11-14-06","May 2015","FixedIncome","FI_HY",118.260002
"380","FI_Development","2020-02-16 11-14-06","Jun 2015","FixedIncome","FI_HY",115.290001
"381","FI_Development","2020-02-16 11-14-06","Jul 2015","FixedIncome","FI_HY",113.910004
"382","FI_Development","2020-02-16 11-14-06","Aug 2015","FixedIncome","FI_HY",111.029999
"383","FI_Development","2020-02-16 11-14-06","Sep 2015","FixedIncome","FI_HY",106.980003
"384","FI_Development","2020-02-16 11-14-06","Oct 2015","FixedIncome","FI_HY",109.410004
"385","FI_Development","2020-02-16 11-14-06","Nov 2015","FixedIncome","FI_HY",106.080002
"386","FI_Development","2020-02-16 11-14-06","Dec 2015","FixedIncome","FI_HY",101.730003
"387","FI_Development","2020-02-16 11-14-06","Jan 2016","FixedIncome","FI_HY",99.629997
"388","FI_Development","2020-02-16 11-14-06","Feb 2016","FixedIncome","FI_HY",100.290001
"389","FI_Development","2020-02-16 11-14-06","Mar 2016","FixedIncome","FI_HY",102.75
"390","FI_Development","2020-02-16 11-14-06","Apr 2016","FixedIncome","FI_HY",105.900002
"391","FI_Development","2020-02-16 11-14-06","May 2016","FixedIncome","FI_HY",105.690002
"392","FI_Development","2020-02-16 11-14-06","Jun 2016","FixedIncome","FI_HY",107.07
"393","FI_Development","2020-02-16 11-14-06","Jul 2016","FixedIncome","FI_HY",108.18
"394","FI_Development","2020-02-16 11-14-06","Aug 2016","FixedIncome","FI_HY",109.620003
"395","FI_Development","2020-02-16 11-14-06","Sep 2016","FixedIncome","FI_HY",110.160004
"396","FI_Development","2020-02-16 11-14-06","Oct 2016","FixedIncome","FI_HY",108.779999
"397","FI_Development","2020-02-16 11-14-06","Nov 2016","FixedIncome","FI_HY",108.360001
"398","FI_Development","2020-02-16 11-14-06","Dec 2016","FixedIncome","FI_HY",109.349998
"399","FI_Development","2020-02-16 11-14-06","Jan 2017","FixedIncome","FI_HY",110.730003
"400","FI_Development","2020-02-16 11-14-06","Feb 2017","FixedIncome","FI_HY",111.660004
"401","FI_Development","2020-02-16 11-14-06","Mar 2017","FixedIncome","FI_HY",110.790001
"402","FI_Development","2020-02-16 11-14-06","Apr 2017","FixedIncome","FI_HY",111.419998
"403","FI_Development","2020-02-16 11-14-06","May 2017","FixedIncome","FI_HY",112.169998
"404","FI_Development","2020-02-16 11-14-06","Jun 2017","FixedIncome","FI_HY",111.599998
"405","FI_Development","2020-02-16 11-14-06","Jul 2017","FixedIncome","FI_HY",112.199997
"406","FI_Development","2020-02-16 11-14-06","Aug 2017","FixedIncome","FI_HY",111.779999
"407","FI_Development","2020-02-16 11-14-06","Sep 2017","FixedIncome","FI_HY",111.959999
"408","FI_Development","2020-02-16 11-14-06","Oct 2017","FixedIncome","FI_HY",111.720001
"409","FI_Development","2020-02-16 11-14-06","Nov 2017","FixedIncome","FI_HY",110.82
"410","FI_Development","2020-02-16 11-14-06","Dec 2017","FixedIncome","FI_HY",110.160004
"411","FI_Development","2020-02-16 11-14-06","Jan 2018","FixedIncome","FI_HY",110.099998
"412","FI_Development","2020-02-16 11-14-06","Feb 2018","FixedIncome","FI_HY",108.629997
"413","FI_Development","2020-02-16 11-14-06","Mar 2018","FixedIncome","FI_HY",107.550003
"414","FI_Development","2020-02-16 11-14-06","Apr 2018","FixedIncome","FI_HY",107.610001
"415","FI_Development","2020-02-16 11-14-06","May 2018","FixedIncome","FI_HY",106.860001
"416","FI_Development","2020-02-16 11-14-06","Jun 2018","FixedIncome","FI_HY",106.440002
"417","FI_Development","2020-02-16 11-14-06","Jul 2018","FixedIncome","FI_HY",107.82
"418","FI_Development","2020-02-16 11-14-06","Aug 2018","FixedIncome","FI_HY",108
"419","FI_Development","2020-02-16 11-14-06","Sep 2018","FixedIncome","FI_HY",108.150002
"420","FI_Development","2020-02-16 11-14-06","Oct 2018","FixedIncome","FI_HY",105.480003
"421","FI_Development","2020-02-16 11-14-06","Nov 2018","FixedIncome","FI_HY",104.190002
"422","FI_Development","2020-02-16 11-14-06","Dec 2018","FixedIncome","FI_HY",100.769997
"423","FI_Development","2020-02-16 11-14-06","Jan 2019","FixedIncome","FI_HY",106.050003
"424","FI_Development","2020-02-16 11-14-06","Feb 2019","FixedIncome","FI_HY",107.07
"425","FI_Development","2020-02-16 11-14-06","Mar 2019","FixedIncome","FI_HY",107.91011
"426","FI_Development","2020-02-16 11-14-06","Apr 2019","FixedIncome","FI_HY",108.810112
"427","FI_Development","2020-02-16 11-14-06","Jun 2013","FixedIncome","FI_deved_intl",49.41
"428","FI_Development","2020-02-16 11-14-06","Jul 2013","FixedIncome","FI_deved_intl",49.490002
"429","FI_Development","2020-02-16 11-14-06","Aug 2013","FixedIncome","FI_deved_intl",49.330002
"430","FI_Development","2020-02-16 11-14-06","Sep 2013","FixedIncome","FI_deved_intl",49.650002
"431","FI_Development","2020-02-16 11-14-06","Oct 2013","FixedIncome","FI_deved_intl",50.09
"432","FI_Development","2020-02-16 11-14-06","Nov 2013","FixedIncome","FI_deved_intl",50.02
"433","FI_Development","2020-02-16 11-14-06","Dec 2013","FixedIncome","FI_deved_intl",49.619999
"434","FI_Development","2020-02-16 11-14-06","Jan 2014","FixedIncome","FI_deved_intl",50.330002
"435","FI_Development","2020-02-16 11-14-06","Feb 2014","FixedIncome","FI_deved_intl",50.509998
"436","FI_Development","2020-02-16 11-14-06","Mar 2014","FixedIncome","FI_deved_intl",50.610001
"437","FI_Development","2020-02-16 11-14-06","Apr 2014","FixedIncome","FI_deved_intl",50.849998
"438","FI_Development","2020-02-16 11-14-06","May 2014","FixedIncome","FI_deved_intl",51.16
"439","FI_Development","2020-02-16 11-14-06","Jun 2014","FixedIncome","FI_deved_intl",51.41
"440","FI_Development","2020-02-16 11-14-06","Jul 2014","FixedIncome","FI_deved_intl",51.610001
"441","FI_Development","2020-02-16 11-14-06","Aug 2014","FixedIncome","FI_deved_intl",52.240002
"442","FI_Development","2020-02-16 11-14-06","Sep 2014","FixedIncome","FI_deved_intl",52.110001
"443","FI_Development","2020-02-16 11-14-06","Oct 2014","FixedIncome","FI_deved_intl",52.369999
"444","FI_Development","2020-02-16 11-14-06","Nov 2014","FixedIncome","FI_deved_intl",52.77
"445","FI_Development","2020-02-16 11-14-06","Dec 2014","FixedIncome","FI_deved_intl",53.110001
"446","FI_Development","2020-02-16 11-14-06","Jan 2015","FixedIncome","FI_deved_intl",54.060001
"447","FI_Development","2020-02-16 11-14-06","Feb 2015","FixedIncome","FI_deved_intl",53.889999
"448","FI_Development","2020-02-16 11-14-06","Mar 2015","FixedIncome","FI_deved_intl",54.09
"449","FI_Development","2020-02-16 11-14-06","Apr 2015","FixedIncome","FI_deved_intl",53.48
"450","FI_Development","2020-02-16 11-14-06","May 2015","FixedIncome","FI_deved_intl",53.139999
"451","FI_Development","2020-02-16 11-14-06","Jun 2015","FixedIncome","FI_deved_intl",52.369999
"452","FI_Development","2020-02-16 11-14-06","Jul 2015","FixedIncome","FI_deved_intl",52.98
"453","FI_Development","2020-02-16 11-14-06","Aug 2015","FixedIncome","FI_deved_intl",52.560001
"454","FI_Development","2020-02-16 11-14-06","Sep 2015","FixedIncome","FI_deved_intl",52.93
"455","FI_Development","2020-02-16 11-14-06","Oct 2015","FixedIncome","FI_deved_intl",53.18
"456","FI_Development","2020-02-16 11-14-06","Nov 2015","FixedIncome","FI_deved_intl",53.200001
"457","FI_Development","2020-02-16 11-14-06","Dec 2015","FixedIncome","FI_deved_intl",52.880001
"458","FI_Development","2020-02-16 11-14-06","Jan 2016","FixedIncome","FI_deved_intl",53.57
"459","FI_Development","2020-02-16 11-14-06","Feb 2016","FixedIncome","FI_deved_intl",54.189999
"460","FI_Development","2020-02-16 11-14-06","Mar 2016","FixedIncome","FI_deved_intl",54.540001
"461","FI_Development","2020-02-16 11-14-06","Apr 2016","FixedIncome","FI_deved_intl",54.34
"462","FI_Development","2020-02-16 11-14-06","May 2016","FixedIncome","FI_deved_intl",54.689999
"463","FI_Development","2020-02-16 11-14-06","Jun 2016","FixedIncome","FI_deved_intl",55.700001
"464","FI_Development","2020-02-16 11-14-06","Jul 2016","FixedIncome","FI_deved_intl",56.099998
"465","FI_Development","2020-02-16 11-14-06","Aug 2016","FixedIncome","FI_deved_intl",56.09
"466","FI_Development","2020-02-16 11-14-06","Sep 2016","FixedIncome","FI_deved_intl",56.040001
"467","FI_Development","2020-02-16 11-14-06","Oct 2016","FixedIncome","FI_deved_intl",55.279999
"468","FI_Development","2020-02-16 11-14-06","Nov 2016","FixedIncome","FI_deved_intl",54.529999
"469","FI_Development","2020-02-16 11-14-06","Dec 2016","FixedIncome","FI_deved_intl",54.290001
"470","FI_Development","2020-02-16 11-14-06","Jan 2017","FixedIncome","FI_deved_intl",53.759998
"471","FI_Development","2020-02-16 11-14-06","Feb 2017","FixedIncome","FI_deved_intl",54.189999
"472","FI_Development","2020-02-16 11-14-06","Mar 2017","FixedIncome","FI_deved_intl",54.130001
"473","FI_Development","2020-02-16 11-14-06","Apr 2017","FixedIncome","FI_deved_intl",54.349998
"474","FI_Development","2020-02-16 11-14-06","May 2017","FixedIncome","FI_deved_intl",54.700001
"475","FI_Development","2020-02-16 11-14-06","Jun 2017","FixedIncome","FI_deved_intl",54.360001
"476","FI_Development","2020-02-16 11-14-06","Jul 2017","FixedIncome","FI_deved_intl",54.400002
"477","FI_Development","2020-02-16 11-14-06","Aug 2017","FixedIncome","FI_deved_intl",54.860001
"478","FI_Development","2020-02-16 11-14-06","Sep 2017","FixedIncome","FI_deved_intl",54.59
"479","FI_Development","2020-02-16 11-14-06","Oct 2017","FixedIncome","FI_deved_intl",54.880001
"480","FI_Development","2020-02-16 11-14-06","Nov 2017","FixedIncome","FI_deved_intl",54.959999
"481","FI_Development","2020-02-16 11-14-06","Dec 2017","FixedIncome","FI_deved_intl",54.369999
"482","FI_Development","2020-02-16 11-14-06","Jan 2018","FixedIncome","FI_deved_intl",54.060001
"483","FI_Development","2020-02-16 11-14-06","Feb 2018","FixedIncome","FI_deved_intl",54.150002
"484","FI_Development","2020-02-16 11-14-06","Mar 2018","FixedIncome","FI_deved_intl",54.73
"485","FI_Development","2020-02-16 11-14-06","Apr 2018","FixedIncome","FI_deved_intl",54.599998
"486","FI_Development","2020-02-16 11-14-06","May 2018","FixedIncome","FI_deved_intl",54.43
"487","FI_Development","2020-02-16 11-14-06","Jun 2018","FixedIncome","FI_deved_intl",54.709999
"488","FI_Development","2020-02-16 11-14-06","Jul 2018","FixedIncome","FI_deved_intl",54.740002
"489","FI_Development","2020-02-16 11-14-06","Aug 2018","FixedIncome","FI_deved_intl",54.720001
"490","FI_Development","2020-02-16 11-14-06","Sep 2018","FixedIncome","FI_deved_intl",54.540001
"491","FI_Development","2020-02-16 11-14-06","Oct 2018","FixedIncome","FI_deved_intl",54.529999
"492","FI_Development","2020-02-16 11-14-06","Nov 2018","FixedIncome","FI_deved_intl",54.759998
"493","FI_Development","2020-02-16 11-14-06","Dec 2018","FixedIncome","FI_deved_intl",54.25
"494","FI_Development","2020-02-16 11-14-06","Jan 2019","FixedIncome","FI_deved_intl",54.790001
"495","FI_Development","2020-02-16 11-14-06","Feb 2019","FixedIncome","FI_deved_intl",54.849998
"496","FI_Development","2020-02-16 11-14-06","Mar 2019","FixedIncome","FI_deved_intl",55.77
"497","FI_Development","2020-02-16 11-14-06","Apr 2019","FixedIncome","FI_deved_intl",55.810001
"498","FI_Development","2020-02-16 11-14-06","Jun 2013","FixedIncome","FI_deving_intl",29.65
"499","FI_Development","2020-02-16 11-14-06","Jul 2013","FixedIncome","FI_deving_intl",29.93
"500","FI_Development","2020-02-16 11-14-06","Aug 2013","FixedIncome","FI_deving_intl",28.959999
"501","FI_Development","2020-02-16 11-14-06","Sep 2013","FixedIncome","FI_deving_intl",30.23
"502","FI_Development","2020-02-16 11-14-06","Oct 2013","FixedIncome","FI_deving_intl",30.68
"503","FI_Development","2020-02-16 11-14-06","Nov 2013","FixedIncome","FI_deving_intl",29.84
"504","FI_Development","2020-02-16 11-14-06","Dec 2013","FixedIncome","FI_deving_intl",29.75
"505","FI_Development","2020-02-16 11-14-06","Jan 2014","FixedIncome","FI_deving_intl",28.290001
"506","FI_Development","2020-02-16 11-14-06","Feb 2014","FixedIncome","FI_deving_intl",29.1
"507","FI_Development","2020-02-16 11-14-06","Mar 2014","FixedIncome","FI_deving_intl",29.65
"508","FI_Development","2020-02-16 11-14-06","Apr 2014","FixedIncome","FI_deving_intl",30.120001
"509","FI_Development","2020-02-16 11-14-06","May 2014","FixedIncome","FI_deving_intl",30.870001
"510","FI_Development","2020-02-16 11-14-06","Jun 2014","FixedIncome","FI_deving_intl",31.219999
"511","FI_Development","2020-02-16 11-14-06","Jul 2014","FixedIncome","FI_deving_intl",31.07
"512","FI_Development","2020-02-16 11-14-06","Aug 2014","FixedIncome","FI_deving_intl",31.139999
"513","FI_Development","2020-02-16 11-14-06","Sep 2014","FixedIncome","FI_deving_intl",29.610001
"514","FI_Development","2020-02-16 11-14-06","Oct 2014","FixedIncome","FI_deving_intl",29.969999
"515","FI_Development","2020-02-16 11-14-06","Nov 2014","FixedIncome","FI_deving_intl",29.540001
"516","FI_Development","2020-02-16 11-14-06","Dec 2014","FixedIncome","FI_deving_intl",28.41
"517","FI_Development","2020-02-16 11-14-06","Jan 2015","FixedIncome","FI_deving_intl",28.23
"518","FI_Development","2020-02-16 11-14-06","Feb 2015","FixedIncome","FI_deving_intl",27.99
"519","FI_Development","2020-02-16 11-14-06","Mar 2015","FixedIncome","FI_deving_intl",27.25
"520","FI_Development","2020-02-16 11-14-06","Apr 2015","FixedIncome","FI_deving_intl",27.969999
"521","FI_Development","2020-02-16 11-14-06","May 2015","FixedIncome","FI_deving_intl",27.32
"522","FI_Development","2020-02-16 11-14-06","Jun 2015","FixedIncome","FI_deving_intl",27.08
"523","FI_Development","2020-02-16 11-14-06","Jul 2015","FixedIncome","FI_deving_intl",26.23
"524","FI_Development","2020-02-16 11-14-06","Aug 2015","FixedIncome","FI_deving_intl",25.25
"525","FI_Development","2020-02-16 11-14-06","Sep 2015","FixedIncome","FI_deving_intl",24.58
"526","FI_Development","2020-02-16 11-14-06","Oct 2015","FixedIncome","FI_deving_intl",25.440001
"527","FI_Development","2020-02-16 11-14-06","Nov 2015","FixedIncome","FI_deving_intl",25.110001
"528","FI_Development","2020-02-16 11-14-06","Dec 2015","FixedIncome","FI_deving_intl",24.58
"529","FI_Development","2020-02-16 11-14-06","Jan 2016","FixedIncome","FI_deving_intl",24.5
"530","FI_Development","2020-02-16 11-14-06","Feb 2016","FixedIncome","FI_deving_intl",24.879999
"531","FI_Development","2020-02-16 11-14-06","Mar 2016","FixedIncome","FI_deving_intl",26.969999
"532","FI_Development","2020-02-16 11-14-06","Apr 2016","FixedIncome","FI_deving_intl",27.59
"533","FI_Development","2020-02-16 11-14-06","May 2016","FixedIncome","FI_deving_intl",26.469999
"534","FI_Development","2020-02-16 11-14-06","Jun 2016","FixedIncome","FI_deving_intl",27.85
"535","FI_Development","2020-02-16 11-14-06","Jul 2016","FixedIncome","FI_deving_intl",28.09
"536","FI_Development","2020-02-16 11-14-06","Aug 2016","FixedIncome","FI_deving_intl",28.01
"537","FI_Development","2020-02-16 11-14-06","Sep 2016","FixedIncome","FI_deving_intl",28.33
"538","FI_Development","2020-02-16 11-14-06","Oct 2016","FixedIncome","FI_deving_intl",27.950001
"539","FI_Development","2020-02-16 11-14-06","Nov 2016","FixedIncome","FI_deving_intl",26.09
"540","FI_Development","2020-02-16 11-14-06","Dec 2016","FixedIncome","FI_deving_intl",26.58
"541","FI_Development","2020-02-16 11-14-06","Jan 2017","FixedIncome","FI_deving_intl",27.27
"542","FI_Development","2020-02-16 11-14-06","Feb 2017","FixedIncome","FI_deving_intl",27.709999
"543","FI_Development","2020-02-16 11-14-06","Mar 2017","FixedIncome","FI_deving_intl",28.190001
"544","FI_Development","2020-02-16 11-14-06","Apr 2017","FixedIncome","FI_deving_intl",28.389999
"545","FI_Development","2020-02-16 11-14-06","May 2017","FixedIncome","FI_deving_intl",28.889999
"546","FI_Development","2020-02-16 11-14-06","Jun 2017","FixedIncome","FI_deving_intl",29.040001
"547","FI_Development","2020-02-16 11-14-06","Jul 2017","FixedIncome","FI_deving_intl",29.639999
"548","FI_Development","2020-02-16 11-14-06","Aug 2017","FixedIncome","FI_deving_intl",30.15
"549","FI_Development","2020-02-16 11-14-06","Sep 2017","FixedIncome","FI_deving_intl",29.879999
"550","FI_Development","2020-02-16 11-14-06","Oct 2017","FixedIncome","FI_deving_intl",29.1
"551","FI_Development","2020-02-16 11-14-06","Nov 2017","FixedIncome","FI_deving_intl",29.469999
"552","FI_Development","2020-02-16 11-14-06","Dec 2017","FixedIncome","FI_deving_intl",29.68
"553","FI_Development","2020-02-16 11-14-06","Jan 2018","FixedIncome","FI_deving_intl",30.58
"554","FI_Development","2020-02-16 11-14-06","Feb 2018","FixedIncome","FI_deving_intl",30.049999
"555","FI_Development","2020-02-16 11-14-06","Mar 2018","FixedIncome","FI_deving_intl",30.379999
"556","FI_Development","2020-02-16 11-14-06","Apr 2018","FixedIncome","FI_deving_intl",29.34
"557","FI_Development","2020-02-16 11-14-06","May 2018","FixedIncome","FI_deving_intl",27.799999
"558","FI_Development","2020-02-16 11-14-06","Jun 2018","FixedIncome","FI_deving_intl",26.959999
"559","FI_Development","2020-02-16 11-14-06","Jul 2018","FixedIncome","FI_deving_intl",27.42
"560","FI_Development","2020-02-16 11-14-06","Aug 2018","FixedIncome","FI_deving_intl",25.940001
"561","FI_Development","2020-02-16 11-14-06","Sep 2018","FixedIncome","FI_deving_intl",26.309999
"562","FI_Development","2020-02-16 11-14-06","Oct 2018","FixedIncome","FI_deving_intl",25.99
"563","FI_Development","2020-02-16 11-14-06","Nov 2018","FixedIncome","FI_deving_intl",26.51
"564","FI_Development","2020-02-16 11-14-06","Dec 2018","FixedIncome","FI_deving_intl",26.52
"565","FI_Development","2020-02-16 11-14-06","Jan 2019","FixedIncome","FI_deving_intl",27.77
"566","FI_Development","2020-02-16 11-14-06","Feb 2019","FixedIncome","FI_deving_intl",27.34
"567","FI_Development","2020-02-16 11-14-06","Mar 2019","FixedIncome","FI_deving_intl",26.91
"568","FI_Development","2020-02-16 11-14-06","Apr 2019","FixedIncome","FI_deving_intl",26.709999
"569","FI_Development","2020-02-16 11-14-06","Jun 2013","Equity","EQ_large_cap",160.419998
"570","FI_Development","2020-02-16 11-14-06","Jul 2013","Equity","EQ_large_cap",168.710007
"571","FI_Development","2020-02-16 11-14-06","Aug 2013","Equity","EQ_large_cap",163.649994
"572","FI_Development","2020-02-16 11-14-06","Sep 2013","Equity","EQ_large_cap",168.009995
"573","FI_Development","2020-02-16 11-14-06","Oct 2013","Equity","EQ_large_cap",175.789993
"574","FI_Development","2020-02-16 11-14-06","Nov 2013","Equity","EQ_large_cap",181
"575","FI_Development","2020-02-16 11-14-06","Dec 2013","Equity","EQ_large_cap",184.690002
"576","FI_Development","2020-02-16 11-14-06","Jan 2014","Equity","EQ_large_cap",178.179993
"577","FI_Development","2020-02-16 11-14-06","Feb 2014","Equity","EQ_large_cap",186.289993
"578","FI_Development","2020-02-16 11-14-06","Mar 2014","Equity","EQ_large_cap",187.009995
"579","FI_Development","2020-02-16 11-14-06","Apr 2014","Equity","EQ_large_cap",188.309998
"580","FI_Development","2020-02-16 11-14-06","May 2014","Equity","EQ_large_cap",192.679993
"581","FI_Development","2020-02-16 11-14-06","Jun 2014","Equity","EQ_large_cap",195.720001
"582","FI_Development","2020-02-16 11-14-06","Jul 2014","Equity","EQ_large_cap",193.089996
"583","FI_Development","2020-02-16 11-14-06","Aug 2014","Equity","EQ_large_cap",200.710007
"584","FI_Development","2020-02-16 11-14-06","Sep 2014","Equity","EQ_large_cap",197.020004
"585","FI_Development","2020-02-16 11-14-06","Oct 2014","Equity","EQ_large_cap",201.660004
"586","FI_Development","2020-02-16 11-14-06","Nov 2014","Equity","EQ_large_cap",207.199997
"587","FI_Development","2020-02-16 11-14-06","Dec 2014","Equity","EQ_large_cap",205.539993
"588","FI_Development","2020-02-16 11-14-06","Jan 2015","Equity","EQ_large_cap",199.449997
"589","FI_Development","2020-02-16 11-14-06","Feb 2015","Equity","EQ_large_cap",210.660004
"590","FI_Development","2020-02-16 11-14-06","Mar 2015","Equity","EQ_large_cap",206.429993
"591","FI_Development","2020-02-16 11-14-06","Apr 2015","Equity","EQ_large_cap",208.460007
"592","FI_Development","2020-02-16 11-14-06","May 2015","Equity","EQ_large_cap",211.139999
"593","FI_Development","2020-02-16 11-14-06","Jun 2015","Equity","EQ_large_cap",205.850006
"594","FI_Development","2020-02-16 11-14-06","Jul 2015","Equity","EQ_large_cap",210.5
"595","FI_Development","2020-02-16 11-14-06","Aug 2015","Equity","EQ_large_cap",197.669998
"596","FI_Development","2020-02-16 11-14-06","Sep 2015","Equity","EQ_large_cap",191.630005
"597","FI_Development","2020-02-16 11-14-06","Oct 2015","Equity","EQ_large_cap",207.929993
"598","FI_Development","2020-02-16 11-14-06","Nov 2015","Equity","EQ_large_cap",208.690002
"599","FI_Development","2020-02-16 11-14-06","Dec 2015","Equity","EQ_large_cap",203.869995
"600","FI_Development","2020-02-16 11-14-06","Jan 2016","Equity","EQ_large_cap",193.720001
"601","FI_Development","2020-02-16 11-14-06","Feb 2016","Equity","EQ_large_cap",193.559998
"602","FI_Development","2020-02-16 11-14-06","Mar 2016","Equity","EQ_large_cap",205.520004
"603","FI_Development","2020-02-16 11-14-06","Apr 2016","Equity","EQ_large_cap",206.330002
"604","FI_Development","2020-02-16 11-14-06","May 2016","Equity","EQ_large_cap",209.839996
"605","FI_Development","2020-02-16 11-14-06","Jun 2016","Equity","EQ_large_cap",209.479996
"606","FI_Development","2020-02-16 11-14-06","Jul 2016","Equity","EQ_large_cap",217.119995
"607","FI_Development","2020-02-16 11-14-06","Aug 2016","Equity","EQ_large_cap",217.380005
"608","FI_Development","2020-02-16 11-14-06","Sep 2016","Equity","EQ_large_cap",216.300003
"609","FI_Development","2020-02-16 11-14-06","Oct 2016","Equity","EQ_large_cap",212.550003
"610","FI_Development","2020-02-16 11-14-06","Nov 2016","Equity","EQ_large_cap",220.380005
"611","FI_Development","2020-02-16 11-14-06","Dec 2016","Equity","EQ_large_cap",223.529999
"612","FI_Development","2020-02-16 11-14-06","Jan 2017","Equity","EQ_large_cap",227.529999
"613","FI_Development","2020-02-16 11-14-06","Feb 2017","Equity","EQ_large_cap",236.470001
"614","FI_Development","2020-02-16 11-14-06","Mar 2017","Equity","EQ_large_cap",235.740005
"615","FI_Development","2020-02-16 11-14-06","Apr 2017","Equity","EQ_large_cap",238.080002
"616","FI_Development","2020-02-16 11-14-06","May 2017","Equity","EQ_large_cap",241.440002
"617","FI_Development","2020-02-16 11-14-06","Jun 2017","Equity","EQ_large_cap",241.800003
"618","FI_Development","2020-02-16 11-14-06","Jul 2017","Equity","EQ_large_cap",246.770004
"619","FI_Development","2020-02-16 11-14-06","Aug 2017","Equity","EQ_large_cap",247.490005
"620","FI_Development","2020-02-16 11-14-06","Sep 2017","Equity","EQ_large_cap",251.229996
"621","FI_Development","2020-02-16 11-14-06","Oct 2017","Equity","EQ_large_cap",257.149994
"622","FI_Development","2020-02-16 11-14-06","Nov 2017","Equity","EQ_large_cap",265.01001
"623","FI_Development","2020-02-16 11-14-06","Dec 2017","Equity","EQ_large_cap",266.859985
"624","FI_Development","2020-02-16 11-14-06","Jan 2018","Equity","EQ_large_cap",281.899994
"625","FI_Development","2020-02-16 11-14-06","Feb 2018","Equity","EQ_large_cap",271.649994
"626","FI_Development","2020-02-16 11-14-06","Mar 2018","Equity","EQ_large_cap",263.149994
"627","FI_Development","2020-02-16 11-14-06","Apr 2018","Equity","EQ_large_cap",264.51001
"628","FI_Development","2020-02-16 11-14-06","May 2018","Equity","EQ_large_cap",270.940002
"629","FI_Development","2020-02-16 11-14-06","Jun 2018","Equity","EQ_large_cap",271.279999
"630","FI_Development","2020-02-16 11-14-06","Jul 2018","Equity","EQ_large_cap",281.329987
"631","FI_Development","2020-02-16 11-14-06","Aug 2018","Equity","EQ_large_cap",290.309998
"632","FI_Development","2020-02-16 11-14-06","Sep 2018","Equity","EQ_large_cap",290.720001
"633","FI_Development","2020-02-16 11-14-06","Oct 2018","Equity","EQ_large_cap",270.630005
"634","FI_Development","2020-02-16 11-14-06","Nov 2018","Equity","EQ_large_cap",275.649994
"635","FI_Development","2020-02-16 11-14-06","Dec 2018","Equity","EQ_large_cap",249.919998
"636","FI_Development","2020-02-16 11-14-06","Jan 2019","Equity","EQ_large_cap",269.929993
"637","FI_Development","2020-02-16 11-14-06","Feb 2019","Equity","EQ_large_cap",278.679993
"638","FI_Development","2020-02-16 11-14-06","Mar 2019","Equity","EQ_large_cap",282.480011
"639","FI_Development","2020-02-16 11-14-06","Apr 2019","Equity","EQ_large_cap",294.019989
"640","FI_Development","2020-02-16 11-14-06","Jun 2013","Equity","EQ_mid_cap",210.100006
"641","FI_Development","2020-02-16 11-14-06","Jul 2013","Equity","EQ_mid_cap",224.110001
"642","FI_Development","2020-02-16 11-14-06","Aug 2013","Equity","EQ_mid_cap",215.449997
"643","FI_Development","2020-02-16 11-14-06","Sep 2013","Equity","EQ_mid_cap",226.330002
"644","FI_Development","2020-02-16 11-14-06","Oct 2013","Equity","EQ_mid_cap",234.520004
"645","FI_Development","2020-02-16 11-14-06","Nov 2013","Equity","EQ_mid_cap",237.429993
"646","FI_Development","2020-02-16 11-14-06","Dec 2013","Equity","EQ_mid_cap",244.199997
"647","FI_Development","2020-02-16 11-14-06","Jan 2014","Equity","EQ_mid_cap",238.779999
"648","FI_Development","2020-02-16 11-14-06","Feb 2014","Equity","EQ_mid_cap",250.389999
"649","FI_Development","2020-02-16 11-14-06","Mar 2014","Equity","EQ_mid_cap",250.570007
"650","FI_Development","2020-02-16 11-14-06","Apr 2014","Equity","EQ_mid_cap",246.839996
"651","FI_Development","2020-02-16 11-14-06","May 2014","Equity","EQ_mid_cap",250.880005
"652","FI_Development","2020-02-16 11-14-06","Jun 2014","Equity","EQ_mid_cap",260.559998
"653","FI_Development","2020-02-16 11-14-06","Jul 2014","Equity","EQ_mid_cap",249.130005
"654","FI_Development","2020-02-16 11-14-06","Aug 2014","Equity","EQ_mid_cap",261.73999
"655","FI_Development","2020-02-16 11-14-06","Sep 2014","Equity","EQ_mid_cap",249.320007
"656","FI_Development","2020-02-16 11-14-06","Oct 2014","Equity","EQ_mid_cap",258.119995
"657","FI_Development","2020-02-16 11-14-06","Nov 2014","Equity","EQ_mid_cap",262.859985
"658","FI_Development","2020-02-16 11-14-06","Dec 2014","Equity","EQ_mid_cap",263.970001
"659","FI_Development","2020-02-16 11-14-06","Jan 2015","Equity","EQ_mid_cap",261.070007
"660","FI_Development","2020-02-16 11-14-06","Feb 2015","Equity","EQ_mid_cap",274.200012
"661","FI_Development","2020-02-16 11-14-06","Mar 2015","Equity","EQ_mid_cap",277.23999
"662","FI_Development","2020-02-16 11-14-06","Apr 2015","Equity","EQ_mid_cap",273.149994
"663","FI_Development","2020-02-16 11-14-06","May 2015","Equity","EQ_mid_cap",277.690002
"664","FI_Development","2020-02-16 11-14-06","Jun 2015","Equity","EQ_mid_cap",273.200012
"665","FI_Development","2020-02-16 11-14-06","Jul 2015","Equity","EQ_mid_cap",273.48999
"666","FI_Development","2020-02-16 11-14-06","Aug 2015","Equity","EQ_mid_cap",258
"667","FI_Development","2020-02-16 11-14-06","Sep 2015","Equity","EQ_mid_cap",248.889999
"668","FI_Development","2020-02-16 11-14-06","Oct 2015","Equity","EQ_mid_cap",262.709991
"669","FI_Development","2020-02-16 11-14-06","Nov 2015","Equity","EQ_mid_cap",266.220001
"670","FI_Development","2020-02-16 11-14-06","Dec 2015","Equity","EQ_mid_cap",254.039993
"671","FI_Development","2020-02-16 11-14-06","Jan 2016","Equity","EQ_mid_cap",239.970001
"672","FI_Development","2020-02-16 11-14-06","Feb 2016","Equity","EQ_mid_cap",242.940002
"673","FI_Development","2020-02-16 11-14-06","Mar 2016","Equity","EQ_mid_cap",262.720001
"674","FI_Development","2020-02-16 11-14-06","Apr 2016","Equity","EQ_mid_cap",265.850006
"675","FI_Development","2020-02-16 11-14-06","May 2016","Equity","EQ_mid_cap",271.820007
"676","FI_Development","2020-02-16 11-14-06","Jun 2016","Equity","EQ_mid_cap",272.230011
"677","FI_Development","2020-02-16 11-14-06","Jul 2016","Equity","EQ_mid_cap",283.779999
"678","FI_Development","2020-02-16 11-14-06","Aug 2016","Equity","EQ_mid_cap",285.079987
"679","FI_Development","2020-02-16 11-14-06","Sep 2016","Equity","EQ_mid_cap",282.269989
"680","FI_Development","2020-02-16 11-14-06","Oct 2016","Equity","EQ_mid_cap",274.769989
"681","FI_Development","2020-02-16 11-14-06","Nov 2016","Equity","EQ_mid_cap",296.429993
"682","FI_Development","2020-02-16 11-14-06","Dec 2016","Equity","EQ_mid_cap",301.730011
"683","FI_Development","2020-02-16 11-14-06","Jan 2017","Equity","EQ_mid_cap",306.700012
"684","FI_Development","2020-02-16 11-14-06","Feb 2017","Equity","EQ_mid_cap",314.660004
"685","FI_Development","2020-02-16 11-14-06","Mar 2017","Equity","EQ_mid_cap",312.420013
"686","FI_Development","2020-02-16 11-14-06","Apr 2017","Equity","EQ_mid_cap",314.850006
"687","FI_Development","2020-02-16 11-14-06","May 2017","Equity","EQ_mid_cap",313.369995
"688","FI_Development","2020-02-16 11-14-06","Jun 2017","Equity","EQ_mid_cap",317.619995
"689","FI_Development","2020-02-16 11-14-06","Jul 2017","Equity","EQ_mid_cap",320.5
"690","FI_Development","2020-02-16 11-14-06","Aug 2017","Equity","EQ_mid_cap",315.579987
"691","FI_Development","2020-02-16 11-14-06","Sep 2017","Equity","EQ_mid_cap",326.329987
"692","FI_Development","2020-02-16 11-14-06","Oct 2017","Equity","EQ_mid_cap",333.619995
"693","FI_Development","2020-02-16 11-14-06","Nov 2017","Equity","EQ_mid_cap",345.910004
"694","FI_Development","2020-02-16 11-14-06","Dec 2017","Equity","EQ_mid_cap",345.410004
"695","FI_Development","2020-02-16 11-14-06","Jan 2018","Equity","EQ_mid_cap",355
"696","FI_Development","2020-02-16 11-14-06","Feb 2018","Equity","EQ_mid_cap",339.26001
"697","FI_Development","2020-02-16 11-14-06","Mar 2018","Equity","EQ_mid_cap",341.730011
"698","FI_Development","2020-02-16 11-14-06","Apr 2018","Equity","EQ_mid_cap",340.51001
"699","FI_Development","2020-02-16 11-14-06","May 2018","Equity","EQ_mid_cap",354.540009
"700","FI_Development","2020-02-16 11-14-06","Jun 2018","Equity","EQ_mid_cap",355.019989
"701","FI_Development","2020-02-16 11-14-06","Jul 2018","Equity","EQ_mid_cap",361.070007
"702","FI_Development","2020-02-16 11-14-06","Aug 2018","Equity","EQ_mid_cap",372.48999
"703","FI_Development","2020-02-16 11-14-06","Sep 2018","Equity","EQ_mid_cap",367.459991
"704","FI_Development","2020-02-16 11-14-06","Oct 2018","Equity","EQ_mid_cap",332.149994
"705","FI_Development","2020-02-16 11-14-06","Nov 2018","Equity","EQ_mid_cap",342.73999
"706","FI_Development","2020-02-16 11-14-06","Dec 2018","Equity","EQ_mid_cap",302.670013
"707","FI_Development","2020-02-16 11-14-06","Jan 2019","Equity","EQ_mid_cap",333.790009
"708","FI_Development","2020-02-16 11-14-06","Feb 2019","Equity","EQ_mid_cap",348.220001
"709","FI_Development","2020-02-16 11-14-06","Mar 2019","Equity","EQ_mid_cap",345.399994
"710","FI_Development","2020-02-16 11-14-06","Apr 2019","Equity","EQ_mid_cap",359.100006
"711","FI_Development","2020-02-16 11-14-06","Jun 2013","Equity","EQ_small_cap",43.41
"712","FI_Development","2020-02-16 11-14-06","Jul 2013","Equity","EQ_small_cap",46.41
"713","FI_Development","2020-02-16 11-14-06","Aug 2013","Equity","EQ_small_cap",45.235001
"714","FI_Development","2020-02-16 11-14-06","Sep 2013","Equity","EQ_small_cap",47.919998
"715","FI_Development","2020-02-16 11-14-06","Oct 2013","Equity","EQ_small_cap",49.895
"716","FI_Development","2020-02-16 11-14-06","Nov 2013","Equity","EQ_small_cap",51.955002
"717","FI_Development","2020-02-16 11-14-06","Dec 2013","Equity","EQ_small_cap",51.345001
"718","FI_Development","2020-02-16 11-14-06","Jan 2014","Equity","EQ_small_cap",49.494999
"719","FI_Development","2020-02-16 11-14-06","Feb 2014","Equity","EQ_small_cap",51.369999
"720","FI_Development","2020-02-16 11-14-06","Mar 2014","Equity","EQ_small_cap",51.919998
"721","FI_Development","2020-02-16 11-14-06","Apr 2014","Equity","EQ_small_cap",50.389999
"722","FI_Development","2020-02-16 11-14-06","May 2014","Equity","EQ_small_cap",50.380001
"723","FI_Development","2020-02-16 11-14-06","Jun 2014","Equity","EQ_small_cap",52.57
"724","FI_Development","2020-02-16 11-14-06","Jul 2014","Equity","EQ_small_cap",49.759998
"725","FI_Development","2020-02-16 11-14-06","Aug 2014","Equity","EQ_small_cap",51.895
"726","FI_Development","2020-02-16 11-14-06","Sep 2014","Equity","EQ_small_cap",49.130001
"727","FI_Development","2020-02-16 11-14-06","Oct 2014","Equity","EQ_small_cap",52.490002
"728","FI_Development","2020-02-16 11-14-06","Nov 2014","Equity","EQ_small_cap",52.830002
"729","FI_Development","2020-02-16 11-14-06","Dec 2014","Equity","EQ_small_cap",52.259998
"730","FI_Development","2020-02-16 11-14-06","Jan 2015","Equity","EQ_small_cap",50.5
"731","FI_Development","2020-02-16 11-14-06","Feb 2015","Equity","EQ_small_cap",53.764999
"732","FI_Development","2020-02-16 11-14-06","Mar 2015","Equity","EQ_small_cap",54.349998
"733","FI_Development","2020-02-16 11-14-06","Apr 2015","Equity","EQ_small_cap",52.959999
"734","FI_Development","2020-02-16 11-14-06","May 2015","Equity","EQ_small_cap",53.880001
"735","FI_Development","2020-02-16 11-14-06","Jun 2015","Equity","EQ_small_cap",54.200001
"736","FI_Development","2020-02-16 11-14-06","Jul 2015","Equity","EQ_small_cap",53.73
"737","FI_Development","2020-02-16 11-14-06","Aug 2015","Equity","EQ_small_cap",50.974998
"738","FI_Development","2020-02-16 11-14-06","Sep 2015","Equity","EQ_small_cap",48.77
"739","FI_Development","2020-02-16 11-14-06","Oct 2015","Equity","EQ_small_cap",51.945
"740","FI_Development","2020-02-16 11-14-06","Nov 2015","Equity","EQ_small_cap",53.445
"741","FI_Development","2020-02-16 11-14-06","Dec 2015","Equity","EQ_small_cap",49.5
"742","FI_Development","2020-02-16 11-14-06","Jan 2016","Equity","EQ_small_cap",46.470001
"743","FI_Development","2020-02-16 11-14-06","Feb 2016","Equity","EQ_small_cap",46.845001
"744","FI_Development","2020-02-16 11-14-06","Mar 2016","Equity","EQ_small_cap",50.615002
"745","FI_Development","2020-02-16 11-14-06","Apr 2016","Equity","EQ_small_cap",51.145
"746","FI_Development","2020-02-16 11-14-06","May 2016","Equity","EQ_small_cap",52.095001
"747","FI_Development","2020-02-16 11-14-06","Jun 2016","Equity","EQ_small_cap",52.224998
"748","FI_Development","2020-02-16 11-14-06","Jul 2016","Equity","EQ_small_cap",54.810001
"749","FI_Development","2020-02-16 11-14-06","Aug 2016","Equity","EQ_small_cap",55.580002
"750","FI_Development","2020-02-16 11-14-06","Sep 2016","Equity","EQ_small_cap",55.77
"751","FI_Development","2020-02-16 11-14-06","Oct 2016","Equity","EQ_small_cap",53.299999
"752","FI_Development","2020-02-16 11-14-06","Nov 2016","Equity","EQ_small_cap",60.009998
"753","FI_Development","2020-02-16 11-14-06","Dec 2016","Equity","EQ_small_cap",60.415001
"754","FI_Development","2020-02-16 11-14-06","Jan 2017","Equity","EQ_small_cap",60.040001
"755","FI_Development","2020-02-16 11-14-06","Feb 2017","Equity","EQ_small_cap",61.07
"756","FI_Development","2020-02-16 11-14-06","Mar 2017","Equity","EQ_small_cap",60.650002
"757","FI_Development","2020-02-16 11-14-06","Apr 2017","Equity","EQ_small_cap",61.18
"758","FI_Development","2020-02-16 11-14-06","May 2017","Equity","EQ_small_cap",60.119999
"759","FI_Development","2020-02-16 11-14-06","Jun 2017","Equity","EQ_small_cap",61.575001
"760","FI_Development","2020-02-16 11-14-06","Jul 2017","Equity","EQ_small_cap",62.240002
"761","FI_Development","2020-02-16 11-14-06","Aug 2017","Equity","EQ_small_cap",60.674999
"762","FI_Development","2020-02-16 11-14-06","Sep 2017","Equity","EQ_small_cap",65.040001
"763","FI_Development","2020-02-16 11-14-06","Oct 2017","Equity","EQ_small_cap",65.709999
"764","FI_Development","2020-02-16 11-14-06","Nov 2017","Equity","EQ_small_cap",68.129997
"765","FI_Development","2020-02-16 11-14-06","Dec 2017","Equity","EQ_small_cap",66.5
"766","FI_Development","2020-02-16 11-14-06","Jan 2018","Equity","EQ_small_cap",68.169998
"767","FI_Development","2020-02-16 11-14-06","Feb 2018","Equity","EQ_small_cap",65.599998
"768","FI_Development","2020-02-16 11-14-06","Mar 2018","Equity","EQ_small_cap",66.495003
"769","FI_Development","2020-02-16 11-14-06","Apr 2018","Equity","EQ_small_cap",67.32
"770","FI_Development","2020-02-16 11-14-06","May 2018","Equity","EQ_small_cap",71.815002
"771","FI_Development","2020-02-16 11-14-06","Jun 2018","Equity","EQ_small_cap",72.300003
"772","FI_Development","2020-02-16 11-14-06","Jul 2018","Equity","EQ_small_cap",74.57
"773","FI_Development","2020-02-16 11-14-06","Aug 2018","Equity","EQ_small_cap",78.120003
"774","FI_Development","2020-02-16 11-14-06","Sep 2018","Equity","EQ_small_cap",75.470001
"775","FI_Development","2020-02-16 11-14-06","Oct 2018","Equity","EQ_small_cap",67.540001
"776","FI_Development","2020-02-16 11-14-06","Nov 2018","Equity","EQ_small_cap",68.589996
"777","FI_Development","2020-02-16 11-14-06","Dec 2018","Equity","EQ_small_cap",59.970001
"778","FI_Development","2020-02-16 11-14-06","Jan 2019","Equity","EQ_small_cap",66.300003
"779","FI_Development","2020-02-16 11-14-06","Feb 2019","Equity","EQ_small_cap",69.190002
"780","FI_Development","2020-02-16 11-14-06","Mar 2019","Equity","EQ_small_cap",66.669998
"781","FI_Development","2020-02-16 11-14-06","Apr 2019","Equity","EQ_small_cap",69.209999
"782","FI_Development","2020-02-16 11-14-06","Jun 2013","Equity","EQ_deved_intl",25.129999
"783","FI_Development","2020-02-16 11-14-06","Jul 2013","Equity","EQ_deved_intl",26.459999
"784","FI_Development","2020-02-16 11-14-06","Aug 2013","Equity","EQ_deved_intl",26.16
"785","FI_Development","2020-02-16 11-14-06","Sep 2013","Equity","EQ_deved_intl",28.01
"786","FI_Development","2020-02-16 11-14-06","Oct 2013","Equity","EQ_deved_intl",28.91
"787","FI_Development","2020-02-16 11-14-06","Nov 2013","Equity","EQ_deved_intl",29.049999
"788","FI_Development","2020-02-16 11-14-06","Dec 2013","Equity","EQ_deved_intl",29.34
"789","FI_Development","2020-02-16 11-14-06","Jan 2014","Equity","EQ_deved_intl",27.82
"790","FI_Development","2020-02-16 11-14-06","Feb 2014","Equity","EQ_deved_intl",29.49
"791","FI_Development","2020-02-16 11-14-06","Mar 2014","Equity","EQ_deved_intl",29.389999
"792","FI_Development","2020-02-16 11-14-06","Apr 2014","Equity","EQ_deved_intl",29.82
"793","FI_Development","2020-02-16 11-14-06","May 2014","Equity","EQ_deved_intl",30.360001
"794","FI_Development","2020-02-16 11-14-06","Jun 2014","Equity","EQ_deved_intl",30.26
"795","FI_Development","2020-02-16 11-14-06","Jul 2014","Equity","EQ_deved_intl",29.6
"796","FI_Development","2020-02-16 11-14-06","Aug 2014","Equity","EQ_deved_intl",29.68
"797","FI_Development","2020-02-16 11-14-06","Sep 2014","Equity","EQ_deved_intl",28.370001
"798","FI_Development","2020-02-16 11-14-06","Oct 2014","Equity","EQ_deved_intl",28.23
"799","FI_Development","2020-02-16 11-14-06","Nov 2014","Equity","EQ_deved_intl",28.17
"800","FI_Development","2020-02-16 11-14-06","Dec 2014","Equity","EQ_deved_intl",26.9
"801","FI_Development","2020-02-16 11-14-06","Jan 2015","Equity","EQ_deved_intl",26.91
"802","FI_Development","2020-02-16 11-14-06","Feb 2015","Equity","EQ_deved_intl",28.57
"803","FI_Development","2020-02-16 11-14-06","Mar 2015","Equity","EQ_deved_intl",28.23
"804","FI_Development","2020-02-16 11-14-06","Apr 2015","Equity","EQ_deved_intl",29.4
"805","FI_Development","2020-02-16 11-14-06","May 2015","Equity","EQ_deved_intl",29.34
"806","FI_Development","2020-02-16 11-14-06","Jun 2015","Equity","EQ_deved_intl",28.120001
"807","FI_Development","2020-02-16 11-14-06","Jul 2015","Equity","EQ_deved_intl",28.379999
"808","FI_Development","2020-02-16 11-14-06","Aug 2015","Equity","EQ_deved_intl",26.41
"809","FI_Development","2020-02-16 11-14-06","Sep 2015","Equity","EQ_deved_intl",25.33
"810","FI_Development","2020-02-16 11-14-06","Oct 2015","Equity","EQ_deved_intl",26.99
"811","FI_Development","2020-02-16 11-14-06","Nov 2015","Equity","EQ_deved_intl",26.719999
"812","FI_Development","2020-02-16 11-14-06","Dec 2015","Equity","EQ_deved_intl",25.75
"813","FI_Development","2020-02-16 11-14-06","Jan 2016","Equity","EQ_deved_intl",24.200001
"814","FI_Development","2020-02-16 11-14-06","Feb 2016","Equity","EQ_deved_intl",23.610001
"815","FI_Development","2020-02-16 11-14-06","Mar 2016","Equity","EQ_deved_intl",25.309999
"816","FI_Development","2020-02-16 11-14-06","Apr 2016","Equity","EQ_deved_intl",25.940001
"817","FI_Development","2020-02-16 11-14-06","May 2016","Equity","EQ_deved_intl",25.85
"818","FI_Development","2020-02-16 11-14-06","Jun 2016","Equity","EQ_deved_intl",24.93
"819","FI_Development","2020-02-16 11-14-06","Jul 2016","Equity","EQ_deved_intl",25.950001
"820","FI_Development","2020-02-16 11-14-06","Aug 2016","Equity","EQ_deved_intl",26.07
"821","FI_Development","2020-02-16 11-14-06","Sep 2016","Equity","EQ_deved_intl",26.469999
"822","FI_Development","2020-02-16 11-14-06","Oct 2016","Equity","EQ_deved_intl",25.870001
"823","FI_Development","2020-02-16 11-14-06","Nov 2016","Equity","EQ_deved_intl",25.52
"824","FI_Development","2020-02-16 11-14-06","Dec 2016","Equity","EQ_deved_intl",25.700001
"825","FI_Development","2020-02-16 11-14-06","Jan 2017","Equity","EQ_deved_intl",26.620001
"826","FI_Development","2020-02-16 11-14-06","Feb 2017","Equity","EQ_deved_intl",26.940001
"827","FI_Development","2020-02-16 11-14-06","Mar 2017","Equity","EQ_deved_intl",27.73
"828","FI_Development","2020-02-16 11-14-06","Apr 2017","Equity","EQ_deved_intl",28.299999
"829","FI_Development","2020-02-16 11-14-06","May 2017","Equity","EQ_deved_intl",29.32
"830","FI_Development","2020-02-16 11-14-06","Jun 2017","Equity","EQ_deved_intl",29.129999
"831","FI_Development","2020-02-16 11-14-06","Jul 2017","Equity","EQ_deved_intl",29.940001
"832","FI_Development","2020-02-16 11-14-06","Aug 2017","Equity","EQ_deved_intl",29.870001
"833","FI_Development","2020-02-16 11-14-06","Sep 2017","Equity","EQ_deved_intl",30.67
"834","FI_Development","2020-02-16 11-14-06","Oct 2017","Equity","EQ_deved_intl",31.18
"835","FI_Development","2020-02-16 11-14-06","Nov 2017","Equity","EQ_deved_intl",31.440001
"836","FI_Development","2020-02-16 11-14-06","Dec 2017","Equity","EQ_deved_intl",31.700001
"837","FI_Development","2020-02-16 11-14-06","Jan 2018","Equity","EQ_deved_intl",33.220001
"838","FI_Development","2020-02-16 11-14-06","Feb 2018","Equity","EQ_deved_intl",31.559999
"839","FI_Development","2020-02-16 11-14-06","Mar 2018","Equity","EQ_deved_intl",31.43
"840","FI_Development","2020-02-16 11-14-06","Apr 2018","Equity","EQ_deved_intl",31.870001
"841","FI_Development","2020-02-16 11-14-06","May 2018","Equity","EQ_deved_intl",31.35
"842","FI_Development","2020-02-16 11-14-06","Jun 2018","Equity","EQ_deved_intl",30.4
"843","FI_Development","2020-02-16 11-14-06","Jul 2018","Equity","EQ_deved_intl",31.049999
"844","FI_Development","2020-02-16 11-14-06","Aug 2018","Equity","EQ_deved_intl",30.530001
"845","FI_Development","2020-02-16 11-14-06","Sep 2018","Equity","EQ_deved_intl",30.77
"846","FI_Development","2020-02-16 11-14-06","Oct 2018","Equity","EQ_deved_intl",28.059999
"847","FI_Development","2020-02-16 11-14-06","Nov 2018","Equity","EQ_deved_intl",28.309999
"848","FI_Development","2020-02-16 11-14-06","Dec 2018","Equity","EQ_deved_intl",26.450001
"849","FI_Development","2020-02-16 11-14-06","Jan 2019","Equity","EQ_deved_intl",28.459999
"850","FI_Development","2020-02-16 11-14-06","Feb 2019","Equity","EQ_deved_intl",29.09
"851","FI_Development","2020-02-16 11-14-06","Mar 2019","Equity","EQ_deved_intl",29.209999
"852","FI_Development","2020-02-16 11-14-06","Apr 2019","Equity","EQ_deved_intl",30
"853","FI_Development","2020-02-16 11-14-06","Jun 2013","Equity","EQ_deving_intl",29.805
"854","FI_Development","2020-02-16 11-14-06","Jul 2013","Equity","EQ_deving_intl",30.504999
"855","FI_Development","2020-02-16 11-14-06","Aug 2013","Equity","EQ_deving_intl",29.41
"856","FI_Development","2020-02-16 11-14-06","Sep 2013","Equity","EQ_deving_intl",31.565001
"857","FI_Development","2020-02-16 11-14-06","Oct 2013","Equity","EQ_deving_intl",32.959999
"858","FI_Development","2020-02-16 11-14-06","Nov 2013","Equity","EQ_deving_intl",32.525002
"859","FI_Development","2020-02-16 11-14-06","Dec 2013","Equity","EQ_deving_intl",32.330002
"860","FI_Development","2020-02-16 11-14-06","Jan 2014","Equity","EQ_deving_intl",29.74
"861","FI_Development","2020-02-16 11-14-06","Feb 2014","Equity","EQ_deving_intl",30.565001
"862","FI_Development","2020-02-16 11-14-06","Mar 2014","Equity","EQ_deving_intl",31.684999
"863","FI_Development","2020-02-16 11-14-06","Apr 2014","Equity","EQ_deving_intl",31.91
"864","FI_Development","2020-02-16 11-14-06","May 2014","Equity","EQ_deving_intl",32.945
"865","FI_Development","2020-02-16 11-14-06","Jun 2014","Equity","EQ_deving_intl",33.82
"866","FI_Development","2020-02-16 11-14-06","Jul 2014","Equity","EQ_deving_intl",34.32
"867","FI_Development","2020-02-16 11-14-06","Aug 2014","Equity","EQ_deving_intl",35.57
"868","FI_Development","2020-02-16 11-14-06","Sep 2014","Equity","EQ_deving_intl",33.244999
"869","FI_Development","2020-02-16 11-14-06","Oct 2014","Equity","EQ_deving_intl",33.865002
"870","FI_Development","2020-02-16 11-14-06","Nov 2014","Equity","EQ_deving_intl",33.334999
"871","FI_Development","2020-02-16 11-14-06","Dec 2014","Equity","EQ_deving_intl",31.42
"872","FI_Development","2020-02-16 11-14-06","Jan 2015","Equity","EQ_deving_intl",31.535
"873","FI_Development","2020-02-16 11-14-06","Feb 2015","Equity","EQ_deving_intl",32.880001
"874","FI_Development","2020-02-16 11-14-06","Mar 2015","Equity","EQ_deving_intl",32.110001
"875","FI_Development","2020-02-16 11-14-06","Apr 2015","Equity","EQ_deving_intl",34.404999
"876","FI_Development","2020-02-16 11-14-06","May 2015","Equity","EQ_deving_intl",33.395
"877","FI_Development","2020-02-16 11-14-06","Jun 2015","Equity","EQ_deving_intl",32.220001
"878","FI_Development","2020-02-16 11-14-06","Jul 2015","Equity","EQ_deving_intl",30.1
"879","FI_Development","2020-02-16 11-14-06","Aug 2015","Equity","EQ_deving_intl",27.15
"880","FI_Development","2020-02-16 11-14-06","Sep 2015","Equity","EQ_deving_intl",26.209999
"881","FI_Development","2020-02-16 11-14-06","Oct 2015","Equity","EQ_deving_intl",27.99
"882","FI_Development","2020-02-16 11-14-06","Nov 2015","Equity","EQ_deving_intl",27.27
"883","FI_Development","2020-02-16 11-14-06","Dec 2015","Equity","EQ_deving_intl",26.040001
"884","FI_Development","2020-02-16 11-14-06","Jan 2016","Equity","EQ_deving_intl",24.465
"885","FI_Development","2020-02-16 11-14-06","Feb 2016","Equity","EQ_deving_intl",24.455
"886","FI_Development","2020-02-16 11-14-06","Mar 2016","Equity","EQ_deving_intl",27.360001
"887","FI_Development","2020-02-16 11-14-06","Apr 2016","Equity","EQ_deving_intl",27.74
"888","FI_Development","2020-02-16 11-14-06","May 2016","Equity","EQ_deving_intl",26.875
"889","FI_Development","2020-02-16 11-14-06","Jun 2016","Equity","EQ_deving_intl",27.780001
"890","FI_Development","2020-02-16 11-14-06","Jul 2016","Equity","EQ_deving_intl",29.125
"891","FI_Development","2020-02-16 11-14-06","Aug 2016","Equity","EQ_deving_intl",29.674999
"892","FI_Development","2020-02-16 11-14-06","Sep 2016","Equity","EQ_deving_intl",30.290001
"893","FI_Development","2020-02-16 11-14-06","Oct 2016","Equity","EQ_deving_intl",30.434999
"894","FI_Development","2020-02-16 11-14-06","Nov 2016","Equity","EQ_deving_intl",28.995001
"895","FI_Development","2020-02-16 11-14-06","Dec 2016","Equity","EQ_deving_intl",28.639999
"896","FI_Development","2020-02-16 11-14-06","Jan 2017","Equity","EQ_deving_intl",30.334999
"897","FI_Development","2020-02-16 11-14-06","Feb 2017","Equity","EQ_deving_intl",31.285
"898","FI_Development","2020-02-16 11-14-06","Mar 2017","Equity","EQ_deving_intl",32.080002
"899","FI_Development","2020-02-16 11-14-06","Apr 2017","Equity","EQ_deving_intl",32.59
"900","FI_Development","2020-02-16 11-14-06","May 2017","Equity","EQ_deving_intl",33.139999
"901","FI_Development","2020-02-16 11-14-06","Jun 2017","Equity","EQ_deving_intl",33.305
"902","FI_Development","2020-02-16 11-14-06","Jul 2017","Equity","EQ_deving_intl",35.18
"903","FI_Development","2020-02-16 11-14-06","Aug 2017","Equity","EQ_deving_intl",36.424999
"904","FI_Development","2020-02-16 11-14-06","Sep 2017","Equity","EQ_deving_intl",36.235001
"905","FI_Development","2020-02-16 11-14-06","Oct 2017","Equity","EQ_deving_intl",37.119999
"906","FI_Development","2020-02-16 11-14-06","Nov 2017","Equity","EQ_deving_intl",37.200001
"907","FI_Development","2020-02-16 11-14-06","Dec 2017","Equity","EQ_deving_intl",38.150002
"908","FI_Development","2020-02-16 11-14-06","Jan 2018","Equity","EQ_deving_intl",41.560001
"909","FI_Development","2020-02-16 11-14-06","Feb 2018","Equity","EQ_deving_intl",39.599998
"910","FI_Development","2020-02-16 11-14-06","Mar 2018","Equity","EQ_deving_intl",39.299999
"911","FI_Development","2020-02-16 11-14-06","Apr 2018","Equity","EQ_deving_intl",38.080002
"912","FI_Development","2020-02-16 11-14-06","May 2018","Equity","EQ_deving_intl",37.09
"913","FI_Development","2020-02-16 11-14-06","Jun 2018","Equity","EQ_deving_intl",35.34
"914","FI_Development","2020-02-16 11-14-06","Jul 2018","Equity","EQ_deving_intl",36.630001
"915","FI_Development","2020-02-16 11-14-06","Aug 2018","Equity","EQ_deving_intl",35.220001
"916","FI_Development","2020-02-16 11-14-06","Sep 2018","Equity","EQ_deving_intl",34.830002
"917","FI_Development","2020-02-16 11-14-06","Oct 2018","Equity","EQ_deving_intl",32.25
"918","FI_Development","2020-02-16 11-14-06","Nov 2018","Equity","EQ_deving_intl",33.880001
"919","FI_Development","2020-02-16 11-14-06","Dec 2018","Equity","EQ_deving_intl",32.360001
"920","FI_Development","2020-02-16 11-14-06","Jan 2019","Equity","EQ_deving_intl",35.450001
"921","FI_Development","2020-02-16 11-14-06","Feb 2019","Equity","EQ_deving_intl",35.119999
"922","FI_Development","2020-02-16 11-14-06","Mar 2019","Equity","EQ_deving_intl",35.759998
"923","FI_Development","2020-02-16 11-14-06","Apr 2019","Equity","EQ_deving_intl",36.459999
"924","FI_Development","2020-02-16 11-14-06","Jun 2013","Commodity","CO_oil1",25.92
"925","FI_Development","2020-02-16 11-14-06","Jul 2013","Commodity","CO_oil1",27.280001
"926","FI_Development","2020-02-16 11-14-06","Aug 2013","Commodity","CO_oil1",27.52
"927","FI_Development","2020-02-16 11-14-06","Sep 2013","Commodity","CO_oil1",27.440001
"928","FI_Development","2020-02-16 11-14-06","Oct 2013","Commodity","CO_oil1",27.049999
"929","FI_Development","2020-02-16 11-14-06","Nov 2013","Commodity","CO_oil1",26.73
"930","FI_Development","2020-02-16 11-14-06","Dec 2013","Commodity","CO_oil1",27.700001
"931","FI_Development","2020-02-16 11-14-06","Jan 2014","Commodity","CO_oil1",26.879999
"932","FI_Development","2020-02-16 11-14-06","Feb 2014","Commodity","CO_oil1",28.65
"933","FI_Development","2020-02-16 11-14-06","Mar 2014","Commodity","CO_oil1",28.620001
"934","FI_Development","2020-02-16 11-14-06","Apr 2014","Commodity","CO_oil1",28.459999
"935","FI_Development","2020-02-16 11-14-06","May 2014","Commodity","CO_oil1",29.469999
"936","FI_Development","2020-02-16 11-14-06","Jun 2014","Commodity","CO_oil1",30.76
"937","FI_Development","2020-02-16 11-14-06","Jul 2014","Commodity","CO_oil1",28.9
"938","FI_Development","2020-02-16 11-14-06","Aug 2014","Commodity","CO_oil1",28.4
"939","FI_Development","2020-02-16 11-14-06","Sep 2014","Commodity","CO_oil1",27.129999
"940","FI_Development","2020-02-16 11-14-06","Oct 2014","Commodity","CO_oil1",24.18
"941","FI_Development","2020-02-16 11-14-06","Nov 2014","Commodity","CO_oil1",20.030001
"942","FI_Development","2020-02-16 11-14-06","Dec 2014","Commodity","CO_oil1",15.7
"943","FI_Development","2020-02-16 11-14-06","Jan 2015","Commodity","CO_oil1",13.62
"944","FI_Development","2020-02-16 11-14-06","Feb 2015","Commodity","CO_oil1",14.63
"945","FI_Development","2020-02-16 11-14-06","Mar 2015","Commodity","CO_oil1",13.49
"946","FI_Development","2020-02-16 11-14-06","Apr 2015","Commodity","CO_oil1",15.18
"947","FI_Development","2020-02-16 11-14-06","May 2015","Commodity","CO_oil1",14.74
"948","FI_Development","2020-02-16 11-14-06","Jun 2015","Commodity","CO_oil1",14.6
"949","FI_Development","2020-02-16 11-14-06","Jul 2015","Commodity","CO_oil1",12.08
"950","FI_Development","2020-02-16 11-14-06","Aug 2015","Commodity","CO_oil1",12.43
"951","FI_Development","2020-02-16 11-14-06","Sep 2015","Commodity","CO_oil1",11.35
"952","FI_Development","2020-02-16 11-14-06","Oct 2015","Commodity","CO_oil1",11.59
"953","FI_Development","2020-02-16 11-14-06","Nov 2015","Commodity","CO_oil1",10.46
"954","FI_Development","2020-02-16 11-14-06","Dec 2015","Commodity","CO_oil1",9.05
"955","FI_Development","2020-02-16 11-14-06","Jan 2016","Commodity","CO_oil1",8
"956","FI_Development","2020-02-16 11-14-06","Feb 2016","Commodity","CO_oil1",7.38
"957","FI_Development","2020-02-16 11-14-06","Mar 2016","Commodity","CO_oil1",7.77
"958","FI_Development","2020-02-16 11-14-06","Apr 2016","Commodity","CO_oil1",8.6
"959","FI_Development","2020-02-16 11-14-06","May 2016","Commodity","CO_oil1",9.06
"960","FI_Development","2020-02-16 11-14-06","Jun 2016","Commodity","CO_oil1",9.16
"961","FI_Development","2020-02-16 11-14-06","Jul 2016","Commodity","CO_oil1",8.06
"962","FI_Development","2020-02-16 11-14-06","Aug 2016","Commodity","CO_oil1",8.43
"963","FI_Development","2020-02-16 11-14-06","Sep 2016","Commodity","CO_oil1",8.87
"964","FI_Development","2020-02-16 11-14-06","Oct 2016","Commodity","CO_oil1",8.57
"965","FI_Development","2020-02-16 11-14-06","Nov 2016","Commodity","CO_oil1",9
"966","FI_Development","2020-02-16 11-14-06","Dec 2016","Commodity","CO_oil1",9.68
"967","FI_Development","2020-02-16 11-14-06","Jan 2017","Commodity","CO_oil1",9.35
"968","FI_Development","2020-02-16 11-14-06","Feb 2017","Commodity","CO_oil1",9.31
"969","FI_Development","2020-02-16 11-14-06","Mar 2017","Commodity","CO_oil1",8.79
"970","FI_Development","2020-02-16 11-14-06","Apr 2017","Commodity","CO_oil1",8.54
"971","FI_Development","2020-02-16 11-14-06","May 2017","Commodity","CO_oil1",8.29
"972","FI_Development","2020-02-16 11-14-06","Jun 2017","Commodity","CO_oil1",8.07
"973","FI_Development","2020-02-16 11-14-06","Jul 2017","Commodity","CO_oil1",8.54
"974","FI_Development","2020-02-16 11-14-06","Aug 2017","Commodity","CO_oil1",8.33
"975","FI_Development","2020-02-16 11-14-06","Sep 2017","Commodity","CO_oil1",8.79
"976","FI_Development","2020-02-16 11-14-06","Oct 2017","Commodity","CO_oil1",9.24
"977","FI_Development","2020-02-16 11-14-06","Nov 2017","Commodity","CO_oil1",9.68
"978","FI_Development","2020-02-16 11-14-06","Dec 2017","Commodity","CO_oil1",10.15
"979","FI_Development","2020-02-16 11-14-06","Jan 2018","Commodity","CO_oil1",10.96
"980","FI_Development","2020-02-16 11-14-06","Feb 2018","Commodity","CO_oil1",10.49
"981","FI_Development","2020-02-16 11-14-06","Mar 2018","Commodity","CO_oil1",11.17
"982","FI_Development","2020-02-16 11-14-06","Apr 2018","Commodity","CO_oil1",11.82
"983","FI_Development","2020-02-16 11-14-06","May 2018","Commodity","CO_oil1",11.92
"984","FI_Development","2020-02-16 11-14-06","Jun 2018","Commodity","CO_oil1",12.46
"985","FI_Development","2020-02-16 11-14-06","Jul 2018","Commodity","CO_oil1",12.21
"986","FI_Development","2020-02-16 11-14-06","Aug 2018","Commodity","CO_oil1",12.64
"987","FI_Development","2020-02-16 11-14-06","Sep 2018","Commodity","CO_oil1",13.48
"988","FI_Development","2020-02-16 11-14-06","Oct 2018","Commodity","CO_oil1",12.17
"989","FI_Development","2020-02-16 11-14-06","Nov 2018","Commodity","CO_oil1",9.48
"990","FI_Development","2020-02-16 11-14-06","Dec 2018","Commodity","CO_oil1",8.47
"991","FI_Development","2020-02-16 11-14-06","Jan 2019","Commodity","CO_oil1",9.92
"992","FI_Development","2020-02-16 11-14-06","Feb 2019","Commodity","CO_oil1",10.34
"993","FI_Development","2020-02-16 11-14-06","Mar 2019","Commodity","CO_oil1",10.51
"994","FI_Development","2020-02-16 11-14-06","Apr 2019","Commodity","CO_oil1",10.92
"995","FI_Development","2020-02-16 11-14-06","Jun 2013","Commodity","CO_oil2",34.18
"996","FI_Development","2020-02-16 11-14-06","Jul 2013","Commodity","CO_oil2",37.360001
"997","FI_Development","2020-02-16 11-14-06","Aug 2013","Commodity","CO_oil2",38.48
"998","FI_Development","2020-02-16 11-14-06","Sep 2013","Commodity","CO_oil2",36.849998
"999","FI_Development","2020-02-16 11-14-06","Oct 2013","Commodity","CO_oil2",34.689999
"1000","FI_Development","2020-02-16 11-14-06","Nov 2013","Commodity","CO_oil2",33.459999
"1001","FI_Development","2020-02-16 11-14-06","Dec 2013","Commodity","CO_oil2",35.32
"1002","FI_Development","2020-02-16 11-14-06","Jan 2014","Commodity","CO_oil2",34.799999
"1003","FI_Development","2020-02-16 11-14-06","Feb 2014","Commodity","CO_oil2",36.740002
"1004","FI_Development","2020-02-16 11-14-06","Mar 2014","Commodity","CO_oil2",36.59
"1005","FI_Development","2020-02-16 11-14-06","Apr 2014","Commodity","CO_oil2",36.32
"1006","FI_Development","2020-02-16 11-14-06","May 2014","Commodity","CO_oil2",37.68
"1007","FI_Development","2020-02-16 11-14-06","Jun 2014","Commodity","CO_oil2",38.880001
"1008","FI_Development","2020-02-16 11-14-06","Jul 2014","Commodity","CO_oil2",36.32
"1009","FI_Development","2020-02-16 11-14-06","Aug 2014","Commodity","CO_oil2",35.759998
"1010","FI_Development","2020-02-16 11-14-06","Sep 2014","Commodity","CO_oil2",34.41
"1011","FI_Development","2020-02-16 11-14-06","Oct 2014","Commodity","CO_oil2",30.629999
"1012","FI_Development","2020-02-16 11-14-06","Nov 2014","Commodity","CO_oil2",25.58
"1013","FI_Development","2020-02-16 11-14-06","Dec 2014","Commodity","CO_oil2",20.360001
"1014","FI_Development","2020-02-16 11-14-06","Jan 2015","Commodity","CO_oil2",17.82
"1015","FI_Development","2020-02-16 11-14-06","Feb 2015","Commodity","CO_oil2",18.1
"1016","FI_Development","2020-02-16 11-14-06","Mar 2015","Commodity","CO_oil2",16.84
"1017","FI_Development","2020-02-16 11-14-06","Apr 2015","Commodity","CO_oil2",20.51
"1018","FI_Development","2020-02-16 11-14-06","May 2015","Commodity","CO_oil2",20.309999
"1019","FI_Development","2020-02-16 11-14-06","Jun 2015","Commodity","CO_oil2",19.879999
"1020","FI_Development","2020-02-16 11-14-06","Jul 2015","Commodity","CO_oil2",15.59
"1021","FI_Development","2020-02-16 11-14-06","Aug 2015","Commodity","CO_oil2",15.89
"1022","FI_Development","2020-02-16 11-14-06","Sep 2015","Commodity","CO_oil2",14.68
"1023","FI_Development","2020-02-16 11-14-06","Oct 2015","Commodity","CO_oil2",14.81
"1024","FI_Development","2020-02-16 11-14-06","Nov 2015","Commodity","CO_oil2",12.93
"1025","FI_Development","2020-02-16 11-14-06","Dec 2015","Commodity","CO_oil2",11
"1026","FI_Development","2020-02-16 11-14-06","Jan 2016","Commodity","CO_oil2",9.65
"1027","FI_Development","2020-02-16 11-14-06","Feb 2016","Commodity","CO_oil2",9
"1028","FI_Development","2020-02-16 11-14-06","Mar 2016","Commodity","CO_oil2",9.7
"1029","FI_Development","2020-02-16 11-14-06","Apr 2016","Commodity","CO_oil2",11.3
"1030","FI_Development","2020-02-16 11-14-06","May 2016","Commodity","CO_oil2",11.87
"1031","FI_Development","2020-02-16 11-14-06","Jun 2016","Commodity","CO_oil2",11.57
"1032","FI_Development","2020-02-16 11-14-06","Jul 2016","Commodity","CO_oil2",9.76
"1033","FI_Development","2020-02-16 11-14-06","Aug 2016","Commodity","CO_oil2",10.36
"1034","FI_Development","2020-02-16 11-14-06","Sep 2016","Commodity","CO_oil2",10.93
"1035","FI_Development","2020-02-16 11-14-06","Oct 2016","Commodity","CO_oil2",10.53
"1036","FI_Development","2020-02-16 11-14-06","Nov 2016","Commodity","CO_oil2",10.93
"1037","FI_Development","2020-02-16 11-14-06","Dec 2016","Commodity","CO_oil2",11.72
"1038","FI_Development","2020-02-16 11-14-06","Jan 2017","Commodity","CO_oil2",11.32
"1039","FI_Development","2020-02-16 11-14-06","Feb 2017","Commodity","CO_oil2",11.45
"1040","FI_Development","2020-02-16 11-14-06","Mar 2017","Commodity","CO_oil2",10.64
"1041","FI_Development","2020-02-16 11-14-06","Apr 2017","Commodity","CO_oil2",10.24
"1042","FI_Development","2020-02-16 11-14-06","May 2017","Commodity","CO_oil2",9.96
"1043","FI_Development","2020-02-16 11-14-06","Jun 2017","Commodity","CO_oil2",9.5
"1044","FI_Development","2020-02-16 11-14-06","Jul 2017","Commodity","CO_oil2",10.28
"1045","FI_Development","2020-02-16 11-14-06","Aug 2017","Commodity","CO_oil2",9.63
"1046","FI_Development","2020-02-16 11-14-06","Sep 2017","Commodity","CO_oil2",10.43
"1047","FI_Development","2020-02-16 11-14-06","Oct 2017","Commodity","CO_oil2",10.93
"1048","FI_Development","2020-02-16 11-14-06","Nov 2017","Commodity","CO_oil2",11.47
"1049","FI_Development","2020-02-16 11-14-06","Dec 2017","Commodity","CO_oil2",12.01
"1050","FI_Development","2020-02-16 11-14-06","Jan 2018","Commodity","CO_oil2",12.98
"1051","FI_Development","2020-02-16 11-14-06","Feb 2018","Commodity","CO_oil2",12.37
"1052","FI_Development","2020-02-16 11-14-06","Mar 2018","Commodity","CO_oil2",13.09
"1053","FI_Development","2020-02-16 11-14-06","Apr 2018","Commodity","CO_oil2",13.8
"1054","FI_Development","2020-02-16 11-14-06","May 2018","Commodity","CO_oil2",13.55
"1055","FI_Development","2020-02-16 11-14-06","Jun 2018","Commodity","CO_oil2",15.06
"1056","FI_Development","2020-02-16 11-14-06","Jul 2018","Commodity","CO_oil2",14.28
"1057","FI_Development","2020-02-16 11-14-06","Aug 2018","Commodity","CO_oil2",14.71
"1058","FI_Development","2020-02-16 11-14-06","Sep 2018","Commodity","CO_oil2",15.52
"1059","FI_Development","2020-02-16 11-14-06","Oct 2018","Commodity","CO_oil2",13.79
"1060","FI_Development","2020-02-16 11-14-06","Nov 2018","Commodity","CO_oil2",10.73
"1061","FI_Development","2020-02-16 11-14-06","Dec 2018","Commodity","CO_oil2",9.66
"1062","FI_Development","2020-02-16 11-14-06","Jan 2019","Commodity","CO_oil2",11.35
"1063","FI_Development","2020-02-16 11-14-06","Feb 2019","Commodity","CO_oil2",11.95
"1064","FI_Development","2020-02-16 11-14-06","Mar 2019","Commodity","CO_oil2",12.5
"1065","FI_Development","2020-02-16 11-14-06","Apr 2019","Commodity","CO_oil2",13.29
"1066","FI_Development","2020-02-16 11-14-06","Jun 2013","Commodity","CO_nat_gas",75.800003
"1067","FI_Development","2020-02-16 11-14-06","Jul 2013","Commodity","CO_nat_gas",72.839996
"1068","FI_Development","2020-02-16 11-14-06","Aug 2013","Commodity","CO_nat_gas",75.800003
"1069","FI_Development","2020-02-16 11-14-06","Sep 2013","Commodity","CO_nat_gas",73.120003
"1070","FI_Development","2020-02-16 11-14-06","Oct 2013","Commodity","CO_nat_gas",71.080002
"1071","FI_Development","2020-02-16 11-14-06","Nov 2013","Commodity","CO_nat_gas",76.599998
"1072","FI_Development","2020-02-16 11-14-06","Dec 2013","Commodity","CO_nat_gas",82.760002
"1073","FI_Development","2020-02-16 11-14-06","Jan 2014","Commodity","CO_nat_gas",96.720001
"1074","FI_Development","2020-02-16 11-14-06","Feb 2014","Commodity","CO_nat_gas",102.040001
"1075","FI_Development","2020-02-16 11-14-06","Mar 2014","Commodity","CO_nat_gas",97.68
"1076","FI_Development","2020-02-16 11-14-06","Apr 2014","Commodity","CO_nat_gas",106.199997
"1077","FI_Development","2020-02-16 11-14-06","May 2014","Commodity","CO_nat_gas",100.800003
"1078","FI_Development","2020-02-16 11-14-06","Jun 2014","Commodity","CO_nat_gas",98.400002
"1079","FI_Development","2020-02-16 11-14-06","Jul 2014","Commodity","CO_nat_gas",84.400002
"1080","FI_Development","2020-02-16 11-14-06","Aug 2014","Commodity","CO_nat_gas",89.040001
"1081","FI_Development","2020-02-16 11-14-06","Sep 2014","Commodity","CO_nat_gas",88.440002
"1082","FI_Development","2020-02-16 11-14-06","Oct 2014","Commodity","CO_nat_gas",81.120003
"1083","FI_Development","2020-02-16 11-14-06","Nov 2014","Commodity","CO_nat_gas",85.040001
"1084","FI_Development","2020-02-16 11-14-06","Dec 2014","Commodity","CO_nat_gas",59.080002
"1085","FI_Development","2020-02-16 11-14-06","Jan 2015","Commodity","CO_nat_gas",54.68
"1086","FI_Development","2020-02-16 11-14-06","Feb 2015","Commodity","CO_nat_gas",54.959999
"1087","FI_Development","2020-02-16 11-14-06","Mar 2015","Commodity","CO_nat_gas",52.959999
"1088","FI_Development","2020-02-16 11-14-06","Apr 2015","Commodity","CO_nat_gas",53.84
"1089","FI_Development","2020-02-16 11-14-06","May 2015","Commodity","CO_nat_gas",51.48
"1090","FI_Development","2020-02-16 11-14-06","Jun 2015","Commodity","CO_nat_gas",54.240002
"1091","FI_Development","2020-02-16 11-14-06","Jul 2015","Commodity","CO_nat_gas",52.16
"1092","FI_Development","2020-02-16 11-14-06","Aug 2015","Commodity","CO_nat_gas",50.799999
"1093","FI_Development","2020-02-16 11-14-06","Sep 2015","Commodity","CO_nat_gas",46.439999
"1094","FI_Development","2020-02-16 11-14-06","Oct 2015","Commodity","CO_nat_gas",39.240002
"1095","FI_Development","2020-02-16 11-14-06","Nov 2015","Commodity","CO_nat_gas",34.880001
"1096","FI_Development","2020-02-16 11-14-06","Dec 2015","Commodity","CO_nat_gas",34.68
"1097","FI_Development","2020-02-16 11-14-06","Jan 2016","Commodity","CO_nat_gas",33.959999
"1098","FI_Development","2020-02-16 11-14-06","Feb 2016","Commodity","CO_nat_gas",24.08
"1099","FI_Development","2020-02-16 11-14-06","Mar 2016","Commodity","CO_nat_gas",26.639999
"1100","FI_Development","2020-02-16 11-14-06","Apr 2016","Commodity","CO_nat_gas",27.719999
"1101","FI_Development","2020-02-16 11-14-06","May 2016","Commodity","CO_nat_gas",27.559999
"1102","FI_Development","2020-02-16 11-14-06","Jun 2016","Commodity","CO_nat_gas",34.560001
"1103","FI_Development","2020-02-16 11-14-06","Jul 2016","Commodity","CO_nat_gas",34.200001
"1104","FI_Development","2020-02-16 11-14-06","Aug 2016","Commodity","CO_nat_gas",33.799999
"1105","FI_Development","2020-02-16 11-14-06","Sep 2016","Commodity","CO_nat_gas",33.439999
"1106","FI_Development","2020-02-16 11-14-06","Oct 2016","Commodity","CO_nat_gas",32.32
"1107","FI_Development","2020-02-16 11-14-06","Nov 2016","Commodity","CO_nat_gas",33.720001
"1108","FI_Development","2020-02-16 11-14-06","Dec 2016","Commodity","CO_nat_gas",37.360001
"1109","FI_Development","2020-02-16 11-14-06","Jan 2017","Commodity","CO_nat_gas",31.440001
"1110","FI_Development","2020-02-16 11-14-06","Feb 2017","Commodity","CO_nat_gas",26.76
"1111","FI_Development","2020-02-16 11-14-06","Mar 2017","Commodity","CO_nat_gas",30.280001
"1112","FI_Development","2020-02-16 11-14-06","Apr 2017","Commodity","CO_nat_gas",30.280001
"1113","FI_Development","2020-02-16 11-14-06","May 2017","Commodity","CO_nat_gas",27.68
"1114","FI_Development","2020-02-16 11-14-06","Jun 2017","Commodity","CO_nat_gas",27.120001
"1115","FI_Development","2020-02-16 11-14-06","Jul 2017","Commodity","CO_nat_gas",25.280001
"1116","FI_Development","2020-02-16 11-14-06","Aug 2017","Commodity","CO_nat_gas",26.84
"1117","FI_Development","2020-02-16 11-14-06","Sep 2017","Commodity","CO_nat_gas",26.280001
"1118","FI_Development","2020-02-16 11-14-06","Oct 2017","Commodity","CO_nat_gas",23.92
"1119","FI_Development","2020-02-16 11-14-06","Nov 2017","Commodity","CO_nat_gas",24.200001
"1120","FI_Development","2020-02-16 11-14-06","Dec 2017","Commodity","CO_nat_gas",23.32
"1121","FI_Development","2020-02-16 11-14-06","Jan 2018","Commodity","CO_nat_gas",25.08
"1122","FI_Development","2020-02-16 11-14-06","Feb 2018","Commodity","CO_nat_gas",22.26
"1123","FI_Development","2020-02-16 11-14-06","Mar 2018","Commodity","CO_nat_gas",22.549999
"1124","FI_Development","2020-02-16 11-14-06","Apr 2018","Commodity","CO_nat_gas",22.559999
"1125","FI_Development","2020-02-16 11-14-06","May 2018","Commodity","CO_nat_gas",23.889999
"1126","FI_Development","2020-02-16 11-14-06","Jun 2018","Commodity","CO_nat_gas",23.700001
"1127","FI_Development","2020-02-16 11-14-06","Jul 2018","Commodity","CO_nat_gas",22.809999
"1128","FI_Development","2020-02-16 11-14-06","Aug 2018","Commodity","CO_nat_gas",23.950001
"1129","FI_Development","2020-02-16 11-14-06","Sep 2018","Commodity","CO_nat_gas",24.83
"1130","FI_Development","2020-02-16 11-14-06","Oct 2018","Commodity","CO_nat_gas",26.700001
"1131","FI_Development","2020-02-16 11-14-06","Nov 2018","Commodity","CO_nat_gas",37.32
"1132","FI_Development","2020-02-16 11-14-06","Dec 2018","Commodity","CO_nat_gas",24.709999
"1133","FI_Development","2020-02-16 11-14-06","Jan 2019","Commodity","CO_nat_gas",25.280001
"1134","FI_Development","2020-02-16 11-14-06","Feb 2019","Commodity","CO_nat_gas",24.73
"1135","FI_Development","2020-02-16 11-14-06","Mar 2019","Commodity","CO_nat_gas",23.48
"1136","FI_Development","2020-02-16 11-14-06","Apr 2019","Commodity","CO_nat_gas",22.33
"1137","FI_Development","2020-02-16 11-14-06","Jun 2013","Commodity","CO_gasoline",54.259998
"1138","FI_Development","2020-02-16 11-14-06","Jul 2013","Commodity","CO_gasoline",61.299999
"1139","FI_Development","2020-02-16 11-14-06","Aug 2013","Commodity","CO_gasoline",61.59
"1140","FI_Development","2020-02-16 11-14-06","Sep 2013","Commodity","CO_gasoline",56.09
"1141","FI_Development","2020-02-16 11-14-06","Oct 2013","Commodity","CO_gasoline",55.549999
"1142","FI_Development","2020-02-16 11-14-06","Nov 2013","Commodity","CO_gasoline",58.099998
"1143","FI_Development","2020-02-16 11-14-06","Dec 2013","Commodity","CO_gasoline",59.93
"1144","FI_Development","2020-02-16 11-14-06","Jan 2014","Commodity","CO_gasoline",56.34
"1145","FI_Development","2020-02-16 11-14-06","Feb 2014","Commodity","CO_gasoline",60.02
"1146","FI_Development","2020-02-16 11-14-06","Mar 2014","Commodity","CO_gasoline",58.98
"1147","FI_Development","2020-02-16 11-14-06","Apr 2014","Commodity","CO_gasoline",60.529999
"1148","FI_Development","2020-02-16 11-14-06","May 2014","Commodity","CO_gasoline",61
"1149","FI_Development","2020-02-16 11-14-06","Jun 2014","Commodity","CO_gasoline",63.040001
"1150","FI_Development","2020-02-16 11-14-06","Jul 2014","Commodity","CO_gasoline",58.240002
"1151","FI_Development","2020-02-16 11-14-06","Aug 2014","Commodity","CO_gasoline",57.419998
"1152","FI_Development","2020-02-16 11-14-06","Sep 2014","Commodity","CO_gasoline",54.560001
"1153","FI_Development","2020-02-16 11-14-06","Oct 2014","Commodity","CO_gasoline",49.52
"1154","FI_Development","2020-02-16 11-14-06","Nov 2014","Commodity","CO_gasoline",43.139999
"1155","FI_Development","2020-02-16 11-14-06","Dec 2014","Commodity","CO_gasoline",34.150002
"1156","FI_Development","2020-02-16 11-14-06","Jan 2015","Commodity","CO_gasoline",32.950001
"1157","FI_Development","2020-02-16 11-14-06","Feb 2015","Commodity","CO_gasoline",38.830002
"1158","FI_Development","2020-02-16 11-14-06","Mar 2015","Commodity","CO_gasoline",34.84
"1159","FI_Development","2020-02-16 11-14-06","Apr 2015","Commodity","CO_gasoline",40.25
"1160","FI_Development","2020-02-16 11-14-06","May 2015","Commodity","CO_gasoline",40.630001
"1161","FI_Development","2020-02-16 11-14-06","Jun 2015","Commodity","CO_gasoline",41.209999
"1162","FI_Development","2020-02-16 11-14-06","Jul 2015","Commodity","CO_gasoline",36.57
"1163","FI_Development","2020-02-16 11-14-06","Aug 2015","Commodity","CO_gasoline",33.939999
"1164","FI_Development","2020-02-16 11-14-06","Sep 2015","Commodity","CO_gasoline",31.65
"1165","FI_Development","2020-02-16 11-14-06","Oct 2015","Commodity","CO_gasoline",31.42
"1166","FI_Development","2020-02-16 11-14-06","Nov 2015","Commodity","CO_gasoline",30.389999
"1167","FI_Development","2020-02-16 11-14-06","Dec 2015","Commodity","CO_gasoline",29.26
"1168","FI_Development","2020-02-16 11-14-06","Jan 2016","Commodity","CO_gasoline",25.49
"1169","FI_Development","2020-02-16 11-14-06","Feb 2016","Commodity","CO_gasoline",23.99
"1170","FI_Development","2020-02-16 11-14-06","Mar 2016","Commodity","CO_gasoline",25.559999
"1171","FI_Development","2020-02-16 11-14-06","Apr 2016","Commodity","CO_gasoline",28.040001
"1172","FI_Development","2020-02-16 11-14-06","May 2016","Commodity","CO_gasoline",27.98
"1173","FI_Development","2020-02-16 11-14-06","Jun 2016","Commodity","CO_gasoline",25.98
"1174","FI_Development","2020-02-16 11-14-06","Jul 2016","Commodity","CO_gasoline",22.59
"1175","FI_Development","2020-02-16 11-14-06","Aug 2016","Commodity","CO_gasoline",24.01
"1176","FI_Development","2020-02-16 11-14-06","Sep 2016","Commodity","CO_gasoline",27.6
"1177","FI_Development","2020-02-16 11-14-06","Oct 2016","Commodity","CO_gasoline",27.040001
"1178","FI_Development","2020-02-16 11-14-06","Nov 2016","Commodity","CO_gasoline",28.07
"1179","FI_Development","2020-02-16 11-14-06","Dec 2016","Commodity","CO_gasoline",31.32
"1180","FI_Development","2020-02-16 11-14-06","Jan 2017","Commodity","CO_gasoline",28.629999
"1181","FI_Development","2020-02-16 11-14-06","Feb 2017","Commodity","CO_gasoline",27.940001
"1182","FI_Development","2020-02-16 11-14-06","Mar 2017","Commodity","CO_gasoline",27.280001
"1183","FI_Development","2020-02-16 11-14-06","Apr 2017","Commodity","CO_gasoline",24.610001
"1184","FI_Development","2020-02-16 11-14-06","May 2017","Commodity","CO_gasoline",25.48
"1185","FI_Development","2020-02-16 11-14-06","Jun 2017","Commodity","CO_gasoline",24.25
"1186","FI_Development","2020-02-16 11-14-06","Jul 2017","Commodity","CO_gasoline",27.379999
"1187","FI_Development","2020-02-16 11-14-06","Aug 2017","Commodity","CO_gasoline",30.66
"1188","FI_Development","2020-02-16 11-14-06","Sep 2017","Commodity","CO_gasoline",28.15
"1189","FI_Development","2020-02-16 11-14-06","Oct 2017","Commodity","CO_gasoline",31.139999
"1190","FI_Development","2020-02-16 11-14-06","Nov 2017","Commodity","CO_gasoline",31.23
"1191","FI_Development","2020-02-16 11-14-06","Dec 2017","Commodity","CO_gasoline",31.85
"1192","FI_Development","2020-02-16 11-14-06","Jan 2018","Commodity","CO_gasoline",33.619999
"1193","FI_Development","2020-02-16 11-14-06","Feb 2018","Commodity","CO_gasoline",30.889999
"1194","FI_Development","2020-02-16 11-14-06","Mar 2018","Commodity","CO_gasoline",32.299999
"1195","FI_Development","2020-02-16 11-14-06","Apr 2018","Commodity","CO_gasoline",33.900002
"1196","FI_Development","2020-02-16 11-14-06","May 2018","Commodity","CO_gasoline",34.529999
"1197","FI_Development","2020-02-16 11-14-06","Jun 2018","Commodity","CO_gasoline",34.509998
"1198","FI_Development","2020-02-16 11-14-06","Jul 2018","Commodity","CO_gasoline",33.959999
"1199","FI_Development","2020-02-16 11-14-06","Aug 2018","Commodity","CO_gasoline",34.259998
"1200","FI_Development","2020-02-16 11-14-06","Sep 2018","Commodity","CO_gasoline",36.139999
"1201","FI_Development","2020-02-16 11-14-06","Oct 2018","Commodity","CO_gasoline",30.309999
"1202","FI_Development","2020-02-16 11-14-06","Nov 2018","Commodity","CO_gasoline",24.469999
"1203","FI_Development","2020-02-16 11-14-06","Dec 2018","Commodity","CO_gasoline",22.91
"1204","FI_Development","2020-02-16 11-14-06","Jan 2019","Commodity","CO_gasoline",24.049999
"1205","FI_Development","2020-02-16 11-14-06","Feb 2019","Commodity","CO_gasoline",27.24
"1206","FI_Development","2020-02-16 11-14-06","Mar 2019","Commodity","CO_gasoline",29.379999
"1207","FI_Development","2020-02-16 11-14-06","Apr 2019","Commodity","CO_gasoline",32.810001
"1208","FI_Development","2020-02-16 11-14-06","Jun 2013","Commodity","CO_gold",119.110001
"1209","FI_Development","2020-02-16 11-14-06","Jul 2013","Commodity","CO_gold",127.959999
"1210","FI_Development","2020-02-16 11-14-06","Aug 2013","Commodity","CO_gold",134.619995
"1211","FI_Development","2020-02-16 11-14-06","Sep 2013","Commodity","CO_gold",128.179993
"1212","FI_Development","2020-02-16 11-14-06","Oct 2013","Commodity","CO_gold",127.739998
"1213","FI_Development","2020-02-16 11-14-06","Nov 2013","Commodity","CO_gold",120.699997
"1214","FI_Development","2020-02-16 11-14-06","Dec 2013","Commodity","CO_gold",116.120003
"1215","FI_Development","2020-02-16 11-14-06","Jan 2014","Commodity","CO_gold",120.089996
"1216","FI_Development","2020-02-16 11-14-06","Feb 2014","Commodity","CO_gold",127.620003
"1217","FI_Development","2020-02-16 11-14-06","Mar 2014","Commodity","CO_gold",123.610001
"1218","FI_Development","2020-02-16 11-14-06","Apr 2014","Commodity","CO_gold",124.220001
"1219","FI_Development","2020-02-16 11-14-06","May 2014","Commodity","CO_gold",120.43
"1220","FI_Development","2020-02-16 11-14-06","Jun 2014","Commodity","CO_gold",128.039993
"1221","FI_Development","2020-02-16 11-14-06","Jul 2014","Commodity","CO_gold",123.389999
"1222","FI_Development","2020-02-16 11-14-06","Aug 2014","Commodity","CO_gold",123.860001
"1223","FI_Development","2020-02-16 11-14-06","Sep 2014","Commodity","CO_gold",116.209999
"1224","FI_Development","2020-02-16 11-14-06","Oct 2014","Commodity","CO_gold",112.660004
"1225","FI_Development","2020-02-16 11-14-06","Nov 2014","Commodity","CO_gold",112.110001
"1226","FI_Development","2020-02-16 11-14-06","Dec 2014","Commodity","CO_gold",113.580002
"1227","FI_Development","2020-02-16 11-14-06","Jan 2015","Commodity","CO_gold",123.449997
"1228","FI_Development","2020-02-16 11-14-06","Feb 2015","Commodity","CO_gold",116.160004
"1229","FI_Development","2020-02-16 11-14-06","Mar 2015","Commodity","CO_gold",113.660004
"1230","FI_Development","2020-02-16 11-14-06","Apr 2015","Commodity","CO_gold",113.470001
"1231","FI_Development","2020-02-16 11-14-06","May 2015","Commodity","CO_gold",114.099998
"1232","FI_Development","2020-02-16 11-14-06","Jun 2015","Commodity","CO_gold",112.370003
"1233","FI_Development","2020-02-16 11-14-06","Jul 2015","Commodity","CO_gold",104.93
"1234","FI_Development","2020-02-16 11-14-06","Aug 2015","Commodity","CO_gold",108.82
"1235","FI_Development","2020-02-16 11-14-06","Sep 2015","Commodity","CO_gold",106.860001
"1236","FI_Development","2020-02-16 11-14-06","Oct 2015","Commodity","CO_gold",109.300003
"1237","FI_Development","2020-02-16 11-14-06","Nov 2015","Commodity","CO_gold",101.919998
"1238","FI_Development","2020-02-16 11-14-06","Dec 2015","Commodity","CO_gold",101.459999
"1239","FI_Development","2020-02-16 11-14-06","Jan 2016","Commodity","CO_gold",106.949997
"1240","FI_Development","2020-02-16 11-14-06","Feb 2016","Commodity","CO_gold",118.639999
"1241","FI_Development","2020-02-16 11-14-06","Mar 2016","Commodity","CO_gold",117.639999
"1242","FI_Development","2020-02-16 11-14-06","Apr 2016","Commodity","CO_gold",123.650002
"1243","FI_Development","2020-02-16 11-14-06","May 2016","Commodity","CO_gold",116.059998
"1244","FI_Development","2020-02-16 11-14-06","Jun 2016","Commodity","CO_gold",126.470001
"1245","FI_Development","2020-02-16 11-14-06","Jul 2016","Commodity","CO_gold",128.979996
"1246","FI_Development","2020-02-16 11-14-06","Aug 2016","Commodity","CO_gold",124.779999
"1247","FI_Development","2020-02-16 11-14-06","Sep 2016","Commodity","CO_gold",125.639999
"1248","FI_Development","2020-02-16 11-14-06","Oct 2016","Commodity","CO_gold",121.940002
"1249","FI_Development","2020-02-16 11-14-06","Nov 2016","Commodity","CO_gold",111.75
"1250","FI_Development","2020-02-16 11-14-06","Dec 2016","Commodity","CO_gold",109.610001
"1251","FI_Development","2020-02-16 11-14-06","Jan 2017","Commodity","CO_gold",115.550003
"1252","FI_Development","2020-02-16 11-14-06","Feb 2017","Commodity","CO_gold",119.230003
"1253","FI_Development","2020-02-16 11-14-06","Mar 2017","Commodity","CO_gold",118.720001
"1254","FI_Development","2020-02-16 11-14-06","Apr 2017","Commodity","CO_gold",120.769997
"1255","FI_Development","2020-02-16 11-14-06","May 2017","Commodity","CO_gold",120.620003
"1256","FI_Development","2020-02-16 11-14-06","Jun 2017","Commodity","CO_gold",118.019997
"1257","FI_Development","2020-02-16 11-14-06","Jul 2017","Commodity","CO_gold",120.75
"1258","FI_Development","2020-02-16 11-14-06","Aug 2017","Commodity","CO_gold",125.82
"1259","FI_Development","2020-02-16 11-14-06","Sep 2017","Commodity","CO_gold",121.580002
"1260","FI_Development","2020-02-16 11-14-06","Oct 2017","Commodity","CO_gold",120.669998
"1261","FI_Development","2020-02-16 11-14-06","Nov 2017","Commodity","CO_gold",121.099998
"1262","FI_Development","2020-02-16 11-14-06","Dec 2017","Commodity","CO_gold",123.650002
"1263","FI_Development","2020-02-16 11-14-06","Jan 2018","Commodity","CO_gold",127.650002
"1264","FI_Development","2020-02-16 11-14-06","Feb 2018","Commodity","CO_gold",125
"1265","FI_Development","2020-02-16 11-14-06","Mar 2018","Commodity","CO_gold",125.790001
"1266","FI_Development","2020-02-16 11-14-06","Apr 2018","Commodity","CO_gold",124.589996
"1267","FI_Development","2020-02-16 11-14-06","May 2018","Commodity","CO_gold",123.099998
"1268","FI_Development","2020-02-16 11-14-06","Jun 2018","Commodity","CO_gold",118.650002
"1269","FI_Development","2020-02-16 11-14-06","Jul 2018","Commodity","CO_gold",115.989998
"1270","FI_Development","2020-02-16 11-14-06","Aug 2018","Commodity","CO_gold",113.510002
"1271","FI_Development","2020-02-16 11-14-06","Sep 2018","Commodity","CO_gold",112.760002
"1272","FI_Development","2020-02-16 11-14-06","Oct 2018","Commodity","CO_gold",115.150002
"1273","FI_Development","2020-02-16 11-14-06","Nov 2018","Commodity","CO_gold",115.540001
"1274","FI_Development","2020-02-16 11-14-06","Dec 2018","Commodity","CO_gold",121.25
"1275","FI_Development","2020-02-16 11-14-06","Jan 2019","Commodity","CO_gold",124.75
"1276","FI_Development","2020-02-16 11-14-06","Feb 2019","Commodity","CO_gold",123.989998
"1277","FI_Development","2020-02-16 11-14-06","Mar 2019","Commodity","CO_gold",122.010002
"1278","FI_Development","2020-02-16 11-14-06","Apr 2019","Commodity","CO_gold",121.199997
"1279","FI_Development","2020-02-16 11-14-06","Jun 2013","Commodity","CO_silver",18.969999
"1280","FI_Development","2020-02-16 11-14-06","Jul 2013","Commodity","CO_silver",19.139999
"1281","FI_Development","2020-02-16 11-14-06","Aug 2013","Commodity","CO_silver",22.6
"1282","FI_Development","2020-02-16 11-14-06","Sep 2013","Commodity","CO_silver",20.9
"1283","FI_Development","2020-02-16 11-14-06","Oct 2013","Commodity","CO_silver",21.1
"1284","FI_Development","2020-02-16 11-14-06","Nov 2013","Commodity","CO_silver",19.24
"1285","FI_Development","2020-02-16 11-14-06","Dec 2013","Commodity","CO_silver",18.709999
"1286","FI_Development","2020-02-16 11-14-06","Jan 2014","Commodity","CO_silver",18.450001
"1287","FI_Development","2020-02-16 11-14-06","Feb 2014","Commodity","CO_silver",20.35
"1288","FI_Development","2020-02-16 11-14-06","Mar 2014","Commodity","CO_silver",19.040001
"1289","FI_Development","2020-02-16 11-14-06","Apr 2014","Commodity","CO_silver",18.459999
"1290","FI_Development","2020-02-16 11-14-06","May 2014","Commodity","CO_silver",18.08
"1291","FI_Development","2020-02-16 11-14-06","Jun 2014","Commodity","CO_silver",20.25
"1292","FI_Development","2020-02-16 11-14-06","Jul 2014","Commodity","CO_silver",19.58
"1293","FI_Development","2020-02-16 11-14-06","Aug 2014","Commodity","CO_silver",18.709999
"1294","FI_Development","2020-02-16 11-14-06","Sep 2014","Commodity","CO_silver",16.35
"1295","FI_Development","2020-02-16 11-14-06","Oct 2014","Commodity","CO_silver",15.5
"1296","FI_Development","2020-02-16 11-14-06","Nov 2014","Commodity","CO_silver",14.83
"1297","FI_Development","2020-02-16 11-14-06","Dec 2014","Commodity","CO_silver",15.06
"1298","FI_Development","2020-02-16 11-14-06","Jan 2015","Commodity","CO_silver",16.540001
"1299","FI_Development","2020-02-16 11-14-06","Feb 2015","Commodity","CO_silver",15.87
"1300","FI_Development","2020-02-16 11-14-06","Mar 2015","Commodity","CO_silver",15.93
"1301","FI_Development","2020-02-16 11-14-06","Apr 2015","Commodity","CO_silver",15.43
"1302","FI_Development","2020-02-16 11-14-06","May 2015","Commodity","CO_silver",15.99
"1303","FI_Development","2020-02-16 11-14-06","Jun 2015","Commodity","CO_silver",15.03
"1304","FI_Development","2020-02-16 11-14-06","Jul 2015","Commodity","CO_silver",14.08
"1305","FI_Development","2020-02-16 11-14-06","Aug 2015","Commodity","CO_silver",13.99
"1306","FI_Development","2020-02-16 11-14-06","Sep 2015","Commodity","CO_silver",13.87
"1307","FI_Development","2020-02-16 11-14-06","Oct 2015","Commodity","CO_silver",14.8
"1308","FI_Development","2020-02-16 11-14-06","Nov 2015","Commodity","CO_silver",13.44
"1309","FI_Development","2020-02-16 11-14-06","Dec 2015","Commodity","CO_silver",13.19
"1310","FI_Development","2020-02-16 11-14-06","Jan 2016","Commodity","CO_silver",13.59
"1311","FI_Development","2020-02-16 11-14-06","Feb 2016","Commodity","CO_silver",14.2
"1312","FI_Development","2020-02-16 11-14-06","Mar 2016","Commodity","CO_silver",14.68
"1313","FI_Development","2020-02-16 11-14-06","Apr 2016","Commodity","CO_silver",16.98
"1314","FI_Development","2020-02-16 11-14-06","May 2016","Commodity","CO_silver",15.19
"1315","FI_Development","2020-02-16 11-14-06","Jun 2016","Commodity","CO_silver",17.860001
"1316","FI_Development","2020-02-16 11-14-06","Jul 2016","Commodity","CO_silver",19.35
"1317","FI_Development","2020-02-16 11-14-06","Aug 2016","Commodity","CO_silver",17.719999
"1318","FI_Development","2020-02-16 11-14-06","Sep 2016","Commodity","CO_silver",18.200001
"1319","FI_Development","2020-02-16 11-14-06","Oct 2016","Commodity","CO_silver",16.969999
"1320","FI_Development","2020-02-16 11-14-06","Nov 2016","Commodity","CO_silver",15.66
"1321","FI_Development","2020-02-16 11-14-06","Dec 2016","Commodity","CO_silver",15.11
"1322","FI_Development","2020-02-16 11-14-06","Jan 2017","Commodity","CO_silver",16.629999
"1323","FI_Development","2020-02-16 11-14-06","Feb 2017","Commodity","CO_silver",17.370001
"1324","FI_Development","2020-02-16 11-14-06","Mar 2017","Commodity","CO_silver",17.25
"1325","FI_Development","2020-02-16 11-14-06","Apr 2017","Commodity","CO_silver",16.299999
"1326","FI_Development","2020-02-16 11-14-06","May 2017","Commodity","CO_silver",16.389999
"1327","FI_Development","2020-02-16 11-14-06","Jun 2017","Commodity","CO_silver",15.71
"1328","FI_Development","2020-02-16 11-14-06","Jul 2017","Commodity","CO_silver",15.9
"1329","FI_Development","2020-02-16 11-14-06","Aug 2017","Commodity","CO_silver",16.65
"1330","FI_Development","2020-02-16 11-14-06","Sep 2017","Commodity","CO_silver",15.74
"1331","FI_Development","2020-02-16 11-14-06","Oct 2017","Commodity","CO_silver",15.79
"1332","FI_Development","2020-02-16 11-14-06","Nov 2017","Commodity","CO_silver",15.51
"1333","FI_Development","2020-02-16 11-14-06","Dec 2017","Commodity","CO_silver",15.99
"1334","FI_Development","2020-02-16 11-14-06","Jan 2018","Commodity","CO_silver",16.35
"1335","FI_Development","2020-02-16 11-14-06","Feb 2018","Commodity","CO_silver",15.46
"1336","FI_Development","2020-02-16 11-14-06","Mar 2018","Commodity","CO_silver",15.41
"1337","FI_Development","2020-02-16 11-14-06","Apr 2018","Commodity","CO_silver",15.38
"1338","FI_Development","2020-02-16 11-14-06","May 2018","Commodity","CO_silver",15.46
"1339","FI_Development","2020-02-16 11-14-06","Jun 2018","Commodity","CO_silver",15.15
"1340","FI_Development","2020-02-16 11-14-06","Jul 2018","Commodity","CO_silver",14.61
"1341","FI_Development","2020-02-16 11-14-06","Aug 2018","Commodity","CO_silver",13.65
"1342","FI_Development","2020-02-16 11-14-06","Sep 2018","Commodity","CO_silver",13.73
"1343","FI_Development","2020-02-16 11-14-06","Oct 2018","Commodity","CO_silver",13.41
"1344","FI_Development","2020-02-16 11-14-06","Nov 2018","Commodity","CO_silver",13.32
"1345","FI_Development","2020-02-16 11-14-06","Dec 2018","Commodity","CO_silver",14.52
"1346","FI_Development","2020-02-16 11-14-06","Jan 2019","Commodity","CO_silver",15.05
"1347","FI_Development","2020-02-16 11-14-06","Feb 2019","Commodity","CO_silver",14.63
"1348","FI_Development","2020-02-16 11-14-06","Mar 2019","Commodity","CO_silver",14.18
"1349","FI_Development","2020-02-16 11-14-06","Apr 2019","Commodity","CO_silver",14.02
"1350","FI_Development","2020-02-16 11-14-06","Jun 2013","Commodity","CO_grains",48.669998
"1351","FI_Development","2020-02-16 11-14-06","Jul 2013","Commodity","CO_grains",46.5
"1352","FI_Development","2020-02-16 11-14-06","Aug 2013","Commodity","CO_grains",48.150002
"1353","FI_Development","2020-02-16 11-14-06","Sep 2013","Commodity","CO_grains",45.799999
"1354","FI_Development","2020-02-16 11-14-06","Oct 2013","Commodity","CO_grains",45.080002
"1355","FI_Development","2020-02-16 11-14-06","Nov 2013","Commodity","CO_grains",45.150002
"1356","FI_Development","2020-02-16 11-14-06","Dec 2013","Commodity","CO_grains",43.130001
"1357","FI_Development","2020-02-16 11-14-06","Jan 2014","Commodity","CO_grains",42.740002
"1358","FI_Development","2020-02-16 11-14-06","Feb 2014","Commodity","CO_grains",46.759998
"1359","FI_Development","2020-02-16 11-14-06","Mar 2014","Commodity","CO_grains",50.439999
"1360","FI_Development","2020-02-16 11-14-06","Apr 2014","Commodity","CO_grains",52.279999
"1361","FI_Development","2020-02-16 11-14-06","May 2014","Commodity","CO_grains",47.779999
"1362","FI_Development","2020-02-16 11-14-06","Jun 2014","Commodity","CO_grains",43.299999
"1363","FI_Development","2020-02-16 11-14-06","Jul 2014","Commodity","CO_grains",38.580002
"1364","FI_Development","2020-02-16 11-14-06","Aug 2014","Commodity","CO_grains",38.009998
"1365","FI_Development","2020-02-16 11-14-06","Sep 2014","Commodity","CO_grains",32.860001
"1366","FI_Development","2020-02-16 11-14-06","Oct 2014","Commodity","CO_grains",37.900002
"1367","FI_Development","2020-02-16 11-14-06","Nov 2014","Commodity","CO_grains",38.240002
"1368","FI_Development","2020-02-16 11-14-06","Dec 2014","Commodity","CO_grains",38.59
"1369","FI_Development","2020-02-16 11-14-06","Jan 2015","Commodity","CO_grains",35.07
"1370","FI_Development","2020-02-16 11-14-06","Feb 2015","Commodity","CO_grains",36.5
"1371","FI_Development","2020-02-16 11-14-06","Mar 2015","Commodity","CO_grains",35.279999
"1372","FI_Development","2020-02-16 11-14-06","Apr 2015","Commodity","CO_grains",33.669998
"1373","FI_Development","2020-02-16 11-14-06","May 2015","Commodity","CO_grains",32.540001
"1374","FI_Development","2020-02-16 11-14-06","Jun 2015","Commodity","CO_grains",38.990002
"1375","FI_Development","2020-02-16 11-14-06","Jul 2015","Commodity","CO_grains",33.549999
"1376","FI_Development","2020-02-16 11-14-06","Aug 2015","Commodity","CO_grains",32.25
"1377","FI_Development","2020-02-16 11-14-06","Sep 2015","Commodity","CO_grains",33.25
"1378","FI_Development","2020-02-16 11-14-06","Oct 2015","Commodity","CO_grains",32.93
"1379","FI_Development","2020-02-16 11-14-06","Nov 2015","Commodity","CO_grains",31.280001
"1380","FI_Development","2020-02-16 11-14-06","Dec 2015","Commodity","CO_grains",30.35
"1381","FI_Development","2020-02-16 11-14-06","Jan 2016","Commodity","CO_grains",31.23
"1382","FI_Development","2020-02-16 11-14-06","Feb 2016","Commodity","CO_grains",29.68
"1383","FI_Development","2020-02-16 11-14-06","Mar 2016","Commodity","CO_grains",30.35
"1384","FI_Development","2020-02-16 11-14-06","Apr 2016","Commodity","CO_grains",33.290001
"1385","FI_Development","2020-02-16 11-14-06","May 2016","Commodity","CO_grains",33.889999
"1386","FI_Development","2020-02-16 11-14-06","Jun 2016","Commodity","CO_grains",32.799999
"1387","FI_Development","2020-02-16 11-14-06","Jul 2016","Commodity","CO_grains",29.15
"1388","FI_Development","2020-02-16 11-14-06","Aug 2016","Commodity","CO_grains",26.67
"1389","FI_Development","2020-02-16 11-14-06","Sep 2016","Commodity","CO_grains",27.809999
"1390","FI_Development","2020-02-16 11-14-06","Oct 2016","Commodity","CO_grains",29.26
"1391","FI_Development","2020-02-16 11-14-06","Nov 2016","Commodity","CO_grains",28.370001
"1392","FI_Development","2020-02-16 11-14-06","Dec 2016","Commodity","CO_grains",28.139999
"1393","FI_Development","2020-02-16 11-14-06","Jan 2017","Commodity","CO_grains",28.889999
"1394","FI_Development","2020-02-16 11-14-06","Feb 2017","Commodity","CO_grains",29.360001
"1395","FI_Development","2020-02-16 11-14-06","Mar 2017","Commodity","CO_grains",27.639999
"1396","FI_Development","2020-02-16 11-14-06","Apr 2017","Commodity","CO_grains",27.379999
"1397","FI_Development","2020-02-16 11-14-06","May 2017","Commodity","CO_grains",27.120001
"1398","FI_Development","2020-02-16 11-14-06","Jun 2017","Commodity","CO_grains",28.98
"1399","FI_Development","2020-02-16 11-14-06","Jul 2017","Commodity","CO_grains",28.26
"1400","FI_Development","2020-02-16 11-14-06","Aug 2017","Commodity","CO_grains",25.52
"1401","FI_Development","2020-02-16 11-14-06","Sep 2017","Commodity","CO_grains",25.9
"1402","FI_Development","2020-02-16 11-14-06","Oct 2017","Commodity","CO_grains",25.139999
"1403","FI_Development","2020-02-16 11-14-06","Nov 2017","Commodity","CO_grains",24.99
"1404","FI_Development","2020-02-16 11-14-06","Dec 2017","Commodity","CO_grains",24.360001
"1405","FI_Development","2020-02-16 11-14-06","Jan 2018","Commodity","CO_grains",52.23
"1406","FI_Development","2020-02-16 11-14-06","Feb 2018","Commodity","CO_grains",54.597
"1407","FI_Development","2020-02-16 11-14-06","Mar 2018","Commodity","CO_grains",53.450001
"1408","FI_Development","2020-02-16 11-14-06","Apr 2018","Commodity","CO_grains",55.040001
"1409","FI_Development","2020-02-16 11-14-06","May 2018","Commodity","CO_grains",54.549999
"1410","FI_Development","2020-02-16 11-14-06","Jun 2018","Commodity","CO_grains",48.119999
"1411","FI_Development","2020-02-16 11-14-06","Jul 2018","Commodity","CO_grains",51.139999
"1412","FI_Development","2020-02-16 11-14-06","Aug 2018","Commodity","CO_grains",48.150002
"1413","FI_Development","2020-02-16 11-14-06","Sep 2018","Commodity","CO_grains",47.220001
"1414","FI_Development","2020-02-16 11-14-06","Oct 2018","Commodity","CO_grains",46.619999
"1415","FI_Development","2020-02-16 11-14-06","Nov 2018","Commodity","CO_grains",47.529999
"1416","FI_Development","2020-02-16 11-14-06","Dec 2018","Commodity","CO_grains",46.896
"1417","FI_Development","2020-02-16 11-14-06","Jan 2019","Commodity","CO_grains",47.762001
"1418","FI_Development","2020-02-16 11-14-06","Feb 2019","Commodity","CO_grains",45.389999
"1419","FI_Development","2020-02-16 11-14-06","Mar 2019","Commodity","CO_grains",44.27
"1420","FI_Development","2020-02-16 11-14-06","Apr 2019","Commodity","CO_grains",42.490002
