"","VERSION","TimeStamp","MONTH","AC_ID","MOD_ID","PC1"
"1","FI_Development","2020-02-16 11-14-06","Jul 2013","FixedIncome","FI_treas_short",0.0600020000000008
"2","FI_Development","2020-02-16 11-14-06","Aug 2013","FixedIncome","FI_treas_short",-0.0700019999999988
"3","FI_Development","2020-02-16 11-14-06","Sep 2013","FixedIncome","FI_treas_short",0.150001999999997
"4","FI_Development","2020-02-16 11-14-06","Oct 2013","FixedIncome","FI_treas_short",0.229999000000003
"5","FI_Development","2020-02-16 11-14-06","Nov 2013","FixedIncome","FI_treas_short",0
"6","FI_Development","2020-02-16 11-14-06","Dec 2013","FixedIncome","FI_treas_short",-0.330000000000002
"7","FI_Development","2020-02-16 11-14-06","Jan 2014","FixedIncome","FI_treas_short",0.100000999999999
"8","FI_Development","2020-02-16 11-14-06","Feb 2014","FixedIncome","FI_treas_short",0.0599990000000012
"9","FI_Development","2020-02-16 11-14-06","Mar 2014","FixedIncome","FI_treas_short",-0.130001
"10","FI_Development","2020-02-16 11-14-06","Apr 2014","FixedIncome","FI_treas_short",0.0500010000000017
"11","FI_Development","2020-02-16 11-14-06","May 2014","FixedIncome","FI_treas_short",0.0899999999999999
"12","FI_Development","2020-02-16 11-14-06","Jun 2014","FixedIncome","FI_treas_short",-0.0300000000000011
"13","FI_Development","2020-02-16 11-14-06","Jul 2014","FixedIncome","FI_treas_short",-0.0800000000000018
"14","FI_Development","2020-02-16 11-14-06","Aug 2014","FixedIncome","FI_treas_short",1.819999
"15","FI_Development","2020-02-16 11-14-06","Sep 2014","FixedIncome","FI_treas_short",-1.67
"16","FI_Development","2020-02-16 11-14-06","Oct 2014","FixedIncome","FI_treas_short",0.110001
"17","FI_Development","2020-02-16 11-14-06","Nov 2014","FixedIncome","FI_treas_short",-0.0499989999999997
"18","FI_Development","2020-02-16 11-14-06","Dec 2014","FixedIncome","FI_treas_short",-0.120001000000002
"19","FI_Development","2020-02-16 11-14-06","Jan 2015","FixedIncome","FI_treas_short",0.290001
"20","FI_Development","2020-02-16 11-14-06","Feb 2015","FixedIncome","FI_treas_short",-0.169999999999998
"21","FI_Development","2020-02-16 11-14-06","Mar 2015","FixedIncome","FI_treas_short",0.149999000000001
"22","FI_Development","2020-02-16 11-14-06","Apr 2015","FixedIncome","FI_treas_short",-0.0899999999999999
"23","FI_Development","2020-02-16 11-14-06","May 2015","FixedIncome","FI_treas_short",0.0399989999999981
"24","FI_Development","2020-02-16 11-14-06","Jun 2015","FixedIncome","FI_treas_short",-0.00999799999999951
"25","FI_Development","2020-02-16 11-14-06","Jul 2015","FixedIncome","FI_treas_short",-0.0700019999999988
"26","FI_Development","2020-02-16 11-14-06","Aug 2015","FixedIncome","FI_treas_short",0.0600019999999972
"27","FI_Development","2020-02-16 11-14-06","Sep 2015","FixedIncome","FI_treas_short",0.0899999999999999
"28","FI_Development","2020-02-16 11-14-06","Oct 2015","FixedIncome","FI_treas_short",-0.0799999999999983
"29","FI_Development","2020-02-16 11-14-06","Nov 2015","FixedIncome","FI_treas_short",-0.130001
"30","FI_Development","2020-02-16 11-14-06","Dec 2015","FixedIncome","FI_treas_short",-0.0599999999999987
"31","FI_Development","2020-02-16 11-14-06","Jan 2016","FixedIncome","FI_treas_short",0.309999999999999
"32","FI_Development","2020-02-16 11-14-06","Feb 2016","FixedIncome","FI_treas_short",0.0199999999999996
"33","FI_Development","2020-02-16 11-14-06","Mar 2016","FixedIncome","FI_treas_short",0.0599999999999987
"34","FI_Development","2020-02-16 11-14-06","Apr 2016","FixedIncome","FI_treas_short",-0.0499989999999997
"35","FI_Development","2020-02-16 11-14-06","May 2016","FixedIncome","FI_treas_short",-0.0400010000000002
"36","FI_Development","2020-02-16 11-14-06","Jun 2016","FixedIncome","FI_treas_short",0.260000000000002
"37","FI_Development","2020-02-16 11-14-06","Jul 2016","FixedIncome","FI_treas_short",-0.0300009999999986
"38","FI_Development","2020-02-16 11-14-06","Aug 2016","FixedIncome","FI_treas_short",-0.139999000000003
"39","FI_Development","2020-02-16 11-14-06","Sep 2016","FixedIncome","FI_treas_short",0.0599990000000012
"40","FI_Development","2020-02-16 11-14-06","Oct 2016","FixedIncome","FI_treas_short",-0.109998000000001
"41","FI_Development","2020-02-16 11-14-06","Nov 2016","FixedIncome","FI_treas_short",-0.350000999999999
"42","FI_Development","2020-02-16 11-14-06","Dec 2016","FixedIncome","FI_treas_short",-0.0400010000000002
"43","FI_Development","2020-02-16 11-14-06","Jan 2017","FixedIncome","FI_treas_short",0.0500010000000017
"44","FI_Development","2020-02-16 11-14-06","Feb 2017","FixedIncome","FI_treas_short",0.0299990000000001
"45","FI_Development","2020-02-16 11-14-06","Mar 2017","FixedIncome","FI_treas_short",-0.0199980000000011
"46","FI_Development","2020-02-16 11-14-06","Apr 2017","FixedIncome","FI_treas_short",0.0799999999999983
"47","FI_Development","2020-02-16 11-14-06","May 2017","FixedIncome","FI_treas_short",0.0399990000000017
"48","FI_Development","2020-02-16 11-14-06","Jun 2017","FixedIncome","FI_treas_short",-0.0700000000000003
"49","FI_Development","2020-02-16 11-14-06","Jul 2017","FixedIncome","FI_treas_short",0.0400010000000002
"50","FI_Development","2020-02-16 11-14-06","Aug 2017","FixedIncome","FI_treas_short",0.0799999999999983
"51","FI_Development","2020-02-16 11-14-06","Sep 2017","FixedIncome","FI_treas_short",-0.130001
"52","FI_Development","2020-02-16 11-14-06","Oct 2017","FixedIncome","FI_treas_short",-0.0700000000000003
"53","FI_Development","2020-02-16 11-14-06","Nov 2017","FixedIncome","FI_treas_short",-0.110000999999997
"54","FI_Development","2020-02-16 11-14-06","Dec 2017","FixedIncome","FI_treas_short",-0.0999980000000029
"55","FI_Development","2020-02-16 11-14-06","Jan 2018","FixedIncome","FI_treas_short",-0.160001999999999
"56","FI_Development","2020-02-16 11-14-06","Feb 2018","FixedIncome","FI_treas_short",-0.0799999999999983
"57","FI_Development","2020-02-16 11-14-06","Mar 2018","FixedIncome","FI_treas_short",0.0500009999999982
"58","FI_Development","2020-02-16 11-14-06","Apr 2018","FixedIncome","FI_treas_short",-0.149999000000001
"59","FI_Development","2020-02-16 11-14-06","May 2018","FixedIncome","FI_treas_short",0.0599990000000012
"60","FI_Development","2020-02-16 11-14-06","Jun 2018","FixedIncome","FI_treas_short",-0.0300009999999986
"61","FI_Development","2020-02-16 11-14-06","Jul 2018","FixedIncome","FI_treas_short",-0.0699990000000028
"62","FI_Development","2020-02-16 11-14-06","Aug 2018","FixedIncome","FI_treas_short",0.0300000000000011
"63","FI_Development","2020-02-16 11-14-06","Sep 2018","FixedIncome","FI_treas_short",-0.0699989999999993
"64","FI_Development","2020-02-16 11-14-06","Oct 2018","FixedIncome","FI_treas_short",-0.0200010000000006
"65","FI_Development","2020-02-16 11-14-06","Nov 2018","FixedIncome","FI_treas_short",0.0500000000000007
"66","FI_Development","2020-02-16 11-14-06","Dec 2018","FixedIncome","FI_treas_short",0.0999999999999979
"67","FI_Development","2020-02-16 11-14-06","Jan 2019","FixedIncome","FI_treas_short",0.100000000000001
"68","FI_Development","2020-02-16 11-14-06","Feb 2019","FixedIncome","FI_treas_short",-0.0400010000000002
"69","FI_Development","2020-02-16 11-14-06","Mar 2019","FixedIncome","FI_treas_short",0.120001000000002
"70","FI_Development","2020-02-16 11-14-06","Apr 2019","FixedIncome","FI_treas_short",0
"71","FI_Development","2020-02-16 11-14-06","Jul 2013","FixedIncome","FI_treas_long",-0.555002000000002
"72","FI_Development","2020-02-16 11-14-06","Aug 2013","FixedIncome","FI_treas_long",-0.465000999999997
"73","FI_Development","2020-02-16 11-14-06","Sep 2013","FixedIncome","FI_treas_long",0.190000999999999
"74","FI_Development","2020-02-16 11-14-06","Oct 2013","FixedIncome","FI_treas_long",0.305
"75","FI_Development","2020-02-16 11-14-06","Nov 2013","FixedIncome","FI_treas_long",-0.91
"76","FI_Development","2020-02-16 11-14-06","Dec 2013","FixedIncome","FI_treas_long",-0.724999999999998
"77","FI_Development","2020-02-16 11-14-06","Jan 2014","FixedIncome","FI_treas_long",1.789999
"78","FI_Development","2020-02-16 11-14-06","Feb 2014","FixedIncome","FI_treas_long",0.0700019999999988
"79","FI_Development","2020-02-16 11-14-06","Mar 2014","FixedIncome","FI_treas_long",0.119999
"80","FI_Development","2020-02-16 11-14-06","Apr 2014","FixedIncome","FI_treas_long",0.539999000000002
"81","FI_Development","2020-02-16 11-14-06","May 2014","FixedIncome","FI_treas_long",0.835003
"82","FI_Development","2020-02-16 11-14-06","Jun 2014","FixedIncome","FI_treas_long",-0.125
"83","FI_Development","2020-02-16 11-14-06","Jul 2014","FixedIncome","FI_treas_long",0.0449979999999996
"84","FI_Development","2020-02-16 11-14-06","Aug 2014","FixedIncome","FI_treas_long",1.345001
"85","FI_Development","2020-02-16 11-14-06","Sep 2014","FixedIncome","FI_treas_long",-0.720000999999996
"86","FI_Development","2020-02-16 11-14-06","Oct 2014","FixedIncome","FI_treas_long",0.740000999999999
"87","FI_Development","2020-02-16 11-14-06","Nov 2014","FixedIncome","FI_treas_long",0.859997
"88","FI_Development","2020-02-16 11-14-06","Dec 2014","FixedIncome","FI_treas_long",1.015003
"89","FI_Development","2020-02-16 11-14-06","Jan 2015","FixedIncome","FI_treas_long",3.164997
"90","FI_Development","2020-02-16 11-14-06","Feb 2015","FixedIncome","FI_treas_long",-2.269996
"91","FI_Development","2020-02-16 11-14-06","Mar 2015","FixedIncome","FI_treas_long",0.279998999999997
"92","FI_Development","2020-02-16 11-14-06","Apr 2015","FixedIncome","FI_treas_long",-1.195
"93","FI_Development","2020-02-16 11-14-06","May 2015","FixedIncome","FI_treas_long",-0.905002999999994
"94","FI_Development","2020-02-16 11-14-06","Jun 2015","FixedIncome","FI_treas_long",-1.34999800000001
"95","FI_Development","2020-02-16 11-14-06","Jul 2015","FixedIncome","FI_treas_long",1.334999
"96","FI_Development","2020-02-16 11-14-06","Aug 2015","FixedIncome","FI_treas_long",-0.294998
"97","FI_Development","2020-02-16 11-14-06","Sep 2015","FixedIncome","FI_treas_long",0.555
"98","FI_Development","2020-02-16 11-14-06","Oct 2015","FixedIncome","FI_treas_long",-0.190002
"99","FI_Development","2020-02-16 11-14-06","Nov 2015","FixedIncome","FI_treas_long",-0.384999000000001
"100","FI_Development","2020-02-16 11-14-06","Dec 2015","FixedIncome","FI_treas_long",-0.240000999999999
"101","FI_Development","2020-02-16 11-14-06","Jan 2016","FixedIncome","FI_treas_long",1.830001
"102","FI_Development","2020-02-16 11-14-06","Feb 2016","FixedIncome","FI_treas_long",0.924999999999997
"103","FI_Development","2020-02-16 11-14-06","Mar 2016","FixedIncome","FI_treas_long",-0.00999900000000054
"104","FI_Development","2020-02-16 11-14-06","Apr 2016","FixedIncome","FI_treas_long",-0.315002
"105","FI_Development","2020-02-16 11-14-06","May 2016","FixedIncome","FI_treas_long",0.18
"106","FI_Development","2020-02-16 11-14-06","Jun 2016","FixedIncome","FI_treas_long",2.360001
"107","FI_Development","2020-02-16 11-14-06","Jul 2016","FixedIncome","FI_treas_long",0.729999000000007
"108","FI_Development","2020-02-16 11-14-06","Aug 2016","FixedIncome","FI_treas_long",-0.494999
"109","FI_Development","2020-02-16 11-14-06","Sep 2016","FixedIncome","FI_treas_long",-0.615001000000007
"110","FI_Development","2020-02-16 11-14-06","Oct 2016","FixedIncome","FI_treas_long",-1.735001
"111","FI_Development","2020-02-16 11-14-06","Nov 2016","FixedIncome","FI_treas_long",-3.054996
"112","FI_Development","2020-02-16 11-14-06","Dec 2016","FixedIncome","FI_treas_long",-0.295001999999997
"113","FI_Development","2020-02-16 11-14-06","Jan 2017","FixedIncome","FI_treas_long",0.260002
"114","FI_Development","2020-02-16 11-14-06","Feb 2017","FixedIncome","FI_treas_long",0.484997
"115","FI_Development","2020-02-16 11-14-06","Mar 2017","FixedIncome","FI_treas_long",-0.314999
"116","FI_Development","2020-02-16 11-14-06","Apr 2017","FixedIncome","FI_treas_long",0.474997999999999
"117","FI_Development","2020-02-16 11-14-06","May 2017","FixedIncome","FI_treas_long",0.560001999999997
"118","FI_Development","2020-02-16 11-14-06","Jun 2017","FixedIncome","FI_treas_long",0.145000000000003
"119","FI_Development","2020-02-16 11-14-06","Jul 2017","FixedIncome","FI_treas_long",-0.260002
"120","FI_Development","2020-02-16 11-14-06","Aug 2017","FixedIncome","FI_treas_long",1.080002
"121","FI_Development","2020-02-16 11-14-06","Sep 2017","FixedIncome","FI_treas_long",-0.884998000000003
"122","FI_Development","2020-02-16 11-14-06","Oct 2017","FixedIncome","FI_treas_long",-0.0800020000000004
"123","FI_Development","2020-02-16 11-14-06","Nov 2017","FixedIncome","FI_treas_long",0.139999000000003
"124","FI_Development","2020-02-16 11-14-06","Dec 2017","FixedIncome","FI_treas_long",0.540001000000004
"125","FI_Development","2020-02-16 11-14-06","Jan 2018","FixedIncome","FI_treas_long",-1.240002
"126","FI_Development","2020-02-16 11-14-06","Feb 2018","FixedIncome","FI_treas_long",-1.119998
"127","FI_Development","2020-02-16 11-14-06","Mar 2018","FixedIncome","FI_treas_long",0.869998000000002
"128","FI_Development","2020-02-16 11-14-06","Apr 2018","FixedIncome","FI_treas_long",-0.789997
"129","FI_Development","2020-02-16 11-14-06","May 2018","FixedIncome","FI_treas_long",0.590001000000001
"130","FI_Development","2020-02-16 11-14-06","Jun 2018","FixedIncome","FI_treas_long",0.129996999999996
"131","FI_Development","2020-02-16 11-14-06","Jul 2018","FixedIncome","FI_treas_long",-0.569999999999993
"132","FI_Development","2020-02-16 11-14-06","Aug 2018","FixedIncome","FI_treas_long",0.370002999999997
"133","FI_Development","2020-02-16 11-14-06","Sep 2018","FixedIncome","FI_treas_long",-1.030003
"134","FI_Development","2020-02-16 11-14-06","Oct 2018","FixedIncome","FI_treas_long",-1.040001
"135","FI_Development","2020-02-16 11-14-06","Nov 2018","FixedIncome","FI_treas_long",0.5
"136","FI_Development","2020-02-16 11-14-06","Dec 2018","FixedIncome","FI_treas_long",1.78000299999999
"137","FI_Development","2020-02-16 11-14-06","Jan 2019","FixedIncome","FI_treas_long",0.0999980000000065
"138","FI_Development","2020-02-16 11-14-06","Feb 2019","FixedIncome","FI_treas_long",-0.549999
"139","FI_Development","2020-02-16 11-14-06","Mar 2019","FixedIncome","FI_treas_long",1.799999
"140","FI_Development","2020-02-16 11-14-06","Apr 2019","FixedIncome","FI_treas_long",-0.759998000000003
"141","FI_Development","2020-02-16 11-14-06","Jul 2013","FixedIncome","FI_IG_short",0.0800000000000018
"142","FI_Development","2020-02-16 11-14-06","Aug 2013","FixedIncome","FI_IG_short",-0.110001
"143","FI_Development","2020-02-16 11-14-06","Sep 2013","FixedIncome","FI_IG_short",0.180000999999997
"144","FI_Development","2020-02-16 11-14-06","Oct 2013","FixedIncome","FI_IG_short",0.0300000000000011
"145","FI_Development","2020-02-16 11-14-06","Nov 2013","FixedIncome","FI_IG_short",0.0500000000000007
"146","FI_Development","2020-02-16 11-14-06","Dec 2013","FixedIncome","FI_IG_short",-0.129999000000002
"147","FI_Development","2020-02-16 11-14-06","Jan 2014","FixedIncome","FI_IG_short",0.0499989999999997
"148","FI_Development","2020-02-16 11-14-06","Feb 2014","FixedIncome","FI_IG_short",0.0699990000000028
"149","FI_Development","2020-02-16 11-14-06","Mar 2014","FixedIncome","FI_IG_short",-0.0499989999999997
"150","FI_Development","2020-02-16 11-14-06","Apr 2014","FixedIncome","FI_IG_short",0.0300009999999986
"151","FI_Development","2020-02-16 11-14-06","May 2014","FixedIncome","FI_IG_short",0.0599990000000012
"152","FI_Development","2020-02-16 11-14-06","Jun 2014","FixedIncome","FI_IG_short",-0.0400010000000002
"153","FI_Development","2020-02-16 11-14-06","Jul 2014","FixedIncome","FI_IG_short",-0.0699990000000028
"154","FI_Development","2020-02-16 11-14-06","Aug 2014","FixedIncome","FI_IG_short",0.0400010000000002
"155","FI_Development","2020-02-16 11-14-06","Sep 2014","FixedIncome","FI_IG_short",-0.0899999999999999
"156","FI_Development","2020-02-16 11-14-06","Oct 2014","FixedIncome","FI_IG_short",0.0599990000000012
"157","FI_Development","2020-02-16 11-14-06","Nov 2014","FixedIncome","FI_IG_short",-0.0199999999999996
"158","FI_Development","2020-02-16 11-14-06","Dec 2014","FixedIncome","FI_IG_short",-0.150000000000002
"159","FI_Development","2020-02-16 11-14-06","Jan 2015","FixedIncome","FI_IG_short",0.120001000000002
"160","FI_Development","2020-02-16 11-14-06","Feb 2015","FixedIncome","FI_IG_short",0.0399989999999981
"161","FI_Development","2020-02-16 11-14-06","Mar 2015","FixedIncome","FI_IG_short",0.0100000000000016
"162","FI_Development","2020-02-16 11-14-06","Apr 2015","FixedIncome","FI_IG_short",-0.0499989999999997
"163","FI_Development","2020-02-16 11-14-06","May 2015","FixedIncome","FI_IG_short",-0.0400010000000002
"164","FI_Development","2020-02-16 11-14-06","Jun 2015","FixedIncome","FI_IG_short",-0.0599999999999987
"165","FI_Development","2020-02-16 11-14-06","Jul 2015","FixedIncome","FI_IG_short",0
"166","FI_Development","2020-02-16 11-14-06","Aug 2015","FixedIncome","FI_IG_short",-0.130001
"167","FI_Development","2020-02-16 11-14-06","Sep 2015","FixedIncome","FI_IG_short",0.0500009999999982
"168","FI_Development","2020-02-16 11-14-06","Oct 2015","FixedIncome","FI_IG_short",0.0500000000000007
"169","FI_Development","2020-02-16 11-14-06","Nov 2015","FixedIncome","FI_IG_short",0
"170","FI_Development","2020-02-16 11-14-06","Dec 2015","FixedIncome","FI_IG_short",-0.170000000000002
"171","FI_Development","2020-02-16 11-14-06","Jan 2016","FixedIncome","FI_IG_short",-0.020000999999997
"172","FI_Development","2020-02-16 11-14-06","Feb 2016","FixedIncome","FI_IG_short",0.110000999999997
"173","FI_Development","2020-02-16 11-14-06","Mar 2016","FixedIncome","FI_IG_short",0.139999000000003
"174","FI_Development","2020-02-16 11-14-06","Apr 2016","FixedIncome","FI_IG_short",0.0700019999999988
"175","FI_Development","2020-02-16 11-14-06","May 2016","FixedIncome","FI_IG_short",-0.0700019999999988
"176","FI_Development","2020-02-16 11-14-06","Jun 2016","FixedIncome","FI_IG_short",0.150001999999997
"177","FI_Development","2020-02-16 11-14-06","Jul 2016","FixedIncome","FI_IG_short",0.0599990000000012
"178","FI_Development","2020-02-16 11-14-06","Aug 2016","FixedIncome","FI_IG_short",-0.0700000000000003
"179","FI_Development","2020-02-16 11-14-06","Sep 2016","FixedIncome","FI_IG_short",0
"180","FI_Development","2020-02-16 11-14-06","Oct 2016","FixedIncome","FI_IG_short",-0.0600009999999997
"181","FI_Development","2020-02-16 11-14-06","Nov 2016","FixedIncome","FI_IG_short",-0.169998
"182","FI_Development","2020-02-16 11-14-06","Dec 2016","FixedIncome","FI_IG_short",-0.0100000000000016
"183","FI_Development","2020-02-16 11-14-06","Jan 2017","FixedIncome","FI_IG_short",0.0599990000000012
"184","FI_Development","2020-02-16 11-14-06","Feb 2017","FixedIncome","FI_IG_short",0.0200010000000006
"185","FI_Development","2020-02-16 11-14-06","Mar 2017","FixedIncome","FI_IG_short",0
"186","FI_Development","2020-02-16 11-14-06","Apr 2017","FixedIncome","FI_IG_short",0.0299979999999991
"187","FI_Development","2020-02-16 11-14-06","May 2017","FixedIncome","FI_IG_short",0.0300010000000022
"188","FI_Development","2020-02-16 11-14-06","Jun 2017","FixedIncome","FI_IG_short",-0.0300010000000022
"189","FI_Development","2020-02-16 11-14-06","Jul 2017","FixedIncome","FI_IG_short",0.0600020000000008
"190","FI_Development","2020-02-16 11-14-06","Aug 2017","FixedIncome","FI_IG_short",0.0299990000000001
"191","FI_Development","2020-02-16 11-14-06","Sep 2017","FixedIncome","FI_IG_short",-0.0599999999999987
"192","FI_Development","2020-02-16 11-14-06","Oct 2017","FixedIncome","FI_IG_short",-0.0100000000000016
"193","FI_Development","2020-02-16 11-14-06","Nov 2017","FixedIncome","FI_IG_short",-0.149999999999999
"194","FI_Development","2020-02-16 11-14-06","Dec 2017","FixedIncome","FI_IG_short",-0.0899999999999999
"195","FI_Development","2020-02-16 11-14-06","Jan 2018","FixedIncome","FI_IG_short",-0.0700000000000003
"196","FI_Development","2020-02-16 11-14-06","Feb 2018","FixedIncome","FI_IG_short",-0.149999000000001
"197","FI_Development","2020-02-16 11-14-06","Mar 2018","FixedIncome","FI_IG_short",0
"198","FI_Development","2020-02-16 11-14-06","Apr 2018","FixedIncome","FI_IG_short",-0.0300009999999986
"199","FI_Development","2020-02-16 11-14-06","May 2018","FixedIncome","FI_IG_short",0.0499989999999997
"200","FI_Development","2020-02-16 11-14-06","Jun 2018","FixedIncome","FI_IG_short",-0.0599990000000012
"201","FI_Development","2020-02-16 11-14-06","Jul 2018","FixedIncome","FI_IG_short",0.0300009999999986
"202","FI_Development","2020-02-16 11-14-06","Aug 2018","FixedIncome","FI_IG_short",0.0699990000000028
"203","FI_Development","2020-02-16 11-14-06","Sep 2018","FixedIncome","FI_IG_short",-0.0800000000000018
"204","FI_Development","2020-02-16 11-14-06","Oct 2018","FixedIncome","FI_IG_short",-0.0799999999999983
"205","FI_Development","2020-02-16 11-14-06","Nov 2018","FixedIncome","FI_IG_short",-0.0200000000000031
"206","FI_Development","2020-02-16 11-14-06","Dec 2018","FixedIncome","FI_IG_short",0.0599990000000012
"207","FI_Development","2020-02-16 11-14-06","Jan 2019","FixedIncome","FI_IG_short",0.270001000000001
"208","FI_Development","2020-02-16 11-14-06","Feb 2019","FixedIncome","FI_IG_short",0.0100000000000016
"209","FI_Development","2020-02-16 11-14-06","Mar 2019","FixedIncome","FI_IG_short",0.129998999999998
"210","FI_Development","2020-02-16 11-14-06","Apr 2019","FixedIncome","FI_IG_short",0.0100000000000016
"211","FI_Development","2020-02-16 11-14-06","Jul 2013","FixedIncome","FI_IG_long",-0.0733320000000006
"212","FI_Development","2020-02-16 11-14-06","Aug 2013","FixedIncome","FI_IG_long",-0.400001
"213","FI_Development","2020-02-16 11-14-06","Sep 2013","FixedIncome","FI_IG_long",-0.0533339999999995
"214","FI_Development","2020-02-16 11-14-06","Oct 2013","FixedIncome","FI_IG_long",0.693335000000001
"215","FI_Development","2020-02-16 11-14-06","Nov 2013","FixedIncome","FI_IG_long",-0.52
"216","FI_Development","2020-02-16 11-14-06","Dec 2013","FixedIncome","FI_IG_long",-0.0666679999999999
"217","FI_Development","2020-02-16 11-14-06","Jan 2014","FixedIncome","FI_IG_long",0.780000999999999
"218","FI_Development","2020-02-16 11-14-06","Feb 2014","FixedIncome","FI_IG_long",0.486667000000001
"219","FI_Development","2020-02-16 11-14-06","Mar 2014","FixedIncome","FI_IG_long",0.16
"220","FI_Development","2020-02-16 11-14-06","Apr 2014","FixedIncome","FI_IG_long",0.593332
"221","FI_Development","2020-02-16 11-14-06","May 2014","FixedIncome","FI_IG_long",0.333334000000001
"222","FI_Development","2020-02-16 11-14-06","Jun 2014","FixedIncome","FI_IG_long",-0.0333320000000015
"223","FI_Development","2020-02-16 11-14-06","Jul 2014","FixedIncome","FI_IG_long",0.0199980000000011
"224","FI_Development","2020-02-16 11-14-06","Aug 2014","FixedIncome","FI_IG_long",0.739999999999998
"225","FI_Development","2020-02-16 11-14-06","Sep 2014","FixedIncome","FI_IG_long",-0.833331999999999
"226","FI_Development","2020-02-16 11-14-06","Oct 2014","FixedIncome","FI_IG_long",0.379998999999998
"227","FI_Development","2020-02-16 11-14-06","Nov 2014","FixedIncome","FI_IG_long",0.18
"228","FI_Development","2020-02-16 11-14-06","Dec 2014","FixedIncome","FI_IG_long",0.0200010000000006
"229","FI_Development","2020-02-16 11-14-06","Jan 2015","FixedIncome","FI_IG_long",1.693332
"230","FI_Development","2020-02-16 11-14-06","Feb 2015","FixedIncome","FI_IG_long",-0.84
"231","FI_Development","2020-02-16 11-14-06","Mar 2015","FixedIncome","FI_IG_long",-0.193332000000002
"232","FI_Development","2020-02-16 11-14-06","Apr 2015","FixedIncome","FI_IG_long",-0.886668
"233","FI_Development","2020-02-16 11-14-06","May 2015","FixedIncome","FI_IG_long",-0.786666999999998
"234","FI_Development","2020-02-16 11-14-06","Jun 2015","FixedIncome","FI_IG_long",-1.033332
"235","FI_Development","2020-02-16 11-14-06","Jul 2015","FixedIncome","FI_IG_long",0.546666999999999
"236","FI_Development","2020-02-16 11-14-06","Aug 2015","FixedIncome","FI_IG_long",-0.600000999999999
"237","FI_Development","2020-02-16 11-14-06","Sep 2015","FixedIncome","FI_IG_long",0.0733339999999991
"238","FI_Development","2020-02-16 11-14-06","Oct 2015","FixedIncome","FI_IG_long",0.359999000000002
"239","FI_Development","2020-02-16 11-14-06","Nov 2015","FixedIncome","FI_IG_long",-0.459999
"240","FI_Development","2020-02-16 11-14-06","Dec 2015","FixedIncome","FI_IG_long",-0.393334000000003
"241","FI_Development","2020-02-16 11-14-06","Jan 2016","FixedIncome","FI_IG_long",-0.0466669999999993
"242","FI_Development","2020-02-16 11-14-06","Feb 2016","FixedIncome","FI_IG_long",0.353335000000001
"243","FI_Development","2020-02-16 11-14-06","Mar 2016","FixedIncome","FI_IG_long",1.233333
"244","FI_Development","2020-02-16 11-14-06","Apr 2016","FixedIncome","FI_IG_long",0.686667
"245","FI_Development","2020-02-16 11-14-06","May 2016","FixedIncome","FI_IG_long",-0.286666999999998
"246","FI_Development","2020-02-16 11-14-06","Jun 2016","FixedIncome","FI_IG_long",1.146665
"247","FI_Development","2020-02-16 11-14-06","Jul 2016","FixedIncome","FI_IG_long",0.740000000000002
"248","FI_Development","2020-02-16 11-14-06","Aug 2016","FixedIncome","FI_IG_long",0.0533329999999985
"249","FI_Development","2020-02-16 11-14-06","Sep 2016","FixedIncome","FI_IG_long",-0.339998000000001
"250","FI_Development","2020-02-16 11-14-06","Oct 2016","FixedIncome","FI_IG_long",-0.813333
"251","FI_Development","2020-02-16 11-14-06","Nov 2016","FixedIncome","FI_IG_long",-1.646668
"252","FI_Development","2020-02-16 11-14-06","Dec 2016","FixedIncome","FI_IG_long",0.446666999999998
"253","FI_Development","2020-02-16 11-14-06","Jan 2017","FixedIncome","FI_IG_long",0.0466670000000029
"254","FI_Development","2020-02-16 11-14-06","Feb 2017","FixedIncome","FI_IG_long",0.440000999999999
"255","FI_Development","2020-02-16 11-14-06","Mar 2017","FixedIncome","FI_IG_long",-0.293334999999999
"256","FI_Development","2020-02-16 11-14-06","Apr 2017","FixedIncome","FI_IG_long",0.313333
"257","FI_Development","2020-02-16 11-14-06","May 2017","FixedIncome","FI_IG_long",0.540001
"258","FI_Development","2020-02-16 11-14-06","Jun 2017","FixedIncome","FI_IG_long",0.133333
"259","FI_Development","2020-02-16 11-14-06","Jul 2017","FixedIncome","FI_IG_long",0.219999999999999
"260","FI_Development","2020-02-16 11-14-06","Aug 2017","FixedIncome","FI_IG_long",0.173334000000001
"261","FI_Development","2020-02-16 11-14-06","Sep 2017","FixedIncome","FI_IG_long",-0.0733340000000027
"262","FI_Development","2020-02-16 11-14-06","Oct 2017","FixedIncome","FI_IG_long",0.0800000000000018
"263","FI_Development","2020-02-16 11-14-06","Nov 2017","FixedIncome","FI_IG_long",-0.0100000000000016
"264","FI_Development","2020-02-16 11-14-06","Dec 2017","FixedIncome","FI_IG_long",0.460001000000002
"265","FI_Development","2020-02-16 11-14-06","Jan 2018","FixedIncome","FI_IG_long",-0.32
"266","FI_Development","2020-02-16 11-14-06","Feb 2018","FixedIncome","FI_IG_long",-1.270001
"267","FI_Development","2020-02-16 11-14-06","Mar 2018","FixedIncome","FI_IG_long",0.25
"268","FI_Development","2020-02-16 11-14-06","Apr 2018","FixedIncome","FI_IG_long",-0.780000000000001
"269","FI_Development","2020-02-16 11-14-06","May 2018","FixedIncome","FI_IG_long",-0.0300009999999986
"270","FI_Development","2020-02-16 11-14-06","Jun 2018","FixedIncome","FI_IG_long",-0.339998000000001
"271","FI_Development","2020-02-16 11-14-06","Jul 2018","FixedIncome","FI_IG_long",0.349998000000003
"272","FI_Development","2020-02-16 11-14-06","Aug 2018","FixedIncome","FI_IG_long",-0.129999000000002
"273","FI_Development","2020-02-16 11-14-06","Sep 2018","FixedIncome","FI_IG_long",-0.169999999999998
"274","FI_Development","2020-02-16 11-14-06","Oct 2018","FixedIncome","FI_IG_long",-1.02
"275","FI_Development","2020-02-16 11-14-06","Nov 2018","FixedIncome","FI_IG_long",-0.25
"276","FI_Development","2020-02-16 11-14-06","Dec 2018","FixedIncome","FI_IG_long",0.479999000000003
"277","FI_Development","2020-02-16 11-14-06","Jan 2019","FixedIncome","FI_IG_long",0.970001
"278","FI_Development","2020-02-16 11-14-06","Feb 2019","FixedIncome","FI_IG_long",-0.260000000000002
"279","FI_Development","2020-02-16 11-14-06","Mar 2019","FixedIncome","FI_IG_long",1.039999
"280","FI_Development","2020-02-16 11-14-06","Apr 2019","FixedIncome","FI_IG_long",0.0600019999999972
"281","FI_Development","2020-02-16 11-14-06","Jul 2013","FixedIncome","FI_IG_mid",0.0799979999999962
"282","FI_Development","2020-02-16 11-14-06","Aug 2013","FixedIncome","FI_IG_mid",-0.229998999999999
"283","FI_Development","2020-02-16 11-14-06","Sep 2013","FixedIncome","FI_IG_mid",0.300002999999997
"284","FI_Development","2020-02-16 11-14-06","Oct 2013","FixedIncome","FI_IG_mid",0.329998000000003
"285","FI_Development","2020-02-16 11-14-06","Nov 2013","FixedIncome","FI_IG_mid",-0.189999
"286","FI_Development","2020-02-16 11-14-06","Dec 2013","FixedIncome","FI_IG_mid",-0.280003000000001
"287","FI_Development","2020-02-16 11-14-06","Jan 2014","FixedIncome","FI_IG_mid",0.400002000000001
"288","FI_Development","2020-02-16 11-14-06","Feb 2014","FixedIncome","FI_IG_mid",0.18
"289","FI_Development","2020-02-16 11-14-06","Mar 2014","FixedIncome","FI_IG_mid",-0.18
"290","FI_Development","2020-02-16 11-14-06","Apr 2014","FixedIncome","FI_IG_mid",0.130001
"291","FI_Development","2020-02-16 11-14-06","May 2014","FixedIncome","FI_IG_mid",0.289997
"292","FI_Development","2020-02-16 11-14-06","Jun 2014","FixedIncome","FI_IG_mid",0.0400010000000037
"293","FI_Development","2020-02-16 11-14-06","Jul 2014","FixedIncome","FI_IG_mid",-0.239998
"294","FI_Development","2020-02-16 11-14-06","Aug 2014","FixedIncome","FI_IG_mid",0.259998999999993
"295","FI_Development","2020-02-16 11-14-06","Sep 2014","FixedIncome","FI_IG_mid",-0.349998999999997
"296","FI_Development","2020-02-16 11-14-06","Oct 2014","FixedIncome","FI_IG_mid",0.200001
"297","FI_Development","2020-02-16 11-14-06","Nov 2014","FixedIncome","FI_IG_mid",0.0599970000000027
"298","FI_Development","2020-02-16 11-14-06","Dec 2014","FixedIncome","FI_IG_mid",-0.209999000000003
"299","FI_Development","2020-02-16 11-14-06","Jan 2015","FixedIncome","FI_IG_mid",0.630001
"300","FI_Development","2020-02-16 11-14-06","Feb 2015","FixedIncome","FI_IG_mid",-0.350001999999996
"301","FI_Development","2020-02-16 11-14-06","Mar 2015","FixedIncome","FI_IG_mid",0.0800019999999932
"302","FI_Development","2020-02-16 11-14-06","Apr 2015","FixedIncome","FI_IG_mid",-0.0200009999999935
"303","FI_Development","2020-02-16 11-14-06","May 2015","FixedIncome","FI_IG_mid",-0.200000000000003
"304","FI_Development","2020-02-16 11-14-06","Jun 2015","FixedIncome","FI_IG_mid",-0.349998999999997
"305","FI_Development","2020-02-16 11-14-06","Jul 2015","FixedIncome","FI_IG_mid",0.0399969999999996
"306","FI_Development","2020-02-16 11-14-06","Aug 2015","FixedIncome","FI_IG_mid",-0.219997000000006
"307","FI_Development","2020-02-16 11-14-06","Sep 2015","FixedIncome","FI_IG_mid",0.160000000000004
"308","FI_Development","2020-02-16 11-14-06","Oct 2015","FixedIncome","FI_IG_mid",0
"309","FI_Development","2020-02-16 11-14-06","Nov 2015","FixedIncome","FI_IG_mid",-0.0700000000000003
"310","FI_Development","2020-02-16 11-14-06","Dec 2015","FixedIncome","FI_IG_mid",-0.450001
"311","FI_Development","2020-02-16 11-14-06","Jan 2016","FixedIncome","FI_IG_mid",0.220002000000001
"312","FI_Development","2020-02-16 11-14-06","Feb 2016","FixedIncome","FI_IG_mid",0.189998000000003
"313","FI_Development","2020-02-16 11-14-06","Mar 2016","FixedIncome","FI_IG_mid",0.43
"314","FI_Development","2020-02-16 11-14-06","Apr 2016","FixedIncome","FI_IG_mid",0.200001
"315","FI_Development","2020-02-16 11-14-06","May 2016","FixedIncome","FI_IG_mid",-0.150001000000003
"316","FI_Development","2020-02-16 11-14-06","Jun 2016","FixedIncome","FI_IG_mid",0.569999000000003
"317","FI_Development","2020-02-16 11-14-06","Jul 2016","FixedIncome","FI_IG_mid",0.130001
"318","FI_Development","2020-02-16 11-14-06","Aug 2016","FixedIncome","FI_IG_mid",-0.119998000000002
"319","FI_Development","2020-02-16 11-14-06","Sep 2016","FixedIncome","FI_IG_mid",0.00999799999999595
"320","FI_Development","2020-02-16 11-14-06","Oct 2016","FixedIncome","FI_IG_mid",-0.25
"321","FI_Development","2020-02-16 11-14-06","Nov 2016","FixedIncome","FI_IG_mid",-0.740001999999997
"322","FI_Development","2020-02-16 11-14-06","Dec 2016","FixedIncome","FI_IG_mid",-0.00999800000000306
"323","FI_Development","2020-02-16 11-14-06","Jan 2017","FixedIncome","FI_IG_mid",0.150001000000003
"324","FI_Development","2020-02-16 11-14-06","Feb 2017","FixedIncome","FI_IG_mid",0.180000999999997
"325","FI_Development","2020-02-16 11-14-06","Mar 2017","FixedIncome","FI_IG_mid",-0.110000999999997
"326","FI_Development","2020-02-16 11-14-06","Apr 2017","FixedIncome","FI_IG_mid",0.18
"327","FI_Development","2020-02-16 11-14-06","May 2017","FixedIncome","FI_IG_mid",0.189999
"328","FI_Development","2020-02-16 11-14-06","Jun 2017","FixedIncome","FI_IG_mid",-0.0900000000000034
"329","FI_Development","2020-02-16 11-14-06","Jul 2017","FixedIncome","FI_IG_mid",0.180000000000007
"330","FI_Development","2020-02-16 11-14-06","Aug 2017","FixedIncome","FI_IG_mid",0.0699999999999932
"331","FI_Development","2020-02-16 11-14-06","Sep 2017","FixedIncome","FI_IG_mid",-0.150001999999994
"332","FI_Development","2020-02-16 11-14-06","Oct 2017","FixedIncome","FI_IG_mid",0.0100020000000001
"333","FI_Development","2020-02-16 11-14-06","Nov 2017","FixedIncome","FI_IG_mid",-0.189998000000003
"334","FI_Development","2020-02-16 11-14-06","Dec 2017","FixedIncome","FI_IG_mid",-0.110000999999997
"335","FI_Development","2020-02-16 11-14-06","Jan 2018","FixedIncome","FI_IG_mid",-0.25
"336","FI_Development","2020-02-16 11-14-06","Feb 2018","FixedIncome","FI_IG_mid",-0.389999000000003
"337","FI_Development","2020-02-16 11-14-06","Mar 2018","FixedIncome","FI_IG_mid",-0.0400010000000037
"338","FI_Development","2020-02-16 11-14-06","Apr 2018","FixedIncome","FI_IG_mid",-0.229999999999997
"339","FI_Development","2020-02-16 11-14-06","May 2018","FixedIncome","FI_IG_mid",0.0499999999999972
"340","FI_Development","2020-02-16 11-14-06","Jun 2018","FixedIncome","FI_IG_mid",-0.0700000000000003
"341","FI_Development","2020-02-16 11-14-06","Jul 2018","FixedIncome","FI_IG_mid",0.0599970000000027
"342","FI_Development","2020-02-16 11-14-06","Aug 2018","FixedIncome","FI_IG_mid",0.0600019999999972
"343","FI_Development","2020-02-16 11-14-06","Sep 2018","FixedIncome","FI_IG_mid",-0.110000999999997
"344","FI_Development","2020-02-16 11-14-06","Oct 2018","FixedIncome","FI_IG_mid",-0.299999
"345","FI_Development","2020-02-16 11-14-06","Nov 2018","FixedIncome","FI_IG_mid",-0.139999000000003
"346","FI_Development","2020-02-16 11-14-06","Dec 2018","FixedIncome","FI_IG_mid",0.18
"347","FI_Development","2020-02-16 11-14-06","Jan 2019","FixedIncome","FI_IG_mid",0.680000000000007
"348","FI_Development","2020-02-16 11-14-06","Feb 2019","FixedIncome","FI_IG_mid",-0.0400010000000037
"349","FI_Development","2020-02-16 11-14-06","Mar 2019","FixedIncome","FI_IG_mid",0.489998
"350","FI_Development","2020-02-16 11-14-06","Apr 2019","FixedIncome","FI_IG_mid",0.0400010000000037
"351","FI_Development","2020-02-16 11-14-06","Jul 2013","FixedIncome","FI_HY",2.369995
"352","FI_Development","2020-02-16 11-14-06","Aug 2013","FixedIncome","FI_HY",-1.829994
"353","FI_Development","2020-02-16 11-14-06","Sep 2013","FixedIncome","FI_HY",0.509995000000004
"354","FI_Development","2020-02-16 11-14-06","Oct 2013","FixedIncome","FI_HY",2.370002
"355","FI_Development","2020-02-16 11-14-06","Nov 2013","FixedIncome","FI_HY",0.360000999999997
"356","FI_Development","2020-02-16 11-14-06","Dec 2013","FixedIncome","FI_HY",-0.569999999999993
"357","FI_Development","2020-02-16 11-14-06","Jan 2014","FixedIncome","FI_HY",0.69000299999999
"358","FI_Development","2020-02-16 11-14-06","Feb 2014","FixedIncome","FI_HY",2.219993
"359","FI_Development","2020-02-16 11-14-06","Mar 2014","FixedIncome","FI_HY",-0.629997000000003
"360","FI_Development","2020-02-16 11-14-06","Apr 2014","FixedIncome","FI_HY",0.0900040000000075
"361","FI_Development","2020-02-16 11-14-06","May 2014","FixedIncome","FI_HY",0.539992999999996
"362","FI_Development","2020-02-16 11-14-06","Jun 2014","FixedIncome","FI_HY",0.600006000000008
"363","FI_Development","2020-02-16 11-14-06","Jul 2014","FixedIncome","FI_HY",-3.54000000000001
"364","FI_Development","2020-02-16 11-14-06","Aug 2014","FixedIncome","FI_HY",2.459999
"365","FI_Development","2020-02-16 11-14-06","Sep 2014","FixedIncome","FI_HY",-3.56999999999999
"366","FI_Development","2020-02-16 11-14-06","Oct 2014","FixedIncome","FI_HY",0.54000099999999
"367","FI_Development","2020-02-16 11-14-06","Nov 2014","FixedIncome","FI_HY",-2.34000399999999
"368","FI_Development","2020-02-16 11-14-06","Dec 2014","FixedIncome","FI_HY",-2.90999600000001
"369","FI_Development","2020-02-16 11-14-06","Jan 2015","FixedIncome","FI_HY",0.989998
"370","FI_Development","2020-02-16 11-14-06","Feb 2015","FixedIncome","FI_HY",2.51999600000001
"371","FI_Development","2020-02-16 11-14-06","Mar 2015","FixedIncome","FI_HY",-1.679992
"372","FI_Development","2020-02-16 11-14-06","Apr 2015","FixedIncome","FI_HY",0.659995999999992
"373","FI_Development","2020-02-16 11-14-06","May 2015","FixedIncome","FI_HY",-0.0599979999999931
"374","FI_Development","2020-02-16 11-14-06","Jun 2015","FixedIncome","FI_HY",-2.970001
"375","FI_Development","2020-02-16 11-14-06","Jul 2015","FixedIncome","FI_HY",-1.379997
"376","FI_Development","2020-02-16 11-14-06","Aug 2015","FixedIncome","FI_HY",-2.880005
"377","FI_Development","2020-02-16 11-14-06","Sep 2015","FixedIncome","FI_HY",-4.04999600000001
"378","FI_Development","2020-02-16 11-14-06","Oct 2015","FixedIncome","FI_HY",2.430001
"379","FI_Development","2020-02-16 11-14-06","Nov 2015","FixedIncome","FI_HY",-3.33000200000001
"380","FI_Development","2020-02-16 11-14-06","Dec 2015","FixedIncome","FI_HY",-4.349999
"381","FI_Development","2020-02-16 11-14-06","Jan 2016","FixedIncome","FI_HY",-2.10000599999999
"382","FI_Development","2020-02-16 11-14-06","Feb 2016","FixedIncome","FI_HY",0.660004000000001
"383","FI_Development","2020-02-16 11-14-06","Mar 2016","FixedIncome","FI_HY",2.459999
"384","FI_Development","2020-02-16 11-14-06","Apr 2016","FixedIncome","FI_HY",3.150002
"385","FI_Development","2020-02-16 11-14-06","May 2016","FixedIncome","FI_HY",-0.209999999999994
"386","FI_Development","2020-02-16 11-14-06","Jun 2016","FixedIncome","FI_HY",1.37999799999999
"387","FI_Development","2020-02-16 11-14-06","Jul 2016","FixedIncome","FI_HY",1.11000000000001
"388","FI_Development","2020-02-16 11-14-06","Aug 2016","FixedIncome","FI_HY",1.44000299999999
"389","FI_Development","2020-02-16 11-14-06","Sep 2016","FixedIncome","FI_HY",0.540001000000004
"390","FI_Development","2020-02-16 11-14-06","Oct 2016","FixedIncome","FI_HY",-1.380005
"391","FI_Development","2020-02-16 11-14-06","Nov 2016","FixedIncome","FI_HY",-0.419998000000007
"392","FI_Development","2020-02-16 11-14-06","Dec 2016","FixedIncome","FI_HY",0.989997000000002
"393","FI_Development","2020-02-16 11-14-06","Jan 2017","FixedIncome","FI_HY",1.380005
"394","FI_Development","2020-02-16 11-14-06","Feb 2017","FixedIncome","FI_HY",0.930001000000004
"395","FI_Development","2020-02-16 11-14-06","Mar 2017","FixedIncome","FI_HY",-0.870002999999997
"396","FI_Development","2020-02-16 11-14-06","Apr 2017","FixedIncome","FI_HY",0.629997000000003
"397","FI_Development","2020-02-16 11-14-06","May 2017","FixedIncome","FI_HY",0.75
"398","FI_Development","2020-02-16 11-14-06","Jun 2017","FixedIncome","FI_HY",-0.570000000000007
"399","FI_Development","2020-02-16 11-14-06","Jul 2017","FixedIncome","FI_HY",0.599998999999997
"400","FI_Development","2020-02-16 11-14-06","Aug 2017","FixedIncome","FI_HY",-0.419997999999993
"401","FI_Development","2020-02-16 11-14-06","Sep 2017","FixedIncome","FI_HY",0.179999999999993
"402","FI_Development","2020-02-16 11-14-06","Oct 2017","FixedIncome","FI_HY",-0.239998
"403","FI_Development","2020-02-16 11-14-06","Nov 2017","FixedIncome","FI_HY",-0.900001000000003
"404","FI_Development","2020-02-16 11-14-06","Dec 2017","FixedIncome","FI_HY",-0.659995999999992
"405","FI_Development","2020-02-16 11-14-06","Jan 2018","FixedIncome","FI_HY",-0.0600060000000013
"406","FI_Development","2020-02-16 11-14-06","Feb 2018","FixedIncome","FI_HY",-1.470001
"407","FI_Development","2020-02-16 11-14-06","Mar 2018","FixedIncome","FI_HY",-1.079994
"408","FI_Development","2020-02-16 11-14-06","Apr 2018","FixedIncome","FI_HY",0.0599979999999931
"409","FI_Development","2020-02-16 11-14-06","May 2018","FixedIncome","FI_HY",-0.75
"410","FI_Development","2020-02-16 11-14-06","Jun 2018","FixedIncome","FI_HY",-0.41999899999999
"411","FI_Development","2020-02-16 11-14-06","Jul 2018","FixedIncome","FI_HY",1.37999799999999
"412","FI_Development","2020-02-16 11-14-06","Aug 2018","FixedIncome","FI_HY",0.180000000000007
"413","FI_Development","2020-02-16 11-14-06","Sep 2018","FixedIncome","FI_HY",0.150002000000001
"414","FI_Development","2020-02-16 11-14-06","Oct 2018","FixedIncome","FI_HY",-2.669999
"415","FI_Development","2020-02-16 11-14-06","Nov 2018","FixedIncome","FI_HY",-1.29000099999999
"416","FI_Development","2020-02-16 11-14-06","Dec 2018","FixedIncome","FI_HY",-3.420005
"417","FI_Development","2020-02-16 11-14-06","Jan 2019","FixedIncome","FI_HY",5.280006
"418","FI_Development","2020-02-16 11-14-06","Feb 2019","FixedIncome","FI_HY",1.01999699999999
"419","FI_Development","2020-02-16 11-14-06","Mar 2019","FixedIncome","FI_HY",0.84011000000001
"420","FI_Development","2020-02-16 11-14-06","Apr 2019","FixedIncome","FI_HY",0.900002000000001
"421","FI_Development","2020-02-16 11-14-06","Jul 2013","FixedIncome","FI_deved_intl",0.0800020000000004
"422","FI_Development","2020-02-16 11-14-06","Aug 2013","FixedIncome","FI_deved_intl",-0.159999999999997
"423","FI_Development","2020-02-16 11-14-06","Sep 2013","FixedIncome","FI_deved_intl",0.32
"424","FI_Development","2020-02-16 11-14-06","Oct 2013","FixedIncome","FI_deved_intl",0.439998000000003
"425","FI_Development","2020-02-16 11-14-06","Nov 2013","FixedIncome","FI_deved_intl",-0.0700000000000003
"426","FI_Development","2020-02-16 11-14-06","Dec 2013","FixedIncome","FI_deved_intl",-0.400001000000003
"427","FI_Development","2020-02-16 11-14-06","Jan 2014","FixedIncome","FI_deved_intl",0.710003
"428","FI_Development","2020-02-16 11-14-06","Feb 2014","FixedIncome","FI_deved_intl",0.179996000000003
"429","FI_Development","2020-02-16 11-14-06","Mar 2014","FixedIncome","FI_deved_intl",0.100002999999994
"430","FI_Development","2020-02-16 11-14-06","Apr 2014","FixedIncome","FI_deved_intl",0.239997000000002
"431","FI_Development","2020-02-16 11-14-06","May 2014","FixedIncome","FI_deved_intl",0.310001999999997
"432","FI_Development","2020-02-16 11-14-06","Jun 2014","FixedIncome","FI_deved_intl",0.25
"433","FI_Development","2020-02-16 11-14-06","Jul 2014","FixedIncome","FI_deved_intl",0.200001
"434","FI_Development","2020-02-16 11-14-06","Aug 2014","FixedIncome","FI_deved_intl",0.630001
"435","FI_Development","2020-02-16 11-14-06","Sep 2014","FixedIncome","FI_deved_intl",-0.130001
"436","FI_Development","2020-02-16 11-14-06","Oct 2014","FixedIncome","FI_deved_intl",0.259998000000003
"437","FI_Development","2020-02-16 11-14-06","Nov 2014","FixedIncome","FI_deved_intl",0.400001000000003
"438","FI_Development","2020-02-16 11-14-06","Dec 2014","FixedIncome","FI_deved_intl",0.340000999999994
"439","FI_Development","2020-02-16 11-14-06","Jan 2015","FixedIncome","FI_deved_intl",0.950000000000003
"440","FI_Development","2020-02-16 11-14-06","Feb 2015","FixedIncome","FI_deved_intl",-0.170001999999997
"441","FI_Development","2020-02-16 11-14-06","Mar 2015","FixedIncome","FI_deved_intl",0.200001
"442","FI_Development","2020-02-16 11-14-06","Apr 2015","FixedIncome","FI_deved_intl",-0.610000000000007
"443","FI_Development","2020-02-16 11-14-06","May 2015","FixedIncome","FI_deved_intl",-0.340000999999994
"444","FI_Development","2020-02-16 11-14-06","Jun 2015","FixedIncome","FI_deved_intl",-0.770000000000003
"445","FI_Development","2020-02-16 11-14-06","Jul 2015","FixedIncome","FI_deved_intl",0.610000999999997
"446","FI_Development","2020-02-16 11-14-06","Aug 2015","FixedIncome","FI_deved_intl",-0.419998999999997
"447","FI_Development","2020-02-16 11-14-06","Sep 2015","FixedIncome","FI_deved_intl",0.369999
"448","FI_Development","2020-02-16 11-14-06","Oct 2015","FixedIncome","FI_deved_intl",0.25
"449","FI_Development","2020-02-16 11-14-06","Nov 2015","FixedIncome","FI_deved_intl",0.0200010000000006
"450","FI_Development","2020-02-16 11-14-06","Dec 2015","FixedIncome","FI_deved_intl",-0.32
"451","FI_Development","2020-02-16 11-14-06","Jan 2016","FixedIncome","FI_deved_intl",0.689999
"452","FI_Development","2020-02-16 11-14-06","Feb 2016","FixedIncome","FI_deved_intl",0.619999
"453","FI_Development","2020-02-16 11-14-06","Mar 2016","FixedIncome","FI_deved_intl",0.350001999999996
"454","FI_Development","2020-02-16 11-14-06","Apr 2016","FixedIncome","FI_deved_intl",-0.200000999999993
"455","FI_Development","2020-02-16 11-14-06","May 2016","FixedIncome","FI_deved_intl",0.349998999999997
"456","FI_Development","2020-02-16 11-14-06","Jun 2016","FixedIncome","FI_deved_intl",1.010002
"457","FI_Development","2020-02-16 11-14-06","Jul 2016","FixedIncome","FI_deved_intl",0.399996999999999
"458","FI_Development","2020-02-16 11-14-06","Aug 2016","FixedIncome","FI_deved_intl",-0.00999799999999595
"459","FI_Development","2020-02-16 11-14-06","Sep 2016","FixedIncome","FI_deved_intl",-0.0499990000000068
"460","FI_Development","2020-02-16 11-14-06","Oct 2016","FixedIncome","FI_deved_intl",-0.760002
"461","FI_Development","2020-02-16 11-14-06","Nov 2016","FixedIncome","FI_deved_intl",-0.75
"462","FI_Development","2020-02-16 11-14-06","Dec 2016","FixedIncome","FI_deved_intl",-0.239998
"463","FI_Development","2020-02-16 11-14-06","Jan 2017","FixedIncome","FI_deved_intl",-0.530002999999994
"464","FI_Development","2020-02-16 11-14-06","Feb 2017","FixedIncome","FI_deved_intl",0.430000999999997
"465","FI_Development","2020-02-16 11-14-06","Mar 2017","FixedIncome","FI_deved_intl",-0.0599980000000002
"466","FI_Development","2020-02-16 11-14-06","Apr 2017","FixedIncome","FI_deved_intl",0.219996999999999
"467","FI_Development","2020-02-16 11-14-06","May 2017","FixedIncome","FI_deved_intl",0.350003000000001
"468","FI_Development","2020-02-16 11-14-06","Jun 2017","FixedIncome","FI_deved_intl",-0.340000000000003
"469","FI_Development","2020-02-16 11-14-06","Jul 2017","FixedIncome","FI_deved_intl",0.0400010000000037
"470","FI_Development","2020-02-16 11-14-06","Aug 2017","FixedIncome","FI_deved_intl",0.459998999999996
"471","FI_Development","2020-02-16 11-14-06","Sep 2017","FixedIncome","FI_deved_intl",-0.270000999999993
"472","FI_Development","2020-02-16 11-14-06","Oct 2017","FixedIncome","FI_deved_intl",0.290000999999997
"473","FI_Development","2020-02-16 11-14-06","Nov 2017","FixedIncome","FI_deved_intl",0.0799980000000033
"474","FI_Development","2020-02-16 11-14-06","Dec 2017","FixedIncome","FI_deved_intl",-0.590000000000003
"475","FI_Development","2020-02-16 11-14-06","Jan 2018","FixedIncome","FI_deved_intl",-0.309998
"476","FI_Development","2020-02-16 11-14-06","Feb 2018","FixedIncome","FI_deved_intl",0.0900010000000009
"477","FI_Development","2020-02-16 11-14-06","Mar 2018","FixedIncome","FI_deved_intl",0.579997999999996
"478","FI_Development","2020-02-16 11-14-06","Apr 2018","FixedIncome","FI_deved_intl",-0.130001999999998
"479","FI_Development","2020-02-16 11-14-06","May 2018","FixedIncome","FI_deved_intl",-0.169998
"480","FI_Development","2020-02-16 11-14-06","Jun 2018","FixedIncome","FI_deved_intl",0.279999000000004
"481","FI_Development","2020-02-16 11-14-06","Jul 2018","FixedIncome","FI_deved_intl",0.0300029999999936
"482","FI_Development","2020-02-16 11-14-06","Aug 2018","FixedIncome","FI_deved_intl",-0.0200009999999935
"483","FI_Development","2020-02-16 11-14-06","Sep 2018","FixedIncome","FI_deved_intl",-0.180000000000007
"484","FI_Development","2020-02-16 11-14-06","Oct 2018","FixedIncome","FI_deved_intl",-0.0100020000000001
"485","FI_Development","2020-02-16 11-14-06","Nov 2018","FixedIncome","FI_deved_intl",0.229999000000007
"486","FI_Development","2020-02-16 11-14-06","Dec 2018","FixedIncome","FI_deved_intl",-0.509998000000003
"487","FI_Development","2020-02-16 11-14-06","Jan 2019","FixedIncome","FI_deved_intl",0.540000999999997
"488","FI_Development","2020-02-16 11-14-06","Feb 2019","FixedIncome","FI_deved_intl",0.0599970000000027
"489","FI_Development","2020-02-16 11-14-06","Mar 2019","FixedIncome","FI_deved_intl",0.920002000000004
"490","FI_Development","2020-02-16 11-14-06","Apr 2019","FixedIncome","FI_deved_intl",0.0400009999999966
"491","FI_Development","2020-02-16 11-14-06","Jul 2013","FixedIncome","FI_deving_intl",0.280000000000001
"492","FI_Development","2020-02-16 11-14-06","Aug 2013","FixedIncome","FI_deving_intl",-0.970001
"493","FI_Development","2020-02-16 11-14-06","Sep 2013","FixedIncome","FI_deving_intl",1.270001
"494","FI_Development","2020-02-16 11-14-06","Oct 2013","FixedIncome","FI_deving_intl",0.449999999999999
"495","FI_Development","2020-02-16 11-14-06","Nov 2013","FixedIncome","FI_deving_intl",-0.84
"496","FI_Development","2020-02-16 11-14-06","Dec 2013","FixedIncome","FI_deving_intl",-0.0899999999999999
"497","FI_Development","2020-02-16 11-14-06","Jan 2014","FixedIncome","FI_deving_intl",-1.459999
"498","FI_Development","2020-02-16 11-14-06","Feb 2014","FixedIncome","FI_deving_intl",0.809999000000001
"499","FI_Development","2020-02-16 11-14-06","Mar 2014","FixedIncome","FI_deving_intl",0.549999999999997
"500","FI_Development","2020-02-16 11-14-06","Apr 2014","FixedIncome","FI_deving_intl",0.470001
"501","FI_Development","2020-02-16 11-14-06","May 2014","FixedIncome","FI_deving_intl",0.75
"502","FI_Development","2020-02-16 11-14-06","Jun 2014","FixedIncome","FI_deving_intl",0.349998000000003
"503","FI_Development","2020-02-16 11-14-06","Jul 2014","FixedIncome","FI_deving_intl",-0.149999000000001
"504","FI_Development","2020-02-16 11-14-06","Aug 2014","FixedIncome","FI_deving_intl",0.0699989999999993
"505","FI_Development","2020-02-16 11-14-06","Sep 2014","FixedIncome","FI_deving_intl",-1.529998
"506","FI_Development","2020-02-16 11-14-06","Oct 2014","FixedIncome","FI_deving_intl",0.359998000000001
"507","FI_Development","2020-02-16 11-14-06","Nov 2014","FixedIncome","FI_deving_intl",-0.429998000000001
"508","FI_Development","2020-02-16 11-14-06","Dec 2014","FixedIncome","FI_deving_intl",-1.130001
"509","FI_Development","2020-02-16 11-14-06","Jan 2015","FixedIncome","FI_deving_intl",-0.18
"510","FI_Development","2020-02-16 11-14-06","Feb 2015","FixedIncome","FI_deving_intl",-0.240000000000002
"511","FI_Development","2020-02-16 11-14-06","Mar 2015","FixedIncome","FI_deving_intl",-0.739999999999998
"512","FI_Development","2020-02-16 11-14-06","Apr 2015","FixedIncome","FI_deving_intl",0.719999000000001
"513","FI_Development","2020-02-16 11-14-06","May 2015","FixedIncome","FI_deving_intl",-0.649999000000001
"514","FI_Development","2020-02-16 11-14-06","Jun 2015","FixedIncome","FI_deving_intl",-0.240000000000002
"515","FI_Development","2020-02-16 11-14-06","Jul 2015","FixedIncome","FI_deving_intl",-0.849999999999998
"516","FI_Development","2020-02-16 11-14-06","Aug 2015","FixedIncome","FI_deving_intl",-0.98
"517","FI_Development","2020-02-16 11-14-06","Sep 2015","FixedIncome","FI_deving_intl",-0.670000000000002
"518","FI_Development","2020-02-16 11-14-06","Oct 2015","FixedIncome","FI_deving_intl",0.860001
"519","FI_Development","2020-02-16 11-14-06","Nov 2015","FixedIncome","FI_deving_intl",-0.329999999999998
"520","FI_Development","2020-02-16 11-14-06","Dec 2015","FixedIncome","FI_deving_intl",-0.530001000000002
"521","FI_Development","2020-02-16 11-14-06","Jan 2016","FixedIncome","FI_deving_intl",-0.0799999999999983
"522","FI_Development","2020-02-16 11-14-06","Feb 2016","FixedIncome","FI_deving_intl",0.379999000000002
"523","FI_Development","2020-02-16 11-14-06","Mar 2016","FixedIncome","FI_deving_intl",2.09
"524","FI_Development","2020-02-16 11-14-06","Apr 2016","FixedIncome","FI_deving_intl",0.620000999999998
"525","FI_Development","2020-02-16 11-14-06","May 2016","FixedIncome","FI_deving_intl",-1.120001
"526","FI_Development","2020-02-16 11-14-06","Jun 2016","FixedIncome","FI_deving_intl",1.380001
"527","FI_Development","2020-02-16 11-14-06","Jul 2016","FixedIncome","FI_deving_intl",0.239999999999998
"528","FI_Development","2020-02-16 11-14-06","Aug 2016","FixedIncome","FI_deving_intl",-0.0799999999999983
"529","FI_Development","2020-02-16 11-14-06","Sep 2016","FixedIncome","FI_deving_intl",0.319999999999997
"530","FI_Development","2020-02-16 11-14-06","Oct 2016","FixedIncome","FI_deving_intl",-0.379998999999998
"531","FI_Development","2020-02-16 11-14-06","Nov 2016","FixedIncome","FI_deving_intl",-1.860001
"532","FI_Development","2020-02-16 11-14-06","Dec 2016","FixedIncome","FI_deving_intl",0.489999999999998
"533","FI_Development","2020-02-16 11-14-06","Jan 2017","FixedIncome","FI_deving_intl",0.690000000000001
"534","FI_Development","2020-02-16 11-14-06","Feb 2017","FixedIncome","FI_deving_intl",0.439999
"535","FI_Development","2020-02-16 11-14-06","Mar 2017","FixedIncome","FI_deving_intl",0.480001999999999
"536","FI_Development","2020-02-16 11-14-06","Apr 2017","FixedIncome","FI_deving_intl",0.199998000000001
"537","FI_Development","2020-02-16 11-14-06","May 2017","FixedIncome","FI_deving_intl",0.5
"538","FI_Development","2020-02-16 11-14-06","Jun 2017","FixedIncome","FI_deving_intl",0.150002000000001
"539","FI_Development","2020-02-16 11-14-06","Jul 2017","FixedIncome","FI_deving_intl",0.599997999999999
"540","FI_Development","2020-02-16 11-14-06","Aug 2017","FixedIncome","FI_deving_intl",0.510000999999999
"541","FI_Development","2020-02-16 11-14-06","Sep 2017","FixedIncome","FI_deving_intl",-0.270000999999997
"542","FI_Development","2020-02-16 11-14-06","Oct 2017","FixedIncome","FI_deving_intl",-0.779999
"543","FI_Development","2020-02-16 11-14-06","Nov 2017","FixedIncome","FI_deving_intl",0.369999
"544","FI_Development","2020-02-16 11-14-06","Dec 2017","FixedIncome","FI_deving_intl",0.210000999999998
"545","FI_Development","2020-02-16 11-14-06","Jan 2018","FixedIncome","FI_deving_intl",0.899999999999999
"546","FI_Development","2020-02-16 11-14-06","Feb 2018","FixedIncome","FI_deving_intl",-0.530000999999999
"547","FI_Development","2020-02-16 11-14-06","Mar 2018","FixedIncome","FI_deving_intl",0.330000000000002
"548","FI_Development","2020-02-16 11-14-06","Apr 2018","FixedIncome","FI_deving_intl",-1.039999
"549","FI_Development","2020-02-16 11-14-06","May 2018","FixedIncome","FI_deving_intl",-1.540001
"550","FI_Development","2020-02-16 11-14-06","Jun 2018","FixedIncome","FI_deving_intl",-0.84
"551","FI_Development","2020-02-16 11-14-06","Jul 2018","FixedIncome","FI_deving_intl",0.460001000000002
"552","FI_Development","2020-02-16 11-14-06","Aug 2018","FixedIncome","FI_deving_intl",-1.479999
"553","FI_Development","2020-02-16 11-14-06","Sep 2018","FixedIncome","FI_deving_intl",0.369998000000002
"554","FI_Development","2020-02-16 11-14-06","Oct 2018","FixedIncome","FI_deving_intl",-0.319999000000003
"555","FI_Development","2020-02-16 11-14-06","Nov 2018","FixedIncome","FI_deving_intl",0.520000000000003
"556","FI_Development","2020-02-16 11-14-06","Dec 2018","FixedIncome","FI_deving_intl",0.00999999999999801
"557","FI_Development","2020-02-16 11-14-06","Jan 2019","FixedIncome","FI_deving_intl",1.25
"558","FI_Development","2020-02-16 11-14-06","Feb 2019","FixedIncome","FI_deving_intl",-0.43
"559","FI_Development","2020-02-16 11-14-06","Mar 2019","FixedIncome","FI_deving_intl",-0.43
"560","FI_Development","2020-02-16 11-14-06","Apr 2019","FixedIncome","FI_deving_intl",-0.200001
"561","FI_Development","2020-02-16 11-14-06","Jul 2013","Equity","EQ_large_cap",8.290009
"562","FI_Development","2020-02-16 11-14-06","Aug 2013","Equity","EQ_large_cap",-5.060013
"563","FI_Development","2020-02-16 11-14-06","Sep 2013","Equity","EQ_large_cap",4.36000100000001
"564","FI_Development","2020-02-16 11-14-06","Oct 2013","Equity","EQ_large_cap",7.77999800000001
"565","FI_Development","2020-02-16 11-14-06","Nov 2013","Equity","EQ_large_cap",5.21000699999999
"566","FI_Development","2020-02-16 11-14-06","Dec 2013","Equity","EQ_large_cap",3.69000199999999
"567","FI_Development","2020-02-16 11-14-06","Jan 2014","Equity","EQ_large_cap",-6.510009
"568","FI_Development","2020-02-16 11-14-06","Feb 2014","Equity","EQ_large_cap",8.11000000000001
"569","FI_Development","2020-02-16 11-14-06","Mar 2014","Equity","EQ_large_cap",0.720001999999994
"570","FI_Development","2020-02-16 11-14-06","Apr 2014","Equity","EQ_large_cap",1.300003
"571","FI_Development","2020-02-16 11-14-06","May 2014","Equity","EQ_large_cap",4.36999499999999
"572","FI_Development","2020-02-16 11-14-06","Jun 2014","Equity","EQ_large_cap",3.040008
"573","FI_Development","2020-02-16 11-14-06","Jul 2014","Equity","EQ_large_cap",-2.63000499999998
"574","FI_Development","2020-02-16 11-14-06","Aug 2014","Equity","EQ_large_cap",7.62001099999998
"575","FI_Development","2020-02-16 11-14-06","Sep 2014","Equity","EQ_large_cap",-3.69000299999999
"576","FI_Development","2020-02-16 11-14-06","Oct 2014","Equity","EQ_large_cap",4.63999999999999
"577","FI_Development","2020-02-16 11-14-06","Nov 2014","Equity","EQ_large_cap",5.53999300000001
"578","FI_Development","2020-02-16 11-14-06","Dec 2014","Equity","EQ_large_cap",-1.66000399999999
"579","FI_Development","2020-02-16 11-14-06","Jan 2015","Equity","EQ_large_cap",-6.08999600000001
"580","FI_Development","2020-02-16 11-14-06","Feb 2015","Equity","EQ_large_cap",11.210007
"581","FI_Development","2020-02-16 11-14-06","Mar 2015","Equity","EQ_large_cap",-4.23001099999999
"582","FI_Development","2020-02-16 11-14-06","Apr 2015","Equity","EQ_large_cap",2.03001399999999
"583","FI_Development","2020-02-16 11-14-06","May 2015","Equity","EQ_large_cap",2.679992
"584","FI_Development","2020-02-16 11-14-06","Jun 2015","Equity","EQ_large_cap",-5.28999299999998
"585","FI_Development","2020-02-16 11-14-06","Jul 2015","Equity","EQ_large_cap",4.64999399999999
"586","FI_Development","2020-02-16 11-14-06","Aug 2015","Equity","EQ_large_cap",-12.830002
"587","FI_Development","2020-02-16 11-14-06","Sep 2015","Equity","EQ_large_cap",-6.03999299999998
"588","FI_Development","2020-02-16 11-14-06","Oct 2015","Equity","EQ_large_cap",16.299988
"589","FI_Development","2020-02-16 11-14-06","Nov 2015","Equity","EQ_large_cap",0.760008999999997
"590","FI_Development","2020-02-16 11-14-06","Dec 2015","Equity","EQ_large_cap",-4.820007
"591","FI_Development","2020-02-16 11-14-06","Jan 2016","Equity","EQ_large_cap",-10.149994
"592","FI_Development","2020-02-16 11-14-06","Feb 2016","Equity","EQ_large_cap",-0.160002999999989
"593","FI_Development","2020-02-16 11-14-06","Mar 2016","Equity","EQ_large_cap",11.960006
"594","FI_Development","2020-02-16 11-14-06","Apr 2016","Equity","EQ_large_cap",0.809998000000007
"595","FI_Development","2020-02-16 11-14-06","May 2016","Equity","EQ_large_cap",3.50999400000001
"596","FI_Development","2020-02-16 11-14-06","Jun 2016","Equity","EQ_large_cap",-0.360000000000014
"597","FI_Development","2020-02-16 11-14-06","Jul 2016","Equity","EQ_large_cap",7.63999899999999
"598","FI_Development","2020-02-16 11-14-06","Aug 2016","Equity","EQ_large_cap",0.260010000000023
"599","FI_Development","2020-02-16 11-14-06","Sep 2016","Equity","EQ_large_cap",-1.08000200000001
"600","FI_Development","2020-02-16 11-14-06","Oct 2016","Equity","EQ_large_cap",-3.75
"601","FI_Development","2020-02-16 11-14-06","Nov 2016","Equity","EQ_large_cap",7.83000200000001
"602","FI_Development","2020-02-16 11-14-06","Dec 2016","Equity","EQ_large_cap",3.14999399999999
"603","FI_Development","2020-02-16 11-14-06","Jan 2017","Equity","EQ_large_cap",4
"604","FI_Development","2020-02-16 11-14-06","Feb 2017","Equity","EQ_large_cap",8.94000199999999
"605","FI_Development","2020-02-16 11-14-06","Mar 2017","Equity","EQ_large_cap",-0.729996
"606","FI_Development","2020-02-16 11-14-06","Apr 2017","Equity","EQ_large_cap",2.33999700000001
"607","FI_Development","2020-02-16 11-14-06","May 2017","Equity","EQ_large_cap",3.35999999999999
"608","FI_Development","2020-02-16 11-14-06","Jun 2017","Equity","EQ_large_cap",0.360001000000011
"609","FI_Development","2020-02-16 11-14-06","Jul 2017","Equity","EQ_large_cap",4.970001
"610","FI_Development","2020-02-16 11-14-06","Aug 2017","Equity","EQ_large_cap",0.720000999999996
"611","FI_Development","2020-02-16 11-14-06","Sep 2017","Equity","EQ_large_cap",3.739991
"612","FI_Development","2020-02-16 11-14-06","Oct 2017","Equity","EQ_large_cap",5.91999799999999
"613","FI_Development","2020-02-16 11-14-06","Nov 2017","Equity","EQ_large_cap",7.86001600000003
"614","FI_Development","2020-02-16 11-14-06","Dec 2017","Equity","EQ_large_cap",1.84997499999997
"615","FI_Development","2020-02-16 11-14-06","Jan 2018","Equity","EQ_large_cap",15.040009
"616","FI_Development","2020-02-16 11-14-06","Feb 2018","Equity","EQ_large_cap",-10.25
"617","FI_Development","2020-02-16 11-14-06","Mar 2018","Equity","EQ_large_cap",-8.5
"618","FI_Development","2020-02-16 11-14-06","Apr 2018","Equity","EQ_large_cap",1.36001600000003
"619","FI_Development","2020-02-16 11-14-06","May 2018","Equity","EQ_large_cap",6.42999199999997
"620","FI_Development","2020-02-16 11-14-06","Jun 2018","Equity","EQ_large_cap",0.339996999999983
"621","FI_Development","2020-02-16 11-14-06","Jul 2018","Equity","EQ_large_cap",10.049988
"622","FI_Development","2020-02-16 11-14-06","Aug 2018","Equity","EQ_large_cap",8.98001099999999
"623","FI_Development","2020-02-16 11-14-06","Sep 2018","Equity","EQ_large_cap",0.410003000000017
"624","FI_Development","2020-02-16 11-14-06","Oct 2018","Equity","EQ_large_cap",-20.089996
"625","FI_Development","2020-02-16 11-14-06","Nov 2018","Equity","EQ_large_cap",5.01998900000001
"626","FI_Development","2020-02-16 11-14-06","Dec 2018","Equity","EQ_large_cap",-25.729996
"627","FI_Development","2020-02-16 11-14-06","Jan 2019","Equity","EQ_large_cap",20.009995
"628","FI_Development","2020-02-16 11-14-06","Feb 2019","Equity","EQ_large_cap",8.75
"629","FI_Development","2020-02-16 11-14-06","Mar 2019","Equity","EQ_large_cap",3.80001799999997
"630","FI_Development","2020-02-16 11-14-06","Apr 2019","Equity","EQ_large_cap",11.539978
"631","FI_Development","2020-02-16 11-14-06","Jul 2013","Equity","EQ_mid_cap",14.009995
"632","FI_Development","2020-02-16 11-14-06","Aug 2013","Equity","EQ_mid_cap",-8.66000400000001
"633","FI_Development","2020-02-16 11-14-06","Sep 2013","Equity","EQ_mid_cap",10.880005
"634","FI_Development","2020-02-16 11-14-06","Oct 2013","Equity","EQ_mid_cap",8.19000199999999
"635","FI_Development","2020-02-16 11-14-06","Nov 2013","Equity","EQ_mid_cap",2.909989
"636","FI_Development","2020-02-16 11-14-06","Dec 2013","Equity","EQ_mid_cap",6.770004
"637","FI_Development","2020-02-16 11-14-06","Jan 2014","Equity","EQ_mid_cap",-5.41999799999999
"638","FI_Development","2020-02-16 11-14-06","Feb 2014","Equity","EQ_mid_cap",11.61
"639","FI_Development","2020-02-16 11-14-06","Mar 2014","Equity","EQ_mid_cap",0.180008000000015
"640","FI_Development","2020-02-16 11-14-06","Apr 2014","Equity","EQ_mid_cap",-3.73001099999999
"641","FI_Development","2020-02-16 11-14-06","May 2014","Equity","EQ_mid_cap",4.040009
"642","FI_Development","2020-02-16 11-14-06","Jun 2014","Equity","EQ_mid_cap",9.679993
"643","FI_Development","2020-02-16 11-14-06","Jul 2014","Equity","EQ_mid_cap",-11.429993
"644","FI_Development","2020-02-16 11-14-06","Aug 2014","Equity","EQ_mid_cap",12.609985
"645","FI_Development","2020-02-16 11-14-06","Sep 2014","Equity","EQ_mid_cap",-12.419983
"646","FI_Development","2020-02-16 11-14-06","Oct 2014","Equity","EQ_mid_cap",8.79998800000001
"647","FI_Development","2020-02-16 11-14-06","Nov 2014","Equity","EQ_mid_cap",4.73998999999998
"648","FI_Development","2020-02-16 11-14-06","Dec 2014","Equity","EQ_mid_cap",1.11001600000003
"649","FI_Development","2020-02-16 11-14-06","Jan 2015","Equity","EQ_mid_cap",-2.89999400000005
"650","FI_Development","2020-02-16 11-14-06","Feb 2015","Equity","EQ_mid_cap",13.130005
"651","FI_Development","2020-02-16 11-14-06","Mar 2015","Equity","EQ_mid_cap",3.03997799999996
"652","FI_Development","2020-02-16 11-14-06","Apr 2015","Equity","EQ_mid_cap",-4.08999599999999
"653","FI_Development","2020-02-16 11-14-06","May 2015","Equity","EQ_mid_cap",4.540008
"654","FI_Development","2020-02-16 11-14-06","Jun 2015","Equity","EQ_mid_cap",-4.48998999999998
"655","FI_Development","2020-02-16 11-14-06","Jul 2015","Equity","EQ_mid_cap",0.289977999999962
"656","FI_Development","2020-02-16 11-14-06","Aug 2015","Equity","EQ_mid_cap",-15.48999
"657","FI_Development","2020-02-16 11-14-06","Sep 2015","Equity","EQ_mid_cap",-9.11000100000001
"658","FI_Development","2020-02-16 11-14-06","Oct 2015","Equity","EQ_mid_cap",13.819992
"659","FI_Development","2020-02-16 11-14-06","Nov 2015","Equity","EQ_mid_cap",3.51001000000002
"660","FI_Development","2020-02-16 11-14-06","Dec 2015","Equity","EQ_mid_cap",-12.180008
"661","FI_Development","2020-02-16 11-14-06","Jan 2016","Equity","EQ_mid_cap",-14.069992
"662","FI_Development","2020-02-16 11-14-06","Feb 2016","Equity","EQ_mid_cap",2.970001
"663","FI_Development","2020-02-16 11-14-06","Mar 2016","Equity","EQ_mid_cap",19.779999
"664","FI_Development","2020-02-16 11-14-06","Apr 2016","Equity","EQ_mid_cap",3.13000499999998
"665","FI_Development","2020-02-16 11-14-06","May 2016","Equity","EQ_mid_cap",5.97000099999997
"666","FI_Development","2020-02-16 11-14-06","Jun 2016","Equity","EQ_mid_cap",0.410004000000015
"667","FI_Development","2020-02-16 11-14-06","Jul 2016","Equity","EQ_mid_cap",11.549988
"668","FI_Development","2020-02-16 11-14-06","Aug 2016","Equity","EQ_mid_cap",1.29998800000004
"669","FI_Development","2020-02-16 11-14-06","Sep 2016","Equity","EQ_mid_cap",-2.80999800000001
"670","FI_Development","2020-02-16 11-14-06","Oct 2016","Equity","EQ_mid_cap",-7.5
"671","FI_Development","2020-02-16 11-14-06","Nov 2016","Equity","EQ_mid_cap",21.660004
"672","FI_Development","2020-02-16 11-14-06","Dec 2016","Equity","EQ_mid_cap",5.30001799999997
"673","FI_Development","2020-02-16 11-14-06","Jan 2017","Equity","EQ_mid_cap",4.97000100000002
"674","FI_Development","2020-02-16 11-14-06","Feb 2017","Equity","EQ_mid_cap",7.959992
"675","FI_Development","2020-02-16 11-14-06","Mar 2017","Equity","EQ_mid_cap",-2.23999100000003
"676","FI_Development","2020-02-16 11-14-06","Apr 2017","Equity","EQ_mid_cap",2.42999300000002
"677","FI_Development","2020-02-16 11-14-06","May 2017","Equity","EQ_mid_cap",-1.48001099999999
"678","FI_Development","2020-02-16 11-14-06","Jun 2017","Equity","EQ_mid_cap",4.25
"679","FI_Development","2020-02-16 11-14-06","Jul 2017","Equity","EQ_mid_cap",2.88000499999998
"680","FI_Development","2020-02-16 11-14-06","Aug 2017","Equity","EQ_mid_cap",-4.92001299999998
"681","FI_Development","2020-02-16 11-14-06","Sep 2017","Equity","EQ_mid_cap",10.75
"682","FI_Development","2020-02-16 11-14-06","Oct 2017","Equity","EQ_mid_cap",7.290008
"683","FI_Development","2020-02-16 11-14-06","Nov 2017","Equity","EQ_mid_cap",12.290009
"684","FI_Development","2020-02-16 11-14-06","Dec 2017","Equity","EQ_mid_cap",-0.5
"685","FI_Development","2020-02-16 11-14-06","Jan 2018","Equity","EQ_mid_cap",9.58999599999999
"686","FI_Development","2020-02-16 11-14-06","Feb 2018","Equity","EQ_mid_cap",-15.73999
"687","FI_Development","2020-02-16 11-14-06","Mar 2018","Equity","EQ_mid_cap",2.47000099999997
"688","FI_Development","2020-02-16 11-14-06","Apr 2018","Equity","EQ_mid_cap",-1.22000099999997
"689","FI_Development","2020-02-16 11-14-06","May 2018","Equity","EQ_mid_cap",14.029999
"690","FI_Development","2020-02-16 11-14-06","Jun 2018","Equity","EQ_mid_cap",0.479980000000012
"691","FI_Development","2020-02-16 11-14-06","Jul 2018","Equity","EQ_mid_cap",6.05001799999997
"692","FI_Development","2020-02-16 11-14-06","Aug 2018","Equity","EQ_mid_cap",11.419983
"693","FI_Development","2020-02-16 11-14-06","Sep 2018","Equity","EQ_mid_cap",-5.02999899999998
"694","FI_Development","2020-02-16 11-14-06","Oct 2018","Equity","EQ_mid_cap",-35.309997
"695","FI_Development","2020-02-16 11-14-06","Nov 2018","Equity","EQ_mid_cap",10.589996
"696","FI_Development","2020-02-16 11-14-06","Dec 2018","Equity","EQ_mid_cap",-40.069977
"697","FI_Development","2020-02-16 11-14-06","Jan 2019","Equity","EQ_mid_cap",31.119996
"698","FI_Development","2020-02-16 11-14-06","Feb 2019","Equity","EQ_mid_cap",14.429992
"699","FI_Development","2020-02-16 11-14-06","Mar 2019","Equity","EQ_mid_cap",-2.82000700000003
"700","FI_Development","2020-02-16 11-14-06","Apr 2019","Equity","EQ_mid_cap",13.700012
"701","FI_Development","2020-02-16 11-14-06","Jul 2013","Equity","EQ_small_cap",3
"702","FI_Development","2020-02-16 11-14-06","Aug 2013","Equity","EQ_small_cap",-1.174999
"703","FI_Development","2020-02-16 11-14-06","Sep 2013","Equity","EQ_small_cap",2.684997
"704","FI_Development","2020-02-16 11-14-06","Oct 2013","Equity","EQ_small_cap",1.975002
"705","FI_Development","2020-02-16 11-14-06","Nov 2013","Equity","EQ_small_cap",2.060002
"706","FI_Development","2020-02-16 11-14-06","Dec 2013","Equity","EQ_small_cap",-0.610000999999997
"707","FI_Development","2020-02-16 11-14-06","Jan 2014","Equity","EQ_small_cap",-1.850002
"708","FI_Development","2020-02-16 11-14-06","Feb 2014","Equity","EQ_small_cap",1.875
"709","FI_Development","2020-02-16 11-14-06","Mar 2014","Equity","EQ_small_cap",0.549999
"710","FI_Development","2020-02-16 11-14-06","Apr 2014","Equity","EQ_small_cap",-1.529999
"711","FI_Development","2020-02-16 11-14-06","May 2014","Equity","EQ_small_cap",-0.00999800000000306
"712","FI_Development","2020-02-16 11-14-06","Jun 2014","Equity","EQ_small_cap",2.189999
"713","FI_Development","2020-02-16 11-14-06","Jul 2014","Equity","EQ_small_cap",-2.810002
"714","FI_Development","2020-02-16 11-14-06","Aug 2014","Equity","EQ_small_cap",2.135002
"715","FI_Development","2020-02-16 11-14-06","Sep 2014","Equity","EQ_small_cap",-2.764999
"716","FI_Development","2020-02-16 11-14-06","Oct 2014","Equity","EQ_small_cap",3.360001
"717","FI_Development","2020-02-16 11-14-06","Nov 2014","Equity","EQ_small_cap",0.340000000000003
"718","FI_Development","2020-02-16 11-14-06","Dec 2014","Equity","EQ_small_cap",-0.570003999999997
"719","FI_Development","2020-02-16 11-14-06","Jan 2015","Equity","EQ_small_cap",-1.759998
"720","FI_Development","2020-02-16 11-14-06","Feb 2015","Equity","EQ_small_cap",3.264999
"721","FI_Development","2020-02-16 11-14-06","Mar 2015","Equity","EQ_small_cap",0.584998999999996
"722","FI_Development","2020-02-16 11-14-06","Apr 2015","Equity","EQ_small_cap",-1.389999
"723","FI_Development","2020-02-16 11-14-06","May 2015","Equity","EQ_small_cap",0.920001999999997
"724","FI_Development","2020-02-16 11-14-06","Jun 2015","Equity","EQ_small_cap",0.32
"725","FI_Development","2020-02-16 11-14-06","Jul 2015","Equity","EQ_small_cap",-0.470001000000003
"726","FI_Development","2020-02-16 11-14-06","Aug 2015","Equity","EQ_small_cap",-2.755002
"727","FI_Development","2020-02-16 11-14-06","Sep 2015","Equity","EQ_small_cap",-2.204998
"728","FI_Development","2020-02-16 11-14-06","Oct 2015","Equity","EQ_small_cap",3.175
"729","FI_Development","2020-02-16 11-14-06","Nov 2015","Equity","EQ_small_cap",1.5
"730","FI_Development","2020-02-16 11-14-06","Dec 2015","Equity","EQ_small_cap",-3.945
"731","FI_Development","2020-02-16 11-14-06","Jan 2016","Equity","EQ_small_cap",-3.029999
"732","FI_Development","2020-02-16 11-14-06","Feb 2016","Equity","EQ_small_cap",0.375
"733","FI_Development","2020-02-16 11-14-06","Mar 2016","Equity","EQ_small_cap",3.77000099999999
"734","FI_Development","2020-02-16 11-14-06","Apr 2016","Equity","EQ_small_cap",0.529998000000006
"735","FI_Development","2020-02-16 11-14-06","May 2016","Equity","EQ_small_cap",0.950001
"736","FI_Development","2020-02-16 11-14-06","Jun 2016","Equity","EQ_small_cap",0.129996999999996
"737","FI_Development","2020-02-16 11-14-06","Jul 2016","Equity","EQ_small_cap",2.585003
"738","FI_Development","2020-02-16 11-14-06","Aug 2016","Equity","EQ_small_cap",0.770001000000001
"739","FI_Development","2020-02-16 11-14-06","Sep 2016","Equity","EQ_small_cap",0.189998000000003
"740","FI_Development","2020-02-16 11-14-06","Oct 2016","Equity","EQ_small_cap",-2.470001
"741","FI_Development","2020-02-16 11-14-06","Nov 2016","Equity","EQ_small_cap",6.709999
"742","FI_Development","2020-02-16 11-14-06","Dec 2016","Equity","EQ_small_cap",0.405002999999994
"743","FI_Development","2020-02-16 11-14-06","Jan 2017","Equity","EQ_small_cap",-0.375
"744","FI_Development","2020-02-16 11-14-06","Feb 2017","Equity","EQ_small_cap",1.029999
"745","FI_Development","2020-02-16 11-14-06","Mar 2017","Equity","EQ_small_cap",-0.419998
"746","FI_Development","2020-02-16 11-14-06","Apr 2017","Equity","EQ_small_cap",0.529997999999999
"747","FI_Development","2020-02-16 11-14-06","May 2017","Equity","EQ_small_cap",-1.060001
"748","FI_Development","2020-02-16 11-14-06","Jun 2017","Equity","EQ_small_cap",1.455002
"749","FI_Development","2020-02-16 11-14-06","Jul 2017","Equity","EQ_small_cap",0.665000999999997
"750","FI_Development","2020-02-16 11-14-06","Aug 2017","Equity","EQ_small_cap",-1.565003
"751","FI_Development","2020-02-16 11-14-06","Sep 2017","Equity","EQ_small_cap",4.365002
"752","FI_Development","2020-02-16 11-14-06","Oct 2017","Equity","EQ_small_cap",0.669997999999993
"753","FI_Development","2020-02-16 11-14-06","Nov 2017","Equity","EQ_small_cap",2.41999800000001
"754","FI_Development","2020-02-16 11-14-06","Dec 2017","Equity","EQ_small_cap",-1.629997
"755","FI_Development","2020-02-16 11-14-06","Jan 2018","Equity","EQ_small_cap",1.66999800000001
"756","FI_Development","2020-02-16 11-14-06","Feb 2018","Equity","EQ_small_cap",-2.57000000000001
"757","FI_Development","2020-02-16 11-14-06","Mar 2018","Equity","EQ_small_cap",0.895004999999998
"758","FI_Development","2020-02-16 11-14-06","Apr 2018","Equity","EQ_small_cap",0.824996999999996
"759","FI_Development","2020-02-16 11-14-06","May 2018","Equity","EQ_small_cap",4.49500200000001
"760","FI_Development","2020-02-16 11-14-06","Jun 2018","Equity","EQ_small_cap",0.485000999999997
"761","FI_Development","2020-02-16 11-14-06","Jul 2018","Equity","EQ_small_cap",2.26999699999999
"762","FI_Development","2020-02-16 11-14-06","Aug 2018","Equity","EQ_small_cap",3.550003
"763","FI_Development","2020-02-16 11-14-06","Sep 2018","Equity","EQ_small_cap",-2.650002
"764","FI_Development","2020-02-16 11-14-06","Oct 2018","Equity","EQ_small_cap",-7.92999999999999
"765","FI_Development","2020-02-16 11-14-06","Nov 2018","Equity","EQ_small_cap",1.049995
"766","FI_Development","2020-02-16 11-14-06","Dec 2018","Equity","EQ_small_cap",-8.619995
"767","FI_Development","2020-02-16 11-14-06","Jan 2019","Equity","EQ_small_cap",6.330002
"768","FI_Development","2020-02-16 11-14-06","Feb 2019","Equity","EQ_small_cap",2.889999
"769","FI_Development","2020-02-16 11-14-06","Mar 2019","Equity","EQ_small_cap",-2.520004
"770","FI_Development","2020-02-16 11-14-06","Apr 2019","Equity","EQ_small_cap",2.54000099999999
"771","FI_Development","2020-02-16 11-14-06","Jul 2013","Equity","EQ_deved_intl",1.33
"772","FI_Development","2020-02-16 11-14-06","Aug 2013","Equity","EQ_deved_intl",-0.299999
"773","FI_Development","2020-02-16 11-14-06","Sep 2013","Equity","EQ_deved_intl",1.85
"774","FI_Development","2020-02-16 11-14-06","Oct 2013","Equity","EQ_deved_intl",0.899999999999999
"775","FI_Development","2020-02-16 11-14-06","Nov 2013","Equity","EQ_deved_intl",0.139999
"776","FI_Development","2020-02-16 11-14-06","Dec 2013","Equity","EQ_deved_intl",0.290001
"777","FI_Development","2020-02-16 11-14-06","Jan 2014","Equity","EQ_deved_intl",-1.52
"778","FI_Development","2020-02-16 11-14-06","Feb 2014","Equity","EQ_deved_intl",1.67
"779","FI_Development","2020-02-16 11-14-06","Mar 2014","Equity","EQ_deved_intl",-0.100000999999999
"780","FI_Development","2020-02-16 11-14-06","Apr 2014","Equity","EQ_deved_intl",0.430001000000001
"781","FI_Development","2020-02-16 11-14-06","May 2014","Equity","EQ_deved_intl",0.540001
"782","FI_Development","2020-02-16 11-14-06","Jun 2014","Equity","EQ_deved_intl",-0.100000999999999
"783","FI_Development","2020-02-16 11-14-06","Jul 2014","Equity","EQ_deved_intl",-0.66
"784","FI_Development","2020-02-16 11-14-06","Aug 2014","Equity","EQ_deved_intl",0.0799999999999983
"785","FI_Development","2020-02-16 11-14-06","Sep 2014","Equity","EQ_deved_intl",-1.309999
"786","FI_Development","2020-02-16 11-14-06","Oct 2014","Equity","EQ_deved_intl",-0.140000999999998
"787","FI_Development","2020-02-16 11-14-06","Nov 2014","Equity","EQ_deved_intl",-0.0599999999999987
"788","FI_Development","2020-02-16 11-14-06","Dec 2014","Equity","EQ_deved_intl",-1.27
"789","FI_Development","2020-02-16 11-14-06","Jan 2015","Equity","EQ_deved_intl",0.0100000000000016
"790","FI_Development","2020-02-16 11-14-06","Feb 2015","Equity","EQ_deved_intl",1.66
"791","FI_Development","2020-02-16 11-14-06","Mar 2015","Equity","EQ_deved_intl",-0.34
"792","FI_Development","2020-02-16 11-14-06","Apr 2015","Equity","EQ_deved_intl",1.17
"793","FI_Development","2020-02-16 11-14-06","May 2015","Equity","EQ_deved_intl",-0.0599999999999987
"794","FI_Development","2020-02-16 11-14-06","Jun 2015","Equity","EQ_deved_intl",-1.219999
"795","FI_Development","2020-02-16 11-14-06","Jul 2015","Equity","EQ_deved_intl",0.259998000000003
"796","FI_Development","2020-02-16 11-14-06","Aug 2015","Equity","EQ_deved_intl",-1.969999
"797","FI_Development","2020-02-16 11-14-06","Sep 2015","Equity","EQ_deved_intl",-1.08
"798","FI_Development","2020-02-16 11-14-06","Oct 2015","Equity","EQ_deved_intl",1.66
"799","FI_Development","2020-02-16 11-14-06","Nov 2015","Equity","EQ_deved_intl",-0.270000999999997
"800","FI_Development","2020-02-16 11-14-06","Dec 2015","Equity","EQ_deved_intl",-0.969999000000001
"801","FI_Development","2020-02-16 11-14-06","Jan 2016","Equity","EQ_deved_intl",-1.549999
"802","FI_Development","2020-02-16 11-14-06","Feb 2016","Equity","EQ_deved_intl",-0.59
"803","FI_Development","2020-02-16 11-14-06","Mar 2016","Equity","EQ_deved_intl",1.699998
"804","FI_Development","2020-02-16 11-14-06","Apr 2016","Equity","EQ_deved_intl",0.630001999999998
"805","FI_Development","2020-02-16 11-14-06","May 2016","Equity","EQ_deved_intl",-0.0900009999999973
"806","FI_Development","2020-02-16 11-14-06","Jun 2016","Equity","EQ_deved_intl",-0.920000000000002
"807","FI_Development","2020-02-16 11-14-06","Jul 2016","Equity","EQ_deved_intl",1.020001
"808","FI_Development","2020-02-16 11-14-06","Aug 2016","Equity","EQ_deved_intl",0.119999
"809","FI_Development","2020-02-16 11-14-06","Sep 2016","Equity","EQ_deved_intl",0.399999000000001
"810","FI_Development","2020-02-16 11-14-06","Oct 2016","Equity","EQ_deved_intl",-0.599998000000003
"811","FI_Development","2020-02-16 11-14-06","Nov 2016","Equity","EQ_deved_intl",-0.350000999999999
"812","FI_Development","2020-02-16 11-14-06","Dec 2016","Equity","EQ_deved_intl",0.180001000000001
"813","FI_Development","2020-02-16 11-14-06","Jan 2017","Equity","EQ_deved_intl",0.919999999999998
"814","FI_Development","2020-02-16 11-14-06","Feb 2017","Equity","EQ_deved_intl",0.32
"815","FI_Development","2020-02-16 11-14-06","Mar 2017","Equity","EQ_deved_intl",0.789999000000002
"816","FI_Development","2020-02-16 11-14-06","Apr 2017","Equity","EQ_deved_intl",0.569998999999999
"817","FI_Development","2020-02-16 11-14-06","May 2017","Equity","EQ_deved_intl",1.020001
"818","FI_Development","2020-02-16 11-14-06","Jun 2017","Equity","EQ_deved_intl",-0.190000999999999
"819","FI_Development","2020-02-16 11-14-06","Jul 2017","Equity","EQ_deved_intl",0.810001999999997
"820","FI_Development","2020-02-16 11-14-06","Aug 2017","Equity","EQ_deved_intl",-0.0700000000000003
"821","FI_Development","2020-02-16 11-14-06","Sep 2017","Equity","EQ_deved_intl",0.799999000000003
"822","FI_Development","2020-02-16 11-14-06","Oct 2017","Equity","EQ_deved_intl",0.509999999999998
"823","FI_Development","2020-02-16 11-14-06","Nov 2017","Equity","EQ_deved_intl",0.260000999999999
"824","FI_Development","2020-02-16 11-14-06","Dec 2017","Equity","EQ_deved_intl",0.260000000000002
"825","FI_Development","2020-02-16 11-14-06","Jan 2018","Equity","EQ_deved_intl",1.52
"826","FI_Development","2020-02-16 11-14-06","Feb 2018","Equity","EQ_deved_intl",-1.660002
"827","FI_Development","2020-02-16 11-14-06","Mar 2018","Equity","EQ_deved_intl",-0.129999000000002
"828","FI_Development","2020-02-16 11-14-06","Apr 2018","Equity","EQ_deved_intl",0.440000999999999
"829","FI_Development","2020-02-16 11-14-06","May 2018","Equity","EQ_deved_intl",-0.520000999999997
"830","FI_Development","2020-02-16 11-14-06","Jun 2018","Equity","EQ_deved_intl",-0.950000000000003
"831","FI_Development","2020-02-16 11-14-06","Jul 2018","Equity","EQ_deved_intl",0.649999000000001
"832","FI_Development","2020-02-16 11-14-06","Aug 2018","Equity","EQ_deved_intl",-0.519998000000001
"833","FI_Development","2020-02-16 11-14-06","Sep 2018","Equity","EQ_deved_intl",0.239999000000001
"834","FI_Development","2020-02-16 11-14-06","Oct 2018","Equity","EQ_deved_intl",-2.710001
"835","FI_Development","2020-02-16 11-14-06","Nov 2018","Equity","EQ_deved_intl",0.25
"836","FI_Development","2020-02-16 11-14-06","Dec 2018","Equity","EQ_deved_intl",-1.859998
"837","FI_Development","2020-02-16 11-14-06","Jan 2019","Equity","EQ_deved_intl",2.009998
"838","FI_Development","2020-02-16 11-14-06","Feb 2019","Equity","EQ_deved_intl",0.630001
"839","FI_Development","2020-02-16 11-14-06","Mar 2019","Equity","EQ_deved_intl",0.119999
"840","FI_Development","2020-02-16 11-14-06","Apr 2019","Equity","EQ_deved_intl",0.790001
"841","FI_Development","2020-02-16 11-14-06","Jul 2013","Equity","EQ_deving_intl",0.699999000000002
"842","FI_Development","2020-02-16 11-14-06","Aug 2013","Equity","EQ_deving_intl",-1.094999
"843","FI_Development","2020-02-16 11-14-06","Sep 2013","Equity","EQ_deving_intl",2.155001
"844","FI_Development","2020-02-16 11-14-06","Oct 2013","Equity","EQ_deving_intl",1.394998
"845","FI_Development","2020-02-16 11-14-06","Nov 2013","Equity","EQ_deving_intl",-0.434997000000003
"846","FI_Development","2020-02-16 11-14-06","Dec 2013","Equity","EQ_deving_intl",-0.195
"847","FI_Development","2020-02-16 11-14-06","Jan 2014","Equity","EQ_deving_intl",-2.590002
"848","FI_Development","2020-02-16 11-14-06","Feb 2014","Equity","EQ_deving_intl",0.825001
"849","FI_Development","2020-02-16 11-14-06","Mar 2014","Equity","EQ_deving_intl",1.119998
"850","FI_Development","2020-02-16 11-14-06","Apr 2014","Equity","EQ_deving_intl",0.225000999999999
"851","FI_Development","2020-02-16 11-14-06","May 2014","Equity","EQ_deving_intl",1.035
"852","FI_Development","2020-02-16 11-14-06","Jun 2014","Equity","EQ_deving_intl",0.875
"853","FI_Development","2020-02-16 11-14-06","Jul 2014","Equity","EQ_deving_intl",0.5
"854","FI_Development","2020-02-16 11-14-06","Aug 2014","Equity","EQ_deving_intl",1.25
"855","FI_Development","2020-02-16 11-14-06","Sep 2014","Equity","EQ_deving_intl",-2.325001
"856","FI_Development","2020-02-16 11-14-06","Oct 2014","Equity","EQ_deving_intl",0.620002999999997
"857","FI_Development","2020-02-16 11-14-06","Nov 2014","Equity","EQ_deving_intl",-0.530002999999994
"858","FI_Development","2020-02-16 11-14-06","Dec 2014","Equity","EQ_deving_intl",-1.914999
"859","FI_Development","2020-02-16 11-14-06","Jan 2015","Equity","EQ_deving_intl",0.114999999999998
"860","FI_Development","2020-02-16 11-14-06","Feb 2015","Equity","EQ_deving_intl",1.345001
"861","FI_Development","2020-02-16 11-14-06","Mar 2015","Equity","EQ_deving_intl",-0.770000000000003
"862","FI_Development","2020-02-16 11-14-06","Apr 2015","Equity","EQ_deving_intl",2.294998
"863","FI_Development","2020-02-16 11-14-06","May 2015","Equity","EQ_deving_intl",-1.00999899999999
"864","FI_Development","2020-02-16 11-14-06","Jun 2015","Equity","EQ_deving_intl",-1.174999
"865","FI_Development","2020-02-16 11-14-06","Jul 2015","Equity","EQ_deving_intl",-2.120001
"866","FI_Development","2020-02-16 11-14-06","Aug 2015","Equity","EQ_deving_intl",-2.95
"867","FI_Development","2020-02-16 11-14-06","Sep 2015","Equity","EQ_deving_intl",-0.940000999999999
"868","FI_Development","2020-02-16 11-14-06","Oct 2015","Equity","EQ_deving_intl",1.780001
"869","FI_Development","2020-02-16 11-14-06","Nov 2015","Equity","EQ_deving_intl",-0.719999999999999
"870","FI_Development","2020-02-16 11-14-06","Dec 2015","Equity","EQ_deving_intl",-1.229999
"871","FI_Development","2020-02-16 11-14-06","Jan 2016","Equity","EQ_deving_intl",-1.575001
"872","FI_Development","2020-02-16 11-14-06","Feb 2016","Equity","EQ_deving_intl",-0.0100000000000016
"873","FI_Development","2020-02-16 11-14-06","Mar 2016","Equity","EQ_deving_intl",2.905001
"874","FI_Development","2020-02-16 11-14-06","Apr 2016","Equity","EQ_deving_intl",0.379998999999998
"875","FI_Development","2020-02-16 11-14-06","May 2016","Equity","EQ_deving_intl",-0.864999999999998
"876","FI_Development","2020-02-16 11-14-06","Jun 2016","Equity","EQ_deving_intl",0.905000999999999
"877","FI_Development","2020-02-16 11-14-06","Jul 2016","Equity","EQ_deving_intl",1.344999
"878","FI_Development","2020-02-16 11-14-06","Aug 2016","Equity","EQ_deving_intl",0.549999
"879","FI_Development","2020-02-16 11-14-06","Sep 2016","Equity","EQ_deving_intl",0.615002
"880","FI_Development","2020-02-16 11-14-06","Oct 2016","Equity","EQ_deving_intl",0.144998000000001
"881","FI_Development","2020-02-16 11-14-06","Nov 2016","Equity","EQ_deving_intl",-1.439998
"882","FI_Development","2020-02-16 11-14-06","Dec 2016","Equity","EQ_deving_intl",-0.355001999999999
"883","FI_Development","2020-02-16 11-14-06","Jan 2017","Equity","EQ_deving_intl",1.695
"884","FI_Development","2020-02-16 11-14-06","Feb 2017","Equity","EQ_deving_intl",0.950001
"885","FI_Development","2020-02-16 11-14-06","Mar 2017","Equity","EQ_deving_intl",0.795002
"886","FI_Development","2020-02-16 11-14-06","Apr 2017","Equity","EQ_deving_intl",0.509998000000003
"887","FI_Development","2020-02-16 11-14-06","May 2017","Equity","EQ_deving_intl",0.549999
"888","FI_Development","2020-02-16 11-14-06","Jun 2017","Equity","EQ_deving_intl",0.165000999999997
"889","FI_Development","2020-02-16 11-14-06","Jul 2017","Equity","EQ_deving_intl",1.875
"890","FI_Development","2020-02-16 11-14-06","Aug 2017","Equity","EQ_deving_intl",1.244999
"891","FI_Development","2020-02-16 11-14-06","Sep 2017","Equity","EQ_deving_intl",-0.189998000000003
"892","FI_Development","2020-02-16 11-14-06","Oct 2017","Equity","EQ_deving_intl",0.884998000000003
"893","FI_Development","2020-02-16 11-14-06","Nov 2017","Equity","EQ_deving_intl",0.0800020000000004
"894","FI_Development","2020-02-16 11-14-06","Dec 2017","Equity","EQ_deving_intl",0.950001
"895","FI_Development","2020-02-16 11-14-06","Jan 2018","Equity","EQ_deving_intl",3.409999
"896","FI_Development","2020-02-16 11-14-06","Feb 2018","Equity","EQ_deving_intl",-1.960003
"897","FI_Development","2020-02-16 11-14-06","Mar 2018","Equity","EQ_deving_intl",-0.299999
"898","FI_Development","2020-02-16 11-14-06","Apr 2018","Equity","EQ_deving_intl",-1.219997
"899","FI_Development","2020-02-16 11-14-06","May 2018","Equity","EQ_deving_intl",-0.990001999999997
"900","FI_Development","2020-02-16 11-14-06","Jun 2018","Equity","EQ_deving_intl",-1.75
"901","FI_Development","2020-02-16 11-14-06","Jul 2018","Equity","EQ_deving_intl",1.290001
"902","FI_Development","2020-02-16 11-14-06","Aug 2018","Equity","EQ_deving_intl",-1.41
"903","FI_Development","2020-02-16 11-14-06","Sep 2018","Equity","EQ_deving_intl",-0.389999000000003
"904","FI_Development","2020-02-16 11-14-06","Oct 2018","Equity","EQ_deving_intl",-2.580002
"905","FI_Development","2020-02-16 11-14-06","Nov 2018","Equity","EQ_deving_intl",1.630001
"906","FI_Development","2020-02-16 11-14-06","Dec 2018","Equity","EQ_deving_intl",-1.52
"907","FI_Development","2020-02-16 11-14-06","Jan 2019","Equity","EQ_deving_intl",3.09
"908","FI_Development","2020-02-16 11-14-06","Feb 2019","Equity","EQ_deving_intl",-0.330002
"909","FI_Development","2020-02-16 11-14-06","Mar 2019","Equity","EQ_deving_intl",0.639999000000003
"910","FI_Development","2020-02-16 11-14-06","Apr 2019","Equity","EQ_deving_intl",0.700001
"911","FI_Development","2020-02-16 11-14-06","Jul 2013","Commodity","CO_oil1",1.360001
"912","FI_Development","2020-02-16 11-14-06","Aug 2013","Commodity","CO_oil1",0.239999000000001
"913","FI_Development","2020-02-16 11-14-06","Sep 2013","Commodity","CO_oil1",-0.0799990000000008
"914","FI_Development","2020-02-16 11-14-06","Oct 2013","Commodity","CO_oil1",-0.390001999999999
"915","FI_Development","2020-02-16 11-14-06","Nov 2013","Commodity","CO_oil1",-0.319998999999999
"916","FI_Development","2020-02-16 11-14-06","Dec 2013","Commodity","CO_oil1",0.970001
"917","FI_Development","2020-02-16 11-14-06","Jan 2014","Commodity","CO_oil1",-0.820001999999999
"918","FI_Development","2020-02-16 11-14-06","Feb 2014","Commodity","CO_oil1",1.770001
"919","FI_Development","2020-02-16 11-14-06","Mar 2014","Commodity","CO_oil1",-0.0299990000000001
"920","FI_Development","2020-02-16 11-14-06","Apr 2014","Commodity","CO_oil1",-0.160001999999999
"921","FI_Development","2020-02-16 11-14-06","May 2014","Commodity","CO_oil1",1.01
"922","FI_Development","2020-02-16 11-14-06","Jun 2014","Commodity","CO_oil1",1.290001
"923","FI_Development","2020-02-16 11-14-06","Jul 2014","Commodity","CO_oil1",-1.86
"924","FI_Development","2020-02-16 11-14-06","Aug 2014","Commodity","CO_oil1",-0.5
"925","FI_Development","2020-02-16 11-14-06","Sep 2014","Commodity","CO_oil1",-1.270001
"926","FI_Development","2020-02-16 11-14-06","Oct 2014","Commodity","CO_oil1",-2.949999
"927","FI_Development","2020-02-16 11-14-06","Nov 2014","Commodity","CO_oil1",-4.149999
"928","FI_Development","2020-02-16 11-14-06","Dec 2014","Commodity","CO_oil1",-4.330001
"929","FI_Development","2020-02-16 11-14-06","Jan 2015","Commodity","CO_oil1",-2.08
"930","FI_Development","2020-02-16 11-14-06","Feb 2015","Commodity","CO_oil1",1.01
"931","FI_Development","2020-02-16 11-14-06","Mar 2015","Commodity","CO_oil1",-1.14
"932","FI_Development","2020-02-16 11-14-06","Apr 2015","Commodity","CO_oil1",1.69
"933","FI_Development","2020-02-16 11-14-06","May 2015","Commodity","CO_oil1",-0.44
"934","FI_Development","2020-02-16 11-14-06","Jun 2015","Commodity","CO_oil1",-0.140000000000001
"935","FI_Development","2020-02-16 11-14-06","Jul 2015","Commodity","CO_oil1",-2.52
"936","FI_Development","2020-02-16 11-14-06","Aug 2015","Commodity","CO_oil1",0.35
"937","FI_Development","2020-02-16 11-14-06","Sep 2015","Commodity","CO_oil1",-1.08
"938","FI_Development","2020-02-16 11-14-06","Oct 2015","Commodity","CO_oil1",0.24
"939","FI_Development","2020-02-16 11-14-06","Nov 2015","Commodity","CO_oil1",-1.13
"940","FI_Development","2020-02-16 11-14-06","Dec 2015","Commodity","CO_oil1",-1.41
"941","FI_Development","2020-02-16 11-14-06","Jan 2016","Commodity","CO_oil1",-1.05
"942","FI_Development","2020-02-16 11-14-06","Feb 2016","Commodity","CO_oil1",-0.62
"943","FI_Development","2020-02-16 11-14-06","Mar 2016","Commodity","CO_oil1",0.39
"944","FI_Development","2020-02-16 11-14-06","Apr 2016","Commodity","CO_oil1",0.83
"945","FI_Development","2020-02-16 11-14-06","May 2016","Commodity","CO_oil1",0.460000000000001
"946","FI_Development","2020-02-16 11-14-06","Jun 2016","Commodity","CO_oil1",0.0999999999999996
"947","FI_Development","2020-02-16 11-14-06","Jul 2016","Commodity","CO_oil1",-1.1
"948","FI_Development","2020-02-16 11-14-06","Aug 2016","Commodity","CO_oil1",0.369999999999999
"949","FI_Development","2020-02-16 11-14-06","Sep 2016","Commodity","CO_oil1",0.44
"950","FI_Development","2020-02-16 11-14-06","Oct 2016","Commodity","CO_oil1",-0.299999999999999
"951","FI_Development","2020-02-16 11-14-06","Nov 2016","Commodity","CO_oil1",0.43
"952","FI_Development","2020-02-16 11-14-06","Dec 2016","Commodity","CO_oil1",0.68
"953","FI_Development","2020-02-16 11-14-06","Jan 2017","Commodity","CO_oil1",-0.33
"954","FI_Development","2020-02-16 11-14-06","Feb 2017","Commodity","CO_oil1",-0.0399999999999991
"955","FI_Development","2020-02-16 11-14-06","Mar 2017","Commodity","CO_oil1",-0.520000000000001
"956","FI_Development","2020-02-16 11-14-06","Apr 2017","Commodity","CO_oil1",-0.25
"957","FI_Development","2020-02-16 11-14-06","May 2017","Commodity","CO_oil1",-0.25
"958","FI_Development","2020-02-16 11-14-06","Jun 2017","Commodity","CO_oil1",-0.219999999999999
"959","FI_Development","2020-02-16 11-14-06","Jul 2017","Commodity","CO_oil1",0.469999999999999
"960","FI_Development","2020-02-16 11-14-06","Aug 2017","Commodity","CO_oil1",-0.209999999999999
"961","FI_Development","2020-02-16 11-14-06","Sep 2017","Commodity","CO_oil1",0.459999999999999
"962","FI_Development","2020-02-16 11-14-06","Oct 2017","Commodity","CO_oil1",0.450000000000001
"963","FI_Development","2020-02-16 11-14-06","Nov 2017","Commodity","CO_oil1",0.44
"964","FI_Development","2020-02-16 11-14-06","Dec 2017","Commodity","CO_oil1",0.470000000000001
"965","FI_Development","2020-02-16 11-14-06","Jan 2018","Commodity","CO_oil1",0.81
"966","FI_Development","2020-02-16 11-14-06","Feb 2018","Commodity","CO_oil1",-0.470000000000001
"967","FI_Development","2020-02-16 11-14-06","Mar 2018","Commodity","CO_oil1",0.68
"968","FI_Development","2020-02-16 11-14-06","Apr 2018","Commodity","CO_oil1",0.65
"969","FI_Development","2020-02-16 11-14-06","May 2018","Commodity","CO_oil1",0.0999999999999996
"970","FI_Development","2020-02-16 11-14-06","Jun 2018","Commodity","CO_oil1",0.540000000000001
"971","FI_Development","2020-02-16 11-14-06","Jul 2018","Commodity","CO_oil1",-0.25
"972","FI_Development","2020-02-16 11-14-06","Aug 2018","Commodity","CO_oil1",0.43
"973","FI_Development","2020-02-16 11-14-06","Sep 2018","Commodity","CO_oil1",0.84
"974","FI_Development","2020-02-16 11-14-06","Oct 2018","Commodity","CO_oil1",-1.31
"975","FI_Development","2020-02-16 11-14-06","Nov 2018","Commodity","CO_oil1",-2.69
"976","FI_Development","2020-02-16 11-14-06","Dec 2018","Commodity","CO_oil1",-1.01
"977","FI_Development","2020-02-16 11-14-06","Jan 2019","Commodity","CO_oil1",1.45
"978","FI_Development","2020-02-16 11-14-06","Feb 2019","Commodity","CO_oil1",0.42
"979","FI_Development","2020-02-16 11-14-06","Mar 2019","Commodity","CO_oil1",0.17
"980","FI_Development","2020-02-16 11-14-06","Apr 2019","Commodity","CO_oil1",0.41
"981","FI_Development","2020-02-16 11-14-06","Jul 2013","Commodity","CO_oil2",3.180001
"982","FI_Development","2020-02-16 11-14-06","Aug 2013","Commodity","CO_oil2",1.119999
"983","FI_Development","2020-02-16 11-14-06","Sep 2013","Commodity","CO_oil2",-1.630002
"984","FI_Development","2020-02-16 11-14-06","Oct 2013","Commodity","CO_oil2",-2.159999
"985","FI_Development","2020-02-16 11-14-06","Nov 2013","Commodity","CO_oil2",-1.23
"986","FI_Development","2020-02-16 11-14-06","Dec 2013","Commodity","CO_oil2",1.860001
"987","FI_Development","2020-02-16 11-14-06","Jan 2014","Commodity","CO_oil2",-0.520001000000001
"988","FI_Development","2020-02-16 11-14-06","Feb 2014","Commodity","CO_oil2",1.940003
"989","FI_Development","2020-02-16 11-14-06","Mar 2014","Commodity","CO_oil2",-0.150001999999994
"990","FI_Development","2020-02-16 11-14-06","Apr 2014","Commodity","CO_oil2",-0.270000000000003
"991","FI_Development","2020-02-16 11-14-06","May 2014","Commodity","CO_oil2",1.36
"992","FI_Development","2020-02-16 11-14-06","Jun 2014","Commodity","CO_oil2",1.200001
"993","FI_Development","2020-02-16 11-14-06","Jul 2014","Commodity","CO_oil2",-2.560001
"994","FI_Development","2020-02-16 11-14-06","Aug 2014","Commodity","CO_oil2",-0.560001999999997
"995","FI_Development","2020-02-16 11-14-06","Sep 2014","Commodity","CO_oil2",-1.34999800000001
"996","FI_Development","2020-02-16 11-14-06","Oct 2014","Commodity","CO_oil2",-3.780001
"997","FI_Development","2020-02-16 11-14-06","Nov 2014","Commodity","CO_oil2",-5.049999
"998","FI_Development","2020-02-16 11-14-06","Dec 2014","Commodity","CO_oil2",-5.219999
"999","FI_Development","2020-02-16 11-14-06","Jan 2015","Commodity","CO_oil2",-2.540001
"1000","FI_Development","2020-02-16 11-14-06","Feb 2015","Commodity","CO_oil2",0.280000000000001
"1001","FI_Development","2020-02-16 11-14-06","Mar 2015","Commodity","CO_oil2",-1.26
"1002","FI_Development","2020-02-16 11-14-06","Apr 2015","Commodity","CO_oil2",3.67
"1003","FI_Development","2020-02-16 11-14-06","May 2015","Commodity","CO_oil2",-0.200001
"1004","FI_Development","2020-02-16 11-14-06","Jun 2015","Commodity","CO_oil2",-0.43
"1005","FI_Development","2020-02-16 11-14-06","Jul 2015","Commodity","CO_oil2",-4.289999
"1006","FI_Development","2020-02-16 11-14-06","Aug 2015","Commodity","CO_oil2",0.300000000000001
"1007","FI_Development","2020-02-16 11-14-06","Sep 2015","Commodity","CO_oil2",-1.21
"1008","FI_Development","2020-02-16 11-14-06","Oct 2015","Commodity","CO_oil2",0.130000000000001
"1009","FI_Development","2020-02-16 11-14-06","Nov 2015","Commodity","CO_oil2",-1.88
"1010","FI_Development","2020-02-16 11-14-06","Dec 2015","Commodity","CO_oil2",-1.93
"1011","FI_Development","2020-02-16 11-14-06","Jan 2016","Commodity","CO_oil2",-1.35
"1012","FI_Development","2020-02-16 11-14-06","Feb 2016","Commodity","CO_oil2",-0.65
"1013","FI_Development","2020-02-16 11-14-06","Mar 2016","Commodity","CO_oil2",0.699999999999999
"1014","FI_Development","2020-02-16 11-14-06","Apr 2016","Commodity","CO_oil2",1.6
"1015","FI_Development","2020-02-16 11-14-06","May 2016","Commodity","CO_oil2",0.569999999999999
"1016","FI_Development","2020-02-16 11-14-06","Jun 2016","Commodity","CO_oil2",-0.299999999999999
"1017","FI_Development","2020-02-16 11-14-06","Jul 2016","Commodity","CO_oil2",-1.81
"1018","FI_Development","2020-02-16 11-14-06","Aug 2016","Commodity","CO_oil2",0.6
"1019","FI_Development","2020-02-16 11-14-06","Sep 2016","Commodity","CO_oil2",0.57
"1020","FI_Development","2020-02-16 11-14-06","Oct 2016","Commodity","CO_oil2",-0.4
"1021","FI_Development","2020-02-16 11-14-06","Nov 2016","Commodity","CO_oil2",0.4
"1022","FI_Development","2020-02-16 11-14-06","Dec 2016","Commodity","CO_oil2",0.790000000000001
"1023","FI_Development","2020-02-16 11-14-06","Jan 2017","Commodity","CO_oil2",-0.4
"1024","FI_Development","2020-02-16 11-14-06","Feb 2017","Commodity","CO_oil2",0.129999999999999
"1025","FI_Development","2020-02-16 11-14-06","Mar 2017","Commodity","CO_oil2",-0.809999999999999
"1026","FI_Development","2020-02-16 11-14-06","Apr 2017","Commodity","CO_oil2",-0.4
"1027","FI_Development","2020-02-16 11-14-06","May 2017","Commodity","CO_oil2",-0.279999999999999
"1028","FI_Development","2020-02-16 11-14-06","Jun 2017","Commodity","CO_oil2",-0.460000000000001
"1029","FI_Development","2020-02-16 11-14-06","Jul 2017","Commodity","CO_oil2",0.779999999999999
"1030","FI_Development","2020-02-16 11-14-06","Aug 2017","Commodity","CO_oil2",-0.649999999999999
"1031","FI_Development","2020-02-16 11-14-06","Sep 2017","Commodity","CO_oil2",0.799999999999999
"1032","FI_Development","2020-02-16 11-14-06","Oct 2017","Commodity","CO_oil2",0.5
"1033","FI_Development","2020-02-16 11-14-06","Nov 2017","Commodity","CO_oil2",0.540000000000001
"1034","FI_Development","2020-02-16 11-14-06","Dec 2017","Commodity","CO_oil2",0.539999999999999
"1035","FI_Development","2020-02-16 11-14-06","Jan 2018","Commodity","CO_oil2",0.970000000000001
"1036","FI_Development","2020-02-16 11-14-06","Feb 2018","Commodity","CO_oil2",-0.610000000000001
"1037","FI_Development","2020-02-16 11-14-06","Mar 2018","Commodity","CO_oil2",0.720000000000001
"1038","FI_Development","2020-02-16 11-14-06","Apr 2018","Commodity","CO_oil2",0.710000000000001
"1039","FI_Development","2020-02-16 11-14-06","May 2018","Commodity","CO_oil2",-0.25
"1040","FI_Development","2020-02-16 11-14-06","Jun 2018","Commodity","CO_oil2",1.51
"1041","FI_Development","2020-02-16 11-14-06","Jul 2018","Commodity","CO_oil2",-0.780000000000001
"1042","FI_Development","2020-02-16 11-14-06","Aug 2018","Commodity","CO_oil2",0.430000000000001
"1043","FI_Development","2020-02-16 11-14-06","Sep 2018","Commodity","CO_oil2",0.809999999999999
"1044","FI_Development","2020-02-16 11-14-06","Oct 2018","Commodity","CO_oil2",-1.73
"1045","FI_Development","2020-02-16 11-14-06","Nov 2018","Commodity","CO_oil2",-3.06
"1046","FI_Development","2020-02-16 11-14-06","Dec 2018","Commodity","CO_oil2",-1.07
"1047","FI_Development","2020-02-16 11-14-06","Jan 2019","Commodity","CO_oil2",1.69
"1048","FI_Development","2020-02-16 11-14-06","Feb 2019","Commodity","CO_oil2",0.6
"1049","FI_Development","2020-02-16 11-14-06","Mar 2019","Commodity","CO_oil2",0.550000000000001
"1050","FI_Development","2020-02-16 11-14-06","Apr 2019","Commodity","CO_oil2",0.789999999999999
"1051","FI_Development","2020-02-16 11-14-06","Jul 2013","Commodity","CO_nat_gas",-2.960007
"1052","FI_Development","2020-02-16 11-14-06","Aug 2013","Commodity","CO_nat_gas",2.960007
"1053","FI_Development","2020-02-16 11-14-06","Sep 2013","Commodity","CO_nat_gas",-2.68000000000001
"1054","FI_Development","2020-02-16 11-14-06","Oct 2013","Commodity","CO_nat_gas",-2.040001
"1055","FI_Development","2020-02-16 11-14-06","Nov 2013","Commodity","CO_nat_gas",5.51999600000001
"1056","FI_Development","2020-02-16 11-14-06","Dec 2013","Commodity","CO_nat_gas",6.160004
"1057","FI_Development","2020-02-16 11-14-06","Jan 2014","Commodity","CO_nat_gas",13.959999
"1058","FI_Development","2020-02-16 11-14-06","Feb 2014","Commodity","CO_nat_gas",5.32000000000001
"1059","FI_Development","2020-02-16 11-14-06","Mar 2014","Commodity","CO_nat_gas",-4.360001
"1060","FI_Development","2020-02-16 11-14-06","Apr 2014","Commodity","CO_nat_gas",8.51999699999999
"1061","FI_Development","2020-02-16 11-14-06","May 2014","Commodity","CO_nat_gas",-5.39999399999999
"1062","FI_Development","2020-02-16 11-14-06","Jun 2014","Commodity","CO_nat_gas",-2.400001
"1063","FI_Development","2020-02-16 11-14-06","Jul 2014","Commodity","CO_nat_gas",-14
"1064","FI_Development","2020-02-16 11-14-06","Aug 2014","Commodity","CO_nat_gas",4.639999
"1065","FI_Development","2020-02-16 11-14-06","Sep 2014","Commodity","CO_nat_gas",-0.599998999999997
"1066","FI_Development","2020-02-16 11-14-06","Oct 2014","Commodity","CO_nat_gas",-7.31999900000001
"1067","FI_Development","2020-02-16 11-14-06","Nov 2014","Commodity","CO_nat_gas",3.91999800000001
"1068","FI_Development","2020-02-16 11-14-06","Dec 2014","Commodity","CO_nat_gas",-25.959999
"1069","FI_Development","2020-02-16 11-14-06","Jan 2015","Commodity","CO_nat_gas",-4.400002
"1070","FI_Development","2020-02-16 11-14-06","Feb 2015","Commodity","CO_nat_gas",0.279999000000004
"1071","FI_Development","2020-02-16 11-14-06","Mar 2015","Commodity","CO_nat_gas",-2
"1072","FI_Development","2020-02-16 11-14-06","Apr 2015","Commodity","CO_nat_gas",0.880001
"1073","FI_Development","2020-02-16 11-14-06","May 2015","Commodity","CO_nat_gas",-2.36000000000001
"1074","FI_Development","2020-02-16 11-14-06","Jun 2015","Commodity","CO_nat_gas",2.760002
"1075","FI_Development","2020-02-16 11-14-06","Jul 2015","Commodity","CO_nat_gas",-2.080002
"1076","FI_Development","2020-02-16 11-14-06","Aug 2015","Commodity","CO_nat_gas",-1.360001
"1077","FI_Development","2020-02-16 11-14-06","Sep 2015","Commodity","CO_nat_gas",-4.36
"1078","FI_Development","2020-02-16 11-14-06","Oct 2015","Commodity","CO_nat_gas",-7.199997
"1079","FI_Development","2020-02-16 11-14-06","Nov 2015","Commodity","CO_nat_gas",-4.360001
"1080","FI_Development","2020-02-16 11-14-06","Dec 2015","Commodity","CO_nat_gas",-0.200001
"1081","FI_Development","2020-02-16 11-14-06","Jan 2016","Commodity","CO_nat_gas",-0.720000999999996
"1082","FI_Development","2020-02-16 11-14-06","Feb 2016","Commodity","CO_nat_gas",-9.87999900000001
"1083","FI_Development","2020-02-16 11-14-06","Mar 2016","Commodity","CO_nat_gas",2.559999
"1084","FI_Development","2020-02-16 11-14-06","Apr 2016","Commodity","CO_nat_gas",1.08
"1085","FI_Development","2020-02-16 11-14-06","May 2016","Commodity","CO_nat_gas",-0.16
"1086","FI_Development","2020-02-16 11-14-06","Jun 2016","Commodity","CO_nat_gas",7.000002
"1087","FI_Development","2020-02-16 11-14-06","Jul 2016","Commodity","CO_nat_gas",-0.359999999999999
"1088","FI_Development","2020-02-16 11-14-06","Aug 2016","Commodity","CO_nat_gas",-0.400002000000001
"1089","FI_Development","2020-02-16 11-14-06","Sep 2016","Commodity","CO_nat_gas",-0.359999999999999
"1090","FI_Development","2020-02-16 11-14-06","Oct 2016","Commodity","CO_nat_gas",-1.119999
"1091","FI_Development","2020-02-16 11-14-06","Nov 2016","Commodity","CO_nat_gas",1.400001
"1092","FI_Development","2020-02-16 11-14-06","Dec 2016","Commodity","CO_nat_gas",3.63999999999999
"1093","FI_Development","2020-02-16 11-14-06","Jan 2017","Commodity","CO_nat_gas",-5.92
"1094","FI_Development","2020-02-16 11-14-06","Feb 2017","Commodity","CO_nat_gas",-4.680001
"1095","FI_Development","2020-02-16 11-14-06","Mar 2017","Commodity","CO_nat_gas",3.520001
"1096","FI_Development","2020-02-16 11-14-06","Apr 2017","Commodity","CO_nat_gas",0
"1097","FI_Development","2020-02-16 11-14-06","May 2017","Commodity","CO_nat_gas",-2.600001
"1098","FI_Development","2020-02-16 11-14-06","Jun 2017","Commodity","CO_nat_gas",-0.559999000000001
"1099","FI_Development","2020-02-16 11-14-06","Jul 2017","Commodity","CO_nat_gas",-1.84
"1100","FI_Development","2020-02-16 11-14-06","Aug 2017","Commodity","CO_nat_gas",1.559999
"1101","FI_Development","2020-02-16 11-14-06","Sep 2017","Commodity","CO_nat_gas",-0.559999000000001
"1102","FI_Development","2020-02-16 11-14-06","Oct 2017","Commodity","CO_nat_gas",-2.360001
"1103","FI_Development","2020-02-16 11-14-06","Nov 2017","Commodity","CO_nat_gas",0.280000999999999
"1104","FI_Development","2020-02-16 11-14-06","Dec 2017","Commodity","CO_nat_gas",-0.880001
"1105","FI_Development","2020-02-16 11-14-06","Jan 2018","Commodity","CO_nat_gas",1.76
"1106","FI_Development","2020-02-16 11-14-06","Feb 2018","Commodity","CO_nat_gas",-2.82
"1107","FI_Development","2020-02-16 11-14-06","Mar 2018","Commodity","CO_nat_gas",0.289998999999998
"1108","FI_Development","2020-02-16 11-14-06","Apr 2018","Commodity","CO_nat_gas",0.0100000000000016
"1109","FI_Development","2020-02-16 11-14-06","May 2018","Commodity","CO_nat_gas",1.33
"1110","FI_Development","2020-02-16 11-14-06","Jun 2018","Commodity","CO_nat_gas",-0.189997999999999
"1111","FI_Development","2020-02-16 11-14-06","Jul 2018","Commodity","CO_nat_gas",-0.890001999999999
"1112","FI_Development","2020-02-16 11-14-06","Aug 2018","Commodity","CO_nat_gas",1.140002
"1113","FI_Development","2020-02-16 11-14-06","Sep 2018","Commodity","CO_nat_gas",0.879998999999998
"1114","FI_Development","2020-02-16 11-14-06","Oct 2018","Commodity","CO_nat_gas",1.870001
"1115","FI_Development","2020-02-16 11-14-06","Nov 2018","Commodity","CO_nat_gas",10.619999
"1116","FI_Development","2020-02-16 11-14-06","Dec 2018","Commodity","CO_nat_gas",-12.610001
"1117","FI_Development","2020-02-16 11-14-06","Jan 2019","Commodity","CO_nat_gas",0.570001999999999
"1118","FI_Development","2020-02-16 11-14-06","Feb 2019","Commodity","CO_nat_gas",-0.550000999999998
"1119","FI_Development","2020-02-16 11-14-06","Mar 2019","Commodity","CO_nat_gas",-1.25
"1120","FI_Development","2020-02-16 11-14-06","Apr 2019","Commodity","CO_nat_gas",-1.15
"1121","FI_Development","2020-02-16 11-14-06","Jul 2013","Commodity","CO_gasoline",7.040001
"1122","FI_Development","2020-02-16 11-14-06","Aug 2013","Commodity","CO_gasoline",0.290001000000004
"1123","FI_Development","2020-02-16 11-14-06","Sep 2013","Commodity","CO_gasoline",-5.5
"1124","FI_Development","2020-02-16 11-14-06","Oct 2013","Commodity","CO_gasoline",-0.540001000000004
"1125","FI_Development","2020-02-16 11-14-06","Nov 2013","Commodity","CO_gasoline",2.549999
"1126","FI_Development","2020-02-16 11-14-06","Dec 2013","Commodity","CO_gasoline",1.830002
"1127","FI_Development","2020-02-16 11-14-06","Jan 2014","Commodity","CO_gasoline",-3.59
"1128","FI_Development","2020-02-16 11-14-06","Feb 2014","Commodity","CO_gasoline",3.68
"1129","FI_Development","2020-02-16 11-14-06","Mar 2014","Commodity","CO_gasoline",-1.04000000000001
"1130","FI_Development","2020-02-16 11-14-06","Apr 2014","Commodity","CO_gasoline",1.549999
"1131","FI_Development","2020-02-16 11-14-06","May 2014","Commodity","CO_gasoline",0.470001000000003
"1132","FI_Development","2020-02-16 11-14-06","Jun 2014","Commodity","CO_gasoline",2.040001
"1133","FI_Development","2020-02-16 11-14-06","Jul 2014","Commodity","CO_gasoline",-4.799999
"1134","FI_Development","2020-02-16 11-14-06","Aug 2014","Commodity","CO_gasoline",-0.820003999999997
"1135","FI_Development","2020-02-16 11-14-06","Sep 2014","Commodity","CO_gasoline",-2.859997
"1136","FI_Development","2020-02-16 11-14-06","Oct 2014","Commodity","CO_gasoline",-5.040001
"1137","FI_Development","2020-02-16 11-14-06","Nov 2014","Commodity","CO_gasoline",-6.380001
"1138","FI_Development","2020-02-16 11-14-06","Dec 2014","Commodity","CO_gasoline",-8.989997
"1139","FI_Development","2020-02-16 11-14-06","Jan 2015","Commodity","CO_gasoline",-1.200001
"1140","FI_Development","2020-02-16 11-14-06","Feb 2015","Commodity","CO_gasoline",5.880001
"1141","FI_Development","2020-02-16 11-14-06","Mar 2015","Commodity","CO_gasoline",-3.990002
"1142","FI_Development","2020-02-16 11-14-06","Apr 2015","Commodity","CO_gasoline",5.41
"1143","FI_Development","2020-02-16 11-14-06","May 2015","Commodity","CO_gasoline",0.380001
"1144","FI_Development","2020-02-16 11-14-06","Jun 2015","Commodity","CO_gasoline",0.579998000000003
"1145","FI_Development","2020-02-16 11-14-06","Jul 2015","Commodity","CO_gasoline",-4.639999
"1146","FI_Development","2020-02-16 11-14-06","Aug 2015","Commodity","CO_gasoline",-2.630001
"1147","FI_Development","2020-02-16 11-14-06","Sep 2015","Commodity","CO_gasoline",-2.289999
"1148","FI_Development","2020-02-16 11-14-06","Oct 2015","Commodity","CO_gasoline",-0.229999999999997
"1149","FI_Development","2020-02-16 11-14-06","Nov 2015","Commodity","CO_gasoline",-1.030001
"1150","FI_Development","2020-02-16 11-14-06","Dec 2015","Commodity","CO_gasoline",-1.129999
"1151","FI_Development","2020-02-16 11-14-06","Jan 2016","Commodity","CO_gasoline",-3.77
"1152","FI_Development","2020-02-16 11-14-06","Feb 2016","Commodity","CO_gasoline",-1.5
"1153","FI_Development","2020-02-16 11-14-06","Mar 2016","Commodity","CO_gasoline",1.569999
"1154","FI_Development","2020-02-16 11-14-06","Apr 2016","Commodity","CO_gasoline",2.480002
"1155","FI_Development","2020-02-16 11-14-06","May 2016","Commodity","CO_gasoline",-0.0600009999999997
"1156","FI_Development","2020-02-16 11-14-06","Jun 2016","Commodity","CO_gasoline",-2
"1157","FI_Development","2020-02-16 11-14-06","Jul 2016","Commodity","CO_gasoline",-3.39
"1158","FI_Development","2020-02-16 11-14-06","Aug 2016","Commodity","CO_gasoline",1.42
"1159","FI_Development","2020-02-16 11-14-06","Sep 2016","Commodity","CO_gasoline",3.59
"1160","FI_Development","2020-02-16 11-14-06","Oct 2016","Commodity","CO_gasoline",-0.559999000000001
"1161","FI_Development","2020-02-16 11-14-06","Nov 2016","Commodity","CO_gasoline",1.029999
"1162","FI_Development","2020-02-16 11-14-06","Dec 2016","Commodity","CO_gasoline",3.25
"1163","FI_Development","2020-02-16 11-14-06","Jan 2017","Commodity","CO_gasoline",-2.690001
"1164","FI_Development","2020-02-16 11-14-06","Feb 2017","Commodity","CO_gasoline",-0.689998000000003
"1165","FI_Development","2020-02-16 11-14-06","Mar 2017","Commodity","CO_gasoline",-0.66
"1166","FI_Development","2020-02-16 11-14-06","Apr 2017","Commodity","CO_gasoline",-2.67
"1167","FI_Development","2020-02-16 11-14-06","May 2017","Commodity","CO_gasoline",0.869999
"1168","FI_Development","2020-02-16 11-14-06","Jun 2017","Commodity","CO_gasoline",-1.23
"1169","FI_Development","2020-02-16 11-14-06","Jul 2017","Commodity","CO_gasoline",3.129999
"1170","FI_Development","2020-02-16 11-14-06","Aug 2017","Commodity","CO_gasoline",3.280001
"1171","FI_Development","2020-02-16 11-14-06","Sep 2017","Commodity","CO_gasoline",-2.51
"1172","FI_Development","2020-02-16 11-14-06","Oct 2017","Commodity","CO_gasoline",2.989999
"1173","FI_Development","2020-02-16 11-14-06","Nov 2017","Commodity","CO_gasoline",0.0900010000000009
"1174","FI_Development","2020-02-16 11-14-06","Dec 2017","Commodity","CO_gasoline",0.620000000000001
"1175","FI_Development","2020-02-16 11-14-06","Jan 2018","Commodity","CO_gasoline",1.769999
"1176","FI_Development","2020-02-16 11-14-06","Feb 2018","Commodity","CO_gasoline",-2.73
"1177","FI_Development","2020-02-16 11-14-06","Mar 2018","Commodity","CO_gasoline",1.41
"1178","FI_Development","2020-02-16 11-14-06","Apr 2018","Commodity","CO_gasoline",1.600003
"1179","FI_Development","2020-02-16 11-14-06","May 2018","Commodity","CO_gasoline",0.629996999999996
"1180","FI_Development","2020-02-16 11-14-06","Jun 2018","Commodity","CO_gasoline",-0.0200009999999935
"1181","FI_Development","2020-02-16 11-14-06","Jul 2018","Commodity","CO_gasoline",-0.549999
"1182","FI_Development","2020-02-16 11-14-06","Aug 2018","Commodity","CO_gasoline",0.299999
"1183","FI_Development","2020-02-16 11-14-06","Sep 2018","Commodity","CO_gasoline",1.880001
"1184","FI_Development","2020-02-16 11-14-06","Oct 2018","Commodity","CO_gasoline",-5.83
"1185","FI_Development","2020-02-16 11-14-06","Nov 2018","Commodity","CO_gasoline",-5.84
"1186","FI_Development","2020-02-16 11-14-06","Dec 2018","Commodity","CO_gasoline",-1.559999
"1187","FI_Development","2020-02-16 11-14-06","Jan 2019","Commodity","CO_gasoline",1.139999
"1188","FI_Development","2020-02-16 11-14-06","Feb 2019","Commodity","CO_gasoline",3.190001
"1189","FI_Development","2020-02-16 11-14-06","Mar 2019","Commodity","CO_gasoline",2.139999
"1190","FI_Development","2020-02-16 11-14-06","Apr 2019","Commodity","CO_gasoline",3.430002
"1191","FI_Development","2020-02-16 11-14-06","Jul 2013","Commodity","CO_gold",8.849998
"1192","FI_Development","2020-02-16 11-14-06","Aug 2013","Commodity","CO_gold",6.65999599999999
"1193","FI_Development","2020-02-16 11-14-06","Sep 2013","Commodity","CO_gold",-6.44000199999999
"1194","FI_Development","2020-02-16 11-14-06","Oct 2013","Commodity","CO_gold",-0.439994999999996
"1195","FI_Development","2020-02-16 11-14-06","Nov 2013","Commodity","CO_gold",-7.040001
"1196","FI_Development","2020-02-16 11-14-06","Dec 2013","Commodity","CO_gold",-4.579994
"1197","FI_Development","2020-02-16 11-14-06","Jan 2014","Commodity","CO_gold",3.969993
"1198","FI_Development","2020-02-16 11-14-06","Feb 2014","Commodity","CO_gold",7.530007
"1199","FI_Development","2020-02-16 11-14-06","Mar 2014","Commodity","CO_gold",-4.010002
"1200","FI_Development","2020-02-16 11-14-06","Apr 2014","Commodity","CO_gold",0.609999999999999
"1201","FI_Development","2020-02-16 11-14-06","May 2014","Commodity","CO_gold",-3.79000099999999
"1202","FI_Development","2020-02-16 11-14-06","Jun 2014","Commodity","CO_gold",7.609993
"1203","FI_Development","2020-02-16 11-14-06","Jul 2014","Commodity","CO_gold",-4.64999400000001
"1204","FI_Development","2020-02-16 11-14-06","Aug 2014","Commodity","CO_gold",0.470001999999994
"1205","FI_Development","2020-02-16 11-14-06","Sep 2014","Commodity","CO_gold",-7.650002
"1206","FI_Development","2020-02-16 11-14-06","Oct 2014","Commodity","CO_gold",-3.549995
"1207","FI_Development","2020-02-16 11-14-06","Nov 2014","Commodity","CO_gold",-0.550003000000004
"1208","FI_Development","2020-02-16 11-14-06","Dec 2014","Commodity","CO_gold",1.470001
"1209","FI_Development","2020-02-16 11-14-06","Jan 2015","Commodity","CO_gold",9.869995
"1210","FI_Development","2020-02-16 11-14-06","Feb 2015","Commodity","CO_gold",-7.289993
"1211","FI_Development","2020-02-16 11-14-06","Mar 2015","Commodity","CO_gold",-2.5
"1212","FI_Development","2020-02-16 11-14-06","Apr 2015","Commodity","CO_gold",-0.190003000000004
"1213","FI_Development","2020-02-16 11-14-06","May 2015","Commodity","CO_gold",0.629997000000003
"1214","FI_Development","2020-02-16 11-14-06","Jun 2015","Commodity","CO_gold",-1.729995
"1215","FI_Development","2020-02-16 11-14-06","Jul 2015","Commodity","CO_gold",-7.44000299999999
"1216","FI_Development","2020-02-16 11-14-06","Aug 2015","Commodity","CO_gold",3.88999999999999
"1217","FI_Development","2020-02-16 11-14-06","Sep 2015","Commodity","CO_gold",-1.959999
"1218","FI_Development","2020-02-16 11-14-06","Oct 2015","Commodity","CO_gold",2.44000200000001
"1219","FI_Development","2020-02-16 11-14-06","Nov 2015","Commodity","CO_gold",-7.380005
"1220","FI_Development","2020-02-16 11-14-06","Dec 2015","Commodity","CO_gold",-0.45999900000001
"1221","FI_Development","2020-02-16 11-14-06","Jan 2016","Commodity","CO_gold",5.489998
"1222","FI_Development","2020-02-16 11-14-06","Feb 2016","Commodity","CO_gold",11.690002
"1223","FI_Development","2020-02-16 11-14-06","Mar 2016","Commodity","CO_gold",-1
"1224","FI_Development","2020-02-16 11-14-06","Apr 2016","Commodity","CO_gold",6.010003
"1225","FI_Development","2020-02-16 11-14-06","May 2016","Commodity","CO_gold",-7.59000400000001
"1226","FI_Development","2020-02-16 11-14-06","Jun 2016","Commodity","CO_gold",10.410003
"1227","FI_Development","2020-02-16 11-14-06","Jul 2016","Commodity","CO_gold",2.509995
"1228","FI_Development","2020-02-16 11-14-06","Aug 2016","Commodity","CO_gold",-4.199997
"1229","FI_Development","2020-02-16 11-14-06","Sep 2016","Commodity","CO_gold",0.859999999999999
"1230","FI_Development","2020-02-16 11-14-06","Oct 2016","Commodity","CO_gold",-3.699997
"1231","FI_Development","2020-02-16 11-14-06","Nov 2016","Commodity","CO_gold",-10.190002
"1232","FI_Development","2020-02-16 11-14-06","Dec 2016","Commodity","CO_gold",-2.139999
"1233","FI_Development","2020-02-16 11-14-06","Jan 2017","Commodity","CO_gold",5.94000200000001
"1234","FI_Development","2020-02-16 11-14-06","Feb 2017","Commodity","CO_gold",3.67999999999999
"1235","FI_Development","2020-02-16 11-14-06","Mar 2017","Commodity","CO_gold",-0.510002
"1236","FI_Development","2020-02-16 11-14-06","Apr 2017","Commodity","CO_gold",2.04999600000001
"1237","FI_Development","2020-02-16 11-14-06","May 2017","Commodity","CO_gold",-0.149994000000007
"1238","FI_Development","2020-02-16 11-14-06","Jun 2017","Commodity","CO_gold",-2.60000599999999
"1239","FI_Development","2020-02-16 11-14-06","Jul 2017","Commodity","CO_gold",2.730003
"1240","FI_Development","2020-02-16 11-14-06","Aug 2017","Commodity","CO_gold",5.06999999999999
"1241","FI_Development","2020-02-16 11-14-06","Sep 2017","Commodity","CO_gold",-4.239998
"1242","FI_Development","2020-02-16 11-14-06","Oct 2017","Commodity","CO_gold",-0.910003999999986
"1243","FI_Development","2020-02-16 11-14-06","Nov 2017","Commodity","CO_gold",0.429999999999993
"1244","FI_Development","2020-02-16 11-14-06","Dec 2017","Commodity","CO_gold",2.550004
"1245","FI_Development","2020-02-16 11-14-06","Jan 2018","Commodity","CO_gold",4
"1246","FI_Development","2020-02-16 11-14-06","Feb 2018","Commodity","CO_gold",-2.650002
"1247","FI_Development","2020-02-16 11-14-06","Mar 2018","Commodity","CO_gold",0.790001000000004
"1248","FI_Development","2020-02-16 11-14-06","Apr 2018","Commodity","CO_gold",-1.200005
"1249","FI_Development","2020-02-16 11-14-06","May 2018","Commodity","CO_gold",-1.489998
"1250","FI_Development","2020-02-16 11-14-06","Jun 2018","Commodity","CO_gold",-4.449996
"1251","FI_Development","2020-02-16 11-14-06","Jul 2018","Commodity","CO_gold",-2.660004
"1252","FI_Development","2020-02-16 11-14-06","Aug 2018","Commodity","CO_gold",-2.479996
"1253","FI_Development","2020-02-16 11-14-06","Sep 2018","Commodity","CO_gold",-0.75
"1254","FI_Development","2020-02-16 11-14-06","Oct 2018","Commodity","CO_gold",2.39
"1255","FI_Development","2020-02-16 11-14-06","Nov 2018","Commodity","CO_gold",0.389999000000003
"1256","FI_Development","2020-02-16 11-14-06","Dec 2018","Commodity","CO_gold",5.709999
"1257","FI_Development","2020-02-16 11-14-06","Jan 2019","Commodity","CO_gold",3.5
"1258","FI_Development","2020-02-16 11-14-06","Feb 2019","Commodity","CO_gold",-0.760002
"1259","FI_Development","2020-02-16 11-14-06","Mar 2019","Commodity","CO_gold",-1.979996
"1260","FI_Development","2020-02-16 11-14-06","Apr 2019","Commodity","CO_gold",-0.810005000000004
"1261","FI_Development","2020-02-16 11-14-06","Jul 2013","Commodity","CO_silver",0.169999999999998
"1262","FI_Development","2020-02-16 11-14-06","Aug 2013","Commodity","CO_silver",3.460001
"1263","FI_Development","2020-02-16 11-14-06","Sep 2013","Commodity","CO_silver",-1.7
"1264","FI_Development","2020-02-16 11-14-06","Oct 2013","Commodity","CO_silver",0.200000000000003
"1265","FI_Development","2020-02-16 11-14-06","Nov 2013","Commodity","CO_silver",-1.86
"1266","FI_Development","2020-02-16 11-14-06","Dec 2013","Commodity","CO_silver",-0.530000999999999
"1267","FI_Development","2020-02-16 11-14-06","Jan 2014","Commodity","CO_silver",-0.259998
"1268","FI_Development","2020-02-16 11-14-06","Feb 2014","Commodity","CO_silver",1.899999
"1269","FI_Development","2020-02-16 11-14-06","Mar 2014","Commodity","CO_silver",-1.309999
"1270","FI_Development","2020-02-16 11-14-06","Apr 2014","Commodity","CO_silver",-0.580002
"1271","FI_Development","2020-02-16 11-14-06","May 2014","Commodity","CO_silver",-0.379999000000002
"1272","FI_Development","2020-02-16 11-14-06","Jun 2014","Commodity","CO_silver",2.17
"1273","FI_Development","2020-02-16 11-14-06","Jul 2014","Commodity","CO_silver",-0.670000000000002
"1274","FI_Development","2020-02-16 11-14-06","Aug 2014","Commodity","CO_silver",-0.870000999999998
"1275","FI_Development","2020-02-16 11-14-06","Sep 2014","Commodity","CO_silver",-2.359999
"1276","FI_Development","2020-02-16 11-14-06","Oct 2014","Commodity","CO_silver",-0.850000000000001
"1277","FI_Development","2020-02-16 11-14-06","Nov 2014","Commodity","CO_silver",-0.67
"1278","FI_Development","2020-02-16 11-14-06","Dec 2014","Commodity","CO_silver",0.23
"1279","FI_Development","2020-02-16 11-14-06","Jan 2015","Commodity","CO_silver",1.480001
"1280","FI_Development","2020-02-16 11-14-06","Feb 2015","Commodity","CO_silver",-0.670001000000001
"1281","FI_Development","2020-02-16 11-14-06","Mar 2015","Commodity","CO_silver",0.0600000000000005
"1282","FI_Development","2020-02-16 11-14-06","Apr 2015","Commodity","CO_silver",-0.5
"1283","FI_Development","2020-02-16 11-14-06","May 2015","Commodity","CO_silver",0.56
"1284","FI_Development","2020-02-16 11-14-06","Jun 2015","Commodity","CO_silver",-0.960000000000001
"1285","FI_Development","2020-02-16 11-14-06","Jul 2015","Commodity","CO_silver",-0.949999999999999
"1286","FI_Development","2020-02-16 11-14-06","Aug 2015","Commodity","CO_silver",-0.0899999999999999
"1287","FI_Development","2020-02-16 11-14-06","Sep 2015","Commodity","CO_silver",-0.120000000000001
"1288","FI_Development","2020-02-16 11-14-06","Oct 2015","Commodity","CO_silver",0.930000000000001
"1289","FI_Development","2020-02-16 11-14-06","Nov 2015","Commodity","CO_silver",-1.36
"1290","FI_Development","2020-02-16 11-14-06","Dec 2015","Commodity","CO_silver",-0.25
"1291","FI_Development","2020-02-16 11-14-06","Jan 2016","Commodity","CO_silver",0.4
"1292","FI_Development","2020-02-16 11-14-06","Feb 2016","Commodity","CO_silver",0.609999999999999
"1293","FI_Development","2020-02-16 11-14-06","Mar 2016","Commodity","CO_silver",0.48
"1294","FI_Development","2020-02-16 11-14-06","Apr 2016","Commodity","CO_silver",2.3
"1295","FI_Development","2020-02-16 11-14-06","May 2016","Commodity","CO_silver",-1.79
"1296","FI_Development","2020-02-16 11-14-06","Jun 2016","Commodity","CO_silver",2.670001
"1297","FI_Development","2020-02-16 11-14-06","Jul 2016","Commodity","CO_silver",1.489999
"1298","FI_Development","2020-02-16 11-14-06","Aug 2016","Commodity","CO_silver",-1.630001
"1299","FI_Development","2020-02-16 11-14-06","Sep 2016","Commodity","CO_silver",0.480001999999999
"1300","FI_Development","2020-02-16 11-14-06","Oct 2016","Commodity","CO_silver",-1.230002
"1301","FI_Development","2020-02-16 11-14-06","Nov 2016","Commodity","CO_silver",-1.309999
"1302","FI_Development","2020-02-16 11-14-06","Dec 2016","Commodity","CO_silver",-0.550000000000001
"1303","FI_Development","2020-02-16 11-14-06","Jan 2017","Commodity","CO_silver",1.519999
"1304","FI_Development","2020-02-16 11-14-06","Feb 2017","Commodity","CO_silver",0.740001999999997
"1305","FI_Development","2020-02-16 11-14-06","Mar 2017","Commodity","CO_silver",-0.120000999999998
"1306","FI_Development","2020-02-16 11-14-06","Apr 2017","Commodity","CO_silver",-0.950001
"1307","FI_Development","2020-02-16 11-14-06","May 2017","Commodity","CO_silver",0.0899999999999999
"1308","FI_Development","2020-02-16 11-14-06","Jun 2017","Commodity","CO_silver",-0.679998999999999
"1309","FI_Development","2020-02-16 11-14-06","Jul 2017","Commodity","CO_silver",0.19
"1310","FI_Development","2020-02-16 11-14-06","Aug 2017","Commodity","CO_silver",0.749999999999998
"1311","FI_Development","2020-02-16 11-14-06","Sep 2017","Commodity","CO_silver",-0.909999999999998
"1312","FI_Development","2020-02-16 11-14-06","Oct 2017","Commodity","CO_silver",0.0499999999999989
"1313","FI_Development","2020-02-16 11-14-06","Nov 2017","Commodity","CO_silver",-0.279999999999999
"1314","FI_Development","2020-02-16 11-14-06","Dec 2017","Commodity","CO_silver",0.48
"1315","FI_Development","2020-02-16 11-14-06","Jan 2018","Commodity","CO_silver",0.360000000000001
"1316","FI_Development","2020-02-16 11-14-06","Feb 2018","Commodity","CO_silver",-0.890000000000001
"1317","FI_Development","2020-02-16 11-14-06","Mar 2018","Commodity","CO_silver",-0.0500000000000007
"1318","FI_Development","2020-02-16 11-14-06","Apr 2018","Commodity","CO_silver",-0.0299999999999994
"1319","FI_Development","2020-02-16 11-14-06","May 2018","Commodity","CO_silver",0.0800000000000001
"1320","FI_Development","2020-02-16 11-14-06","Jun 2018","Commodity","CO_silver",-0.31
"1321","FI_Development","2020-02-16 11-14-06","Jul 2018","Commodity","CO_silver",-0.540000000000001
"1322","FI_Development","2020-02-16 11-14-06","Aug 2018","Commodity","CO_silver",-0.959999999999999
"1323","FI_Development","2020-02-16 11-14-06","Sep 2018","Commodity","CO_silver",0.0800000000000001
"1324","FI_Development","2020-02-16 11-14-06","Oct 2018","Commodity","CO_silver",-0.32
"1325","FI_Development","2020-02-16 11-14-06","Nov 2018","Commodity","CO_silver",-0.0899999999999999
"1326","FI_Development","2020-02-16 11-14-06","Dec 2018","Commodity","CO_silver",1.2
"1327","FI_Development","2020-02-16 11-14-06","Jan 2019","Commodity","CO_silver",0.530000000000001
"1328","FI_Development","2020-02-16 11-14-06","Feb 2019","Commodity","CO_silver",-0.42
"1329","FI_Development","2020-02-16 11-14-06","Mar 2019","Commodity","CO_silver",-0.450000000000001
"1330","FI_Development","2020-02-16 11-14-06","Apr 2019","Commodity","CO_silver",-0.16
"1331","FI_Development","2020-02-16 11-14-06","Jul 2013","Commodity","CO_grains",-2.169998
"1332","FI_Development","2020-02-16 11-14-06","Aug 2013","Commodity","CO_grains",1.650002
"1333","FI_Development","2020-02-16 11-14-06","Sep 2013","Commodity","CO_grains",-2.350003
"1334","FI_Development","2020-02-16 11-14-06","Oct 2013","Commodity","CO_grains",-0.719996999999999
"1335","FI_Development","2020-02-16 11-14-06","Nov 2013","Commodity","CO_grains",0.0700000000000003
"1336","FI_Development","2020-02-16 11-14-06","Dec 2013","Commodity","CO_grains",-2.020001
"1337","FI_Development","2020-02-16 11-14-06","Jan 2014","Commodity","CO_grains",-0.389999000000003
"1338","FI_Development","2020-02-16 11-14-06","Feb 2014","Commodity","CO_grains",4.01999600000001
"1339","FI_Development","2020-02-16 11-14-06","Mar 2014","Commodity","CO_grains",3.680001
"1340","FI_Development","2020-02-16 11-14-06","Apr 2014","Commodity","CO_grains",1.84
"1341","FI_Development","2020-02-16 11-14-06","May 2014","Commodity","CO_grains",-4.5
"1342","FI_Development","2020-02-16 11-14-06","Jun 2014","Commodity","CO_grains",-4.48
"1343","FI_Development","2020-02-16 11-14-06","Jul 2014","Commodity","CO_grains",-4.719997
"1344","FI_Development","2020-02-16 11-14-06","Aug 2014","Commodity","CO_grains",-0.570003999999997
"1345","FI_Development","2020-02-16 11-14-06","Sep 2014","Commodity","CO_grains",-5.14999700000001
"1346","FI_Development","2020-02-16 11-14-06","Oct 2014","Commodity","CO_grains",5.040001
"1347","FI_Development","2020-02-16 11-14-06","Nov 2014","Commodity","CO_grains",0.339999999999996
"1348","FI_Development","2020-02-16 11-14-06","Dec 2014","Commodity","CO_grains",0.349998000000006
"1349","FI_Development","2020-02-16 11-14-06","Jan 2015","Commodity","CO_grains",-3.52
"1350","FI_Development","2020-02-16 11-14-06","Feb 2015","Commodity","CO_grains",1.43
"1351","FI_Development","2020-02-16 11-14-06","Mar 2015","Commodity","CO_grains",-1.220001
"1352","FI_Development","2020-02-16 11-14-06","Apr 2015","Commodity","CO_grains",-1.610001
"1353","FI_Development","2020-02-16 11-14-06","May 2015","Commodity","CO_grains",-1.129997
"1354","FI_Development","2020-02-16 11-14-06","Jun 2015","Commodity","CO_grains",6.450001
"1355","FI_Development","2020-02-16 11-14-06","Jul 2015","Commodity","CO_grains",-5.440003
"1356","FI_Development","2020-02-16 11-14-06","Aug 2015","Commodity","CO_grains",-1.299999
"1357","FI_Development","2020-02-16 11-14-06","Sep 2015","Commodity","CO_grains",1
"1358","FI_Development","2020-02-16 11-14-06","Oct 2015","Commodity","CO_grains",-0.32
"1359","FI_Development","2020-02-16 11-14-06","Nov 2015","Commodity","CO_grains",-1.649999
"1360","FI_Development","2020-02-16 11-14-06","Dec 2015","Commodity","CO_grains",-0.930000999999997
"1361","FI_Development","2020-02-16 11-14-06","Jan 2016","Commodity","CO_grains",0.879999999999999
"1362","FI_Development","2020-02-16 11-14-06","Feb 2016","Commodity","CO_grains",-1.55
"1363","FI_Development","2020-02-16 11-14-06","Mar 2016","Commodity","CO_grains",0.670000000000002
"1364","FI_Development","2020-02-16 11-14-06","Apr 2016","Commodity","CO_grains",2.940001
"1365","FI_Development","2020-02-16 11-14-06","May 2016","Commodity","CO_grains",0.599998000000006
"1366","FI_Development","2020-02-16 11-14-06","Jun 2016","Commodity","CO_grains",-1.09
"1367","FI_Development","2020-02-16 11-14-06","Jul 2016","Commodity","CO_grains",-3.649999
"1368","FI_Development","2020-02-16 11-14-06","Aug 2016","Commodity","CO_grains",-2.48
"1369","FI_Development","2020-02-16 11-14-06","Sep 2016","Commodity","CO_grains",1.139999
"1370","FI_Development","2020-02-16 11-14-06","Oct 2016","Commodity","CO_grains",1.450001
"1371","FI_Development","2020-02-16 11-14-06","Nov 2016","Commodity","CO_grains",-0.889999000000003
"1372","FI_Development","2020-02-16 11-14-06","Dec 2016","Commodity","CO_grains",-0.230001999999999
"1373","FI_Development","2020-02-16 11-14-06","Jan 2017","Commodity","CO_grains",0.75
"1374","FI_Development","2020-02-16 11-14-06","Feb 2017","Commodity","CO_grains",0.470002000000001
"1375","FI_Development","2020-02-16 11-14-06","Mar 2017","Commodity","CO_grains",-1.720002
"1376","FI_Development","2020-02-16 11-14-06","Apr 2017","Commodity","CO_grains",-0.259999999999998
"1377","FI_Development","2020-02-16 11-14-06","May 2017","Commodity","CO_grains",-0.259998000000003
"1378","FI_Development","2020-02-16 11-14-06","Jun 2017","Commodity","CO_grains",1.859999
"1379","FI_Development","2020-02-16 11-14-06","Jul 2017","Commodity","CO_grains",-0.719999999999999
"1380","FI_Development","2020-02-16 11-14-06","Aug 2017","Commodity","CO_grains",-2.74
"1381","FI_Development","2020-02-16 11-14-06","Sep 2017","Commodity","CO_grains",0.379999999999999
"1382","FI_Development","2020-02-16 11-14-06","Oct 2017","Commodity","CO_grains",-0.760000999999999
"1383","FI_Development","2020-02-16 11-14-06","Nov 2017","Commodity","CO_grains",-0.149999000000001
"1384","FI_Development","2020-02-16 11-14-06","Dec 2017","Commodity","CO_grains",-0.629998999999998
"1385","FI_Development","2020-02-16 11-14-06","Jan 2018","Commodity","CO_grains",27.869999
"1386","FI_Development","2020-02-16 11-14-06","Feb 2018","Commodity","CO_grains",2.367
"1387","FI_Development","2020-02-16 11-14-06","Mar 2018","Commodity","CO_grains",-1.146999
"1388","FI_Development","2020-02-16 11-14-06","Apr 2018","Commodity","CO_grains",1.59
"1389","FI_Development","2020-02-16 11-14-06","May 2018","Commodity","CO_grains",-0.490001999999997
"1390","FI_Development","2020-02-16 11-14-06","Jun 2018","Commodity","CO_grains",-6.43
"1391","FI_Development","2020-02-16 11-14-06","Jul 2018","Commodity","CO_grains",3.02
"1392","FI_Development","2020-02-16 11-14-06","Aug 2018","Commodity","CO_grains",-2.989997
"1393","FI_Development","2020-02-16 11-14-06","Sep 2018","Commodity","CO_grains",-0.930000999999997
"1394","FI_Development","2020-02-16 11-14-06","Oct 2018","Commodity","CO_grains",-0.600002000000003
"1395","FI_Development","2020-02-16 11-14-06","Nov 2018","Commodity","CO_grains",0.909999999999997
"1396","FI_Development","2020-02-16 11-14-06","Dec 2018","Commodity","CO_grains",-0.633998999999996
"1397","FI_Development","2020-02-16 11-14-06","Jan 2019","Commodity","CO_grains",0.866000999999997
"1398","FI_Development","2020-02-16 11-14-06","Feb 2019","Commodity","CO_grains",-2.37200199999999
"1399","FI_Development","2020-02-16 11-14-06","Mar 2019","Commodity","CO_grains",-1.119999
"1400","FI_Development","2020-02-16 11-14-06","Apr 2019","Commodity","CO_grains",-1.77999800000001
